/*******************************************************************************
 * Size: 46 px
 * Bpp: 4
 * Opts: --font firmware/tools/font_sources/archivo-800.ttf --size 46 --bpp 4 --format lvgl -r 0x20-0x7E --lv-font-name ui_font_archivo_800_46 -o firmware/src/ui/fonts/ui_font_archivo_800_46.c
 ******************************************************************************/

#ifdef LV_LVGL_H_INCLUDE_SIMPLE
#include "lvgl.h"
#else
#include "lvgl/lvgl.h"
#endif

#ifndef UI_FONT_ARCHIVO_800_46
#define UI_FONT_ARCHIVO_800_46 1
#endif

#if UI_FONT_ARCHIVO_800_46

/*-----------------
 *    BITMAPS
 *----------------*/

/*Store the image of the glyphs*/
static LV_ATTRIBUTE_LARGE_CONST const uint8_t glyph_bitmap[] = {
    /* U+0020 " " */

    /* U+0021 "!" */
    0x8f, 0xff, 0x80, 0x38, 0x44, 0x1, 0xc6, 0x60,
    0xe, 0x11, 0x0, 0x73, 0x38, 0x7, 0x19, 0x0,
    0x70, 0x88, 0x3, 0xbc, 0x3, 0xc2, 0x2, 0x1,
    0x8c, 0xc, 0x3, 0x8, 0x8, 0x6, 0x70, 0x70,
    0xc, 0x20, 0x20, 0x18, 0xc0, 0xc0, 0x30, 0x80,
    0x80, 0x7b, 0xc0, 0x21, 0x0, 0x8, 0x4, 0x60,
    0x3, 0x0, 0x84, 0x0, 0x20, 0x13, 0x80, 0x1c,
    0x2, 0x10, 0x0, 0x80, 0x46, 0x0, 0x30, 0x8,
    0x40, 0x3, 0xdd, 0x40, 0x4, 0x23, 0x0, 0x7f,
    0x17, 0xff, 0x50, 0x80, 0x7f, 0xf5, 0x80,

    /* U+0022 "\"" */
    0x2f, 0xfe, 0xb0, 0xb, 0xff, 0xb4, 0x3, 0xff,
    0xfe, 0x1, 0xff, 0xc9, 0x30, 0xe, 0x20, 0xf,
    0xcc, 0x20, 0x1d, 0xc0, 0x11, 0x0, 0x63, 0x2,
    0x0, 0xc6, 0x1, 0x30, 0x6, 0xe0, 0x60, 0xc,
    0xa0, 0x11, 0x0, 0x65, 0x2, 0x0, 0x84, 0x40,
    0x17, 0x0, 0x63, 0xe, 0x0, 0x94, 0x3, 0x10,
    0x4, 0x40,

    /* U+0023 "#" */
    0x0, 0xfc, 0xb1, 0x13, 0x80, 0x72, 0x44, 0x60,
    0xf, 0xf4, 0x3b, 0xd6, 0x1, 0xde, 0xef, 0x30,
    0x7, 0xf8, 0x80, 0x24, 0x0, 0xe5, 0x0, 0x94,
    0x3, 0xf9, 0x0, 0x36, 0x80, 0x62, 0x10, 0x8,
    0xc0, 0x3f, 0x8c, 0x3, 0x20, 0x6, 0x70, 0xd,
    0x80, 0x1f, 0xd8, 0x1, 0x8, 0x80, 0x36, 0x0,
    0x65, 0x0, 0xfe, 0x50, 0x9, 0x0, 0x39, 0x40,
    0x22, 0x10, 0xf, 0xc4, 0x20, 0x16, 0x80, 0x71,
    0x80, 0x4e, 0x1, 0xfc, 0x80, 0x18, 0xc0, 0x31,
    0x80, 0x6c, 0x0, 0xe6, 0x88, 0xa8, 0x3, 0x6c,
    0x47, 0x0, 0x6c, 0x88, 0x30, 0x2, 0x9d, 0xe3,
    0x0, 0xcc, 0xef, 0x90, 0x3, 0x2b, 0xbb, 0x40,
    0x3f, 0xff, 0xe0, 0xc, 0xff, 0x28, 0x6, 0xff,
    0xe8, 0x0, 0xd9, 0xff, 0x58, 0x7, 0x38, 0x4,
    0x60, 0x1d, 0xa0, 0x18, 0xc0, 0x3f, 0x88, 0x2,
    0x50, 0xe, 0x70, 0x8, 0xc0, 0x3f, 0x8c, 0x3,
    0x78, 0x7, 0x10, 0x4, 0xa0, 0x1f, 0xca, 0x1,
    0x94, 0x3, 0x20, 0x6, 0xf0, 0xf, 0xef, 0x0,
    0xc6, 0x1, 0x8c, 0x3, 0x28, 0x7, 0x3c, 0x44,
    0xe0, 0x10, 0xc4, 0x75, 0x0, 0x6a, 0x88, 0x28,
    0x2, 0x5d, 0xe1, 0x0, 0x85, 0xdf, 0x88, 0x3,
    0x33, 0xbb, 0x0, 0x3f, 0xff, 0xe0, 0xe, 0xff,
    0x10, 0x4, 0x7f, 0xfc, 0xa0, 0x1b, 0xff, 0x48,
    0x6, 0x12, 0x0, 0x94, 0x3, 0x9c, 0x2, 0x30,
    0xf, 0xe5, 0x0, 0xd8, 0x1, 0x84, 0x80, 0x25,
    0x0, 0xfe, 0x30, 0xc, 0xe0, 0x19, 0x40, 0x36,
    0x0, 0x7f, 0x68, 0x6, 0x20, 0xc, 0x60, 0x19,
    0xc0, 0x3f, 0x9c, 0x2, 0x30, 0xe, 0xc0, 0xc,
    0x40, 0x1f, 0x84, 0x80, 0x25, 0x0, 0xe5, 0x0,
    0x8c, 0x3, 0xf9, 0x40, 0x36, 0x0, 0x61, 0x10,
    0x4, 0x80, 0x1f, 0xce, 0xfc, 0x80, 0x1c, 0xef,
    0xac, 0x3, 0xf0,

    /* U+0024 "$" */
    0x0, 0xff, 0x4f, 0xe0, 0x7, 0xff, 0xfc, 0x3,
    0xff, 0xaa, 0x4f, 0x7a, 0xc0, 0x7d, 0x70, 0x60,
    0x1f, 0xe3, 0xcd, 0x84, 0x20, 0x8, 0x51, 0xf3,
    0x50, 0x3, 0xe7, 0xc3, 0x0, 0xff, 0x8a, 0xe0,
    0x3, 0x9a, 0x0, 0x3f, 0xf8, 0x6e, 0xc0, 0x1a,
    0x40, 0x38, 0x58, 0x2, 0x40, 0xf, 0x40, 0x4,
    0xa0, 0x1c, 0x9d, 0x2c, 0x7, 0x7a, 0x40, 0x18,
    0x50, 0x1, 0xa0, 0x1d, 0x40, 0x1e, 0x29, 0x0,
    0xe2, 0x0, 0x8, 0x7, 0x28, 0x7, 0xc8, 0xab,
    0xc4, 0x0, 0xe0, 0xe, 0xa6, 0x0, 0xfa, 0xab,
    0x90, 0x0, 0x80, 0x1c, 0x33, 0xec, 0x2, 0x1,
    0xff, 0x1a, 0x0, 0x7f, 0x16, 0x39, 0x80, 0x7f,
    0x51, 0x0, 0x7f, 0x1c, 0x67, 0x40, 0x80, 0x78,
    0x75, 0x80, 0x3f, 0xe1, 0x7e, 0x80, 0xf, 0xa7,
    0x5c, 0x40, 0x3f, 0xe7, 0xa0, 0xf, 0x8a, 0x3b,
    0x60, 0x3, 0xfc, 0xac, 0x1, 0xfc, 0x4e, 0xc0,
    0x5, 0x0, 0xfa, 0xc0, 0x3f, 0xf8, 0x27, 0x5c,
    0xc0, 0x1c, 0x40, 0x39, 0x9c, 0xa0, 0x1f, 0xc,
    0x98, 0x7, 0x8, 0x19, 0xf6, 0x0, 0x7f, 0x28,
    0x7, 0x8, 0x80, 0x39, 0x8c, 0x3, 0xe1, 0x70,
    0xc, 0x20, 0x5, 0x0, 0xec, 0x83, 0x30, 0x9,
    0xbf, 0x88, 0x6, 0x40, 0x4, 0x0, 0x79, 0xf1,
    0x40, 0xb2, 0x4, 0x3, 0xa4, 0x0, 0x54, 0x1,
    0xff, 0xc5, 0x83, 0x0, 0x96, 0xc8, 0x3, 0xff,
    0x85, 0x4e, 0x1, 0xc9, 0xb2, 0x60, 0x1f, 0xc7,
    0x1c, 0xa0, 0x1f, 0x9b, 0x3f, 0x28, 0x2, 0xac,
    0xec, 0x71, 0x0, 0xff, 0xe0, 0x1a, 0xb0, 0x1a,
    0x98, 0x80, 0x7f, 0xff, 0xc0, 0x3f, 0xf9, 0x80,

    /* U+0025 "%" */
    0x0, 0xe4, 0x67, 0x65, 0x10, 0xf, 0xfe, 0x80,
    0xd7, 0xdc, 0xc4, 0xd7, 0x59, 0x0, 0x7f, 0xf0,
    0xaf, 0xfe, 0xb0, 0xf, 0x17, 0xa8, 0x7, 0xc9,
    0xa6, 0x1, 0xff, 0xc0, 0x74, 0x0, 0xd, 0x0,
    0x7b, 0x84, 0x3, 0xfd, 0xa0, 0x1f, 0xf1, 0xc0,
    0x5, 0x42, 0x1, 0xc8, 0x60, 0x12, 0x77, 0xf3,
    0x0, 0x42, 0xc0, 0x1f, 0xee, 0x0, 0x99, 0x0,
    0x3d, 0x80, 0x1a, 0x84, 0x6, 0x48, 0x2, 0xc0,
    0xf, 0xe9, 0x20, 0x1, 0x48, 0x7, 0xc6, 0x1,
    0x18, 0x80, 0x65, 0x0, 0x9c, 0x3, 0xf2, 0xb0,
    0x5, 0xe0, 0x1f, 0x98, 0x2, 0x50, 0xe, 0xe0,
    0x8, 0x80, 0x3e, 0x1b, 0x0, 0xa4, 0x80, 0x3f,
    0x18, 0x4, 0x20, 0x1c, 0x60, 0x1f, 0xf6, 0x88,
    0x1, 0x58, 0x3, 0xff, 0xa4, 0xe6, 0x0, 0x1b,
    0x0, 0xff, 0x18, 0x4, 0x20, 0x1c, 0x60, 0x1f,
    0xc7, 0x0, 0x16, 0x88, 0x7, 0xf9, 0x80, 0x25,
    0x0, 0xef, 0x0, 0x88, 0x3, 0xb8, 0x2, 0x83,
    0x0, 0xff, 0x8c, 0x2, 0x31, 0x0, 0xc8, 0x1,
    0x38, 0x6, 0xa2, 0x0, 0x1b, 0x80, 0x7f, 0xf0,
    0x2c, 0x3, 0x51, 0x0, 0xc9, 0x0, 0x5e, 0x1,
    0x32, 0x80, 0x7, 0x40, 0x3f, 0xf8, 0x26, 0x60,
    0x9, 0x37, 0xf9, 0x80, 0x22, 0x50, 0x1, 0x48,
    0x5, 0x62, 0x1, 0xff, 0xc2, 0xd1, 0x0, 0xff,
    0x70, 0x5, 0xc0, 0x13, 0x28, 0x7, 0xff, 0xc,
    0x7d, 0x84, 0x3, 0xc9, 0xa6, 0x0, 0x83, 0x0,
    0x14, 0x80, 0x62, 0x46, 0x62, 0x8, 0x7, 0xc3,
    0x3d, 0x95, 0x35, 0x7f, 0x64, 0x0, 0x47, 0x0,
    0xbc, 0x2, 0x6d, 0xd5, 0xcc, 0xaf, 0xb1, 0x40,
    0x3f, 0x1a, 0xb2, 0xa0, 0x6, 0x1a, 0x0, 0xa4,
    0x80, 0x13, 0x22, 0x0, 0xf1, 0xd4, 0x0, 0x7f,
    0xf1, 0x28, 0x40, 0x8, 0xc0, 0x5, 0x60, 0xf,
    0xf3, 0xa0, 0x7, 0xff, 0x9, 0x90, 0x0, 0x34,
    0x1, 0x40, 0x6, 0xaf, 0xe9, 0x0, 0xde, 0x1,
    0xff, 0xc1, 0x29, 0x0, 0xa8, 0x40, 0x4, 0x40,
    0xa, 0x14, 0x5, 0x9c, 0x2, 0x40, 0xf, 0xfe,
    0xf, 0x80, 0x4e, 0x80, 0x13, 0x80, 0x65, 0x0,
    0xd6, 0x1, 0x8c, 0x3, 0xfe, 0x92, 0x0, 0x1c,
    0x0, 0x62, 0x0, 0xc4, 0x1, 0x8c, 0x3, 0x30,
    0x7, 0xf9, 0x18, 0x2, 0xe0, 0xf, 0xe1, 0x0,
    0xff, 0xe4, 0xd, 0x0, 0x54, 0x40, 0x1d, 0xe0,
    0x1f, 0xfc, 0xca, 0x10, 0x2, 0xa8, 0x3, 0xde,
    0x1, 0x8, 0x7, 0x8, 0x7, 0xff, 0x5, 0xd0,
    0x0, 0x54, 0x1, 0xf1, 0x0, 0x62, 0x0, 0xc4,
    0x1, 0x98, 0x3, 0xe3, 0x80, 0xb, 0x80, 0x3f,
    0x38, 0x6, 0x40, 0xd, 0x60, 0x18, 0xc0, 0x3e,
    0xe0, 0xa, 0xc, 0x3, 0xf1, 0x10, 0x2, 0x84,
    0x0, 0x23, 0x80, 0x46, 0x1, 0xf5, 0x10, 0x1,
    0x1c, 0x3, 0xfd, 0x60, 0x10, 0xdf, 0xfa, 0xc0,
    0x34, 0x80, 0x79, 0x54, 0x0, 0x1a, 0x0, 0xff,
    0x99, 0x40, 0x3f, 0xcc, 0xa0, 0x1c, 0x54, 0x1,
    0x50, 0x80, 0x7f, 0xf0, 0x2a, 0x4, 0x3, 0xc3,
    0x12, 0x1, 0xe2, 0xff, 0xc8, 0x1, 0xff, 0xc2,
    0x7e, 0xca, 0x88, 0x56, 0x73, 0x80, 0x40,

    /* U+0026 "&" */
    0x0, 0xfe, 0x14, 0x56, 0x77, 0x32, 0x8, 0x7,
    0xff, 0x19, 0x27, 0x7a, 0xea, 0x62, 0x13, 0x7d,
    0xae, 0x20, 0x1f, 0xfc, 0x13, 0xcb, 0x62, 0x0,
    0xfe, 0x28, 0xe8, 0x0, 0xff, 0x9b, 0xc, 0x3,
    0xff, 0x86, 0xf8, 0x20, 0x1f, 0x96, 0x40, 0x3f,
    0xf8, 0xc7, 0xa0, 0x1f, 0xac, 0x3, 0xc4, 0xf7,
    0x9b, 0x94, 0xe2, 0x1, 0xc6, 0xe0, 0x1e, 0x61,
    0x0, 0xe8, 0xd8, 0x43, 0x23, 0x58, 0xe6, 0x0,
    0xe9, 0x0, 0xf6, 0x0, 0x73, 0x38, 0x7, 0xf4,
    0x98, 0x6, 0x13, 0x0, 0xe6, 0x0, 0xeb, 0x0,
    0xff, 0xa4, 0x3, 0x98, 0x3, 0xfe, 0x20, 0xf,
    0xf9, 0x80, 0x38, 0xc0, 0x39, 0xc0, 0x3f, 0xf8,
    0xa5, 0x55, 0xc8, 0x1, 0xc6, 0x1, 0xc8, 0x1,
    0xff, 0xa, 0xaf, 0x10, 0x7, 0x50, 0x7, 0x40,
    0x7, 0xff, 0x2c, 0xa4, 0x3, 0x1e, 0xa0, 0x7,
    0xff, 0x29, 0xa8, 0x3, 0x15, 0xf5, 0xd5, 0x48,
    0x1, 0x15, 0x57, 0xf3, 0x0, 0x4b, 0xa8, 0x1,
    0x85, 0x15, 0x63, 0x0, 0x85, 0x57, 0xfb, 0x0,
    0x31, 0x52, 0x0, 0x7f, 0xf3, 0x86, 0x79, 0x0,
    0x3f, 0xf9, 0xa7, 0xec, 0x1, 0xff, 0xce, 0x2d,
    0x10, 0xc, 0x73, 0xbd, 0xff, 0x38, 0x7, 0xf4,
    0xff, 0xd4, 0x12, 0x20, 0x1a, 0x31, 0x88, 0x40,
    0x3f, 0xf8, 0xc4, 0x80, 0x18, 0xdc, 0x3, 0xff,
    0x94, 0x80, 0x1d, 0x40, 0x1f, 0xfc, 0xbe, 0x0,
    0xe2, 0x0, 0xff, 0xe8, 0x88, 0x7, 0xff, 0x1,
    0xc0, 0x38, 0xc0, 0x37, 0x80, 0x76, 0x80, 0x7f,
    0xf0, 0x30, 0x3, 0x98, 0x3, 0x18, 0x7, 0x30,
    0x80, 0x7f, 0x85, 0x80, 0x38, 0xc0, 0x32, 0x8,
    0x6, 0x1c, 0x20, 0xf, 0xc5, 0xa2, 0x1, 0x94,
    0x3, 0xd2, 0x1, 0xc5, 0xb6, 0xc8, 0x64, 0x8d,
    0x5a, 0x60, 0x1d, 0x0, 0x1e, 0x74, 0x0, 0xf2,
    0x4d, 0xe6, 0xdc, 0xa8, 0x7, 0xa0, 0x80, 0x3e,
    0xb5, 0x0, 0xff, 0xe3, 0x3b, 0x80, 0x3f, 0xaa,
    0x44, 0x3, 0xff, 0x84, 0x35, 0x0, 0x1f, 0xf3,
    0x74, 0xa0, 0x7, 0xf8, 0xe7, 0x94, 0x3, 0xff,
    0x84, 0xd7, 0xf9, 0x51, 0x1a, 0xb3, 0xf1, 0x80,
    0x3f, 0xc0,

    /* U+0027 "'" */
    0x2f, 0xfe, 0xb0, 0xf, 0xfe, 0xf1, 0x80, 0x71,
    0x8, 0x7, 0x70, 0x10, 0x6, 0x30, 0x60, 0xc,
    0xa0, 0x40, 0x10, 0x88, 0x38, 0x2, 0x50,

    /* U+0028 "(" */
    0x0, 0xfc, 0x71, 0x11, 0x0, 0x7c, 0x5a, 0xee,
    0x52, 0x0, 0xfb, 0xc4, 0x1, 0x20, 0x1f, 0x41,
    0x0, 0x11, 0x0, 0x1e, 0x37, 0x0, 0xbc, 0x3,
    0xee, 0x0, 0x8d, 0x0, 0x3c, 0xc4, 0x1, 0x48,
    0x7, 0xd0, 0x1, 0xa, 0x80, 0x79, 0x44, 0x2,
    0x70, 0xf, 0xa4, 0x3, 0x50, 0x7, 0x88, 0xc0,
    0x21, 0x30, 0xf, 0x28, 0x6, 0x70, 0xf, 0xa8,
    0x3, 0x60, 0x7, 0x84, 0x80, 0x32, 0x0, 0x79,
    0x0, 0x30, 0x88, 0x3, 0xda, 0x1, 0x94, 0x3,
    0xe2, 0x0, 0xc6, 0x1, 0xf3, 0x80, 0x6e, 0x0,
    0xf8, 0x80, 0x31, 0x80, 0x7f, 0xf0, 0x4, 0x3,
    0xff, 0x80, 0xe0, 0x1f, 0xfc, 0xd7, 0x0, 0xff,
    0xe0, 0x8, 0x7, 0xc2, 0x1, 0xff, 0xc0, 0x50,
    0xc, 0x40, 0x1f, 0x10, 0x6, 0xd0, 0xf, 0xbc,
    0x3, 0x38, 0x7, 0xc8, 0x1, 0x88, 0x3, 0xe2,
    0x10, 0xc, 0x60, 0x1f, 0x20, 0x6, 0x40, 0xf,
    0xbc, 0x3, 0x58, 0x7, 0xca, 0x20, 0x11, 0x88,
    0x7, 0xcc, 0x1, 0x9c, 0x3, 0xe9, 0x0, 0xd4,
    0x1, 0xf0, 0xb0, 0x4, 0x64, 0x1, 0xf4, 0x0,
    0x6b, 0x0, 0xf8, 0x5c, 0x2, 0x61, 0x0, 0xfa,
    0x8, 0x2, 0x60, 0xf, 0xdc, 0x1, 0x48, 0x80,
    0x7c, 0x72, 0x0, 0x19, 0x0, 0xfc, 0xca, 0x0,
    0x72,

    /* U+0029 ")" */
    0x68, 0x83, 0x0, 0x7f, 0x3b, 0xa5, 0xc0, 0x3e,
    0x62, 0x0, 0x42, 0x0, 0x7d, 0x20, 0x15, 0x8,
    0x7, 0x90, 0x80, 0x3, 0x0, 0x1f, 0x40, 0x4,
    0xc6, 0x1, 0xe5, 0x10, 0xb, 0xc0, 0x3e, 0x60,
    0x8, 0xd0, 0x3, 0xd4, 0x1, 0xbc, 0x3, 0xc4,
    0x60, 0x12, 0x10, 0x7, 0xac, 0x3, 0x50, 0x7,
    0x90, 0x3, 0x30, 0x7, 0x8c, 0x3, 0x9, 0x80,
    0x79, 0x0, 0x32, 0x0, 0x7b, 0x0, 0x36, 0x0,
    0x78, 0x80, 0x32, 0x80, 0x79, 0xc0, 0x30, 0x88,
    0x3, 0x88, 0x3, 0x88, 0x3, 0xc2, 0x1, 0x98,
    0x3, 0xc6, 0x1, 0x8c, 0x3, 0xfe, 0x10, 0xf,
    0x8, 0x7, 0xfc, 0x20, 0x18, 0x40, 0x3c, 0x60,
    0x1f, 0xf0, 0x80, 0x62, 0x0, 0xff, 0x98, 0x3,
    0x8c, 0x3, 0x88, 0x3, 0x94, 0x3, 0x10, 0x7,
    0xb8, 0x3, 0x20, 0x7, 0x90, 0x3, 0x78, 0x7,
    0x9, 0x80, 0x67, 0x0, 0xe4, 0x0, 0xc8, 0x20,
    0x1d, 0x80, 0x1b, 0x40, 0x3c, 0xc0, 0x19, 0x80,
    0x39, 0x40, 0x33, 0x80, 0x7b, 0x80, 0x34, 0x80,
    0x71, 0x20, 0x4, 0xe2, 0x1, 0xd6, 0x1, 0xc,
    0x0, 0x70, 0xb0, 0x5, 0x60, 0x1e, 0x90, 0x9,
    0x54, 0x1, 0xc4, 0xe0, 0x2, 0xa0, 0xf, 0x48,
    0x0, 0x7c, 0x3, 0xe0,

    /* U+002A "*" */
    0x0, 0xf2, 0xff, 0xc0, 0x1f, 0xfc, 0x16, 0x0,
    0xff, 0xe0, 0x8, 0x4, 0x20, 0x1, 0x0, 0xc2,
    0x1, 0x17, 0x38, 0x0, 0xc0, 0x4, 0x0, 0x1b,
    0xc0, 0xa, 0x42, 0x2c, 0x44, 0x0, 0x70, 0x3f,
    0x42, 0x60, 0x24, 0x0, 0x27, 0xa0, 0x80, 0xbe,
    0x8, 0x2, 0xc0, 0xb5, 0x80, 0x3, 0x62, 0xb,
    0x0, 0x1, 0x8d, 0x0, 0x14, 0xea, 0x80, 0x78,
    0x63, 0x9c, 0x3, 0x8a, 0x98, 0x3, 0xad, 0xc0,
    0x3c, 0x2f, 0xcc, 0x1, 0xd5, 0xaa, 0x1, 0xc,
    0x74, 0x8, 0x10, 0x0, 0x80, 0x5, 0x5a, 0xa0,
    0x7, 0x0, 0x97, 0x40, 0xf, 0xa4, 0x0, 0x29,
    0x1, 0x80, 0x4, 0xd0, 0x4, 0x25, 0xac, 0x0,
    0xf0, 0x3, 0xa6, 0xb0, 0x8, 0x1, 0x80, 0x13,
    0x4c, 0x60, 0x15, 0x90, 0x0, 0x80, 0x6, 0x1,
    0x2c, 0x80, 0x7e, 0x70, 0x0, 0x80, 0x7f, 0xf0,
    0x5d, 0x56, 0x0, 0xf8,

    /* U+002B "+" */
    0x0, 0xfe, 0x7c, 0xca, 0x80, 0x3f, 0xf8, 0xda,
    0x67, 0x38, 0x7, 0xff, 0xfc, 0x3, 0xff, 0xfe,
    0x1, 0xff, 0xdf, 0x3f, 0xff, 0xca, 0x1, 0x17,
    0xff, 0xe7, 0x0, 0xff, 0xfc, 0x8b, 0xbf, 0xe2,
    0x0, 0x85, 0xdf, 0xf1, 0x94, 0x47, 0xe7, 0x0,
    0x8e, 0x23, 0xf2, 0x0, 0x7f, 0xff, 0xc0, 0x3f,
    0xff, 0xe0, 0x1f, 0xfd, 0x60,

    /* U+002C "," */
    0xf, 0xfe, 0xc0, 0xf, 0xfe, 0xc7, 0xfb, 0x40,
    0x3c, 0xc0, 0x6, 0x0, 0xb0, 0x1, 0x80, 0x1,
    0x60, 0x3, 0x80, 0xe8, 0x83, 0x8a, 0x71, 0x82,
    0x40, 0x8, 0xc, 0x58, 0x1, 0xab, 0x9c, 0x2,

    /* U+002D "-" */
    0x3, 0x3f, 0xf8, 0x4b, 0x33, 0xfe, 0x60, 0xf,
    0xff, 0x40,

    /* U+002E "." */
    0xf, 0xfe, 0xc0, 0xf, 0xfe, 0xb8,

    /* U+002F "/" */
    0x0, 0xfe, 0x38, 0x89, 0x40, 0x3f, 0xa9, 0xde,
    0x20, 0xf, 0xe4, 0x0, 0x94, 0x3, 0xf1, 0x10,
    0x0, 0x24, 0x1, 0xf9, 0x0, 0x24, 0x0, 0xfe,
    0xc0, 0xb, 0x0, 0x3f, 0x90, 0x2, 0x70, 0xf,
    0xc6, 0x20, 0x2, 0x10, 0xf, 0xc8, 0x1, 0x20,
    0x7, 0xf6, 0x0, 0x58, 0x1, 0xfc, 0x80, 0x12,
    0x0, 0x7e, 0x40, 0x8, 0xc4, 0x3, 0xf6, 0x0,
    0x48, 0x1, 0xfc, 0x80, 0x16, 0x0, 0x7f, 0x18,
    0x4, 0x80, 0x1f, 0x94, 0x2, 0x40, 0xf, 0xec,
    0x0, 0xb0, 0x3, 0xf9, 0x0, 0x24, 0x0, 0xfc,
    0x24, 0x0, 0x13, 0x0, 0xfc, 0x80, 0x12, 0x0,
    0x7f, 0x78, 0x5, 0x80, 0x1f, 0xc8, 0x1, 0x20,
    0x7, 0xe2, 0x10, 0x0, 0x90, 0x7, 0xe4, 0x0,
    0x9c, 0x3, 0xfb, 0x40, 0x2c, 0x0, 0xfe, 0x40,
    0x9, 0x0, 0x3f, 0x18, 0x4, 0x42, 0x1, 0xf9,
    0x0, 0x25, 0x0, 0xfe, 0xb0, 0xb, 0x0, 0x3f,
    0x8c, 0x2, 0x40, 0xf, 0xc8, 0x1, 0x18, 0x7,
    0xf6, 0x0, 0x48, 0x1, 0xfc, 0xa0, 0x15, 0x80,
    0x7e, 0x12, 0x0, 0x8c, 0x3, 0xf2, 0x0, 0x48,
    0x1, 0xfd, 0x80, 0x16, 0x0, 0x7f, 0x20, 0x4,
    0xa0, 0x1f, 0xc0,

    /* U+0030 "0" */
    0x0, 0xfc, 0x6a, 0xee, 0x64, 0x10, 0xf, 0xfe,
    0x9, 0x57, 0xe5, 0x44, 0x26, 0xfb, 0x58, 0x3,
    0xfc, 0xfa, 0xa0, 0x1f, 0x8a, 0x70, 0x40, 0x3e,
    0x78, 0x0, 0xff, 0xe0, 0x1e, 0x8, 0x7, 0x1c,
    0x0, 0x7f, 0xf0, 0x8a, 0xc0, 0x3b, 0xc0, 0x38,
    0x63, 0x36, 0xd4, 0x3, 0x94, 0xc0, 0x23, 0x30,
    0x6, 0x2f, 0x73, 0x24, 0xa9, 0x0, 0xe9, 0x0,
    0xa8, 0x3, 0xb8, 0x40, 0x39, 0x8c, 0x3, 0x28,
    0x4, 0x80, 0x18, 0x8c, 0x3, 0xea, 0x0, 0xe4,
    0x1, 0x20, 0xc, 0x80, 0x1f, 0x9c, 0x3, 0xb0,
    0x14, 0x3, 0xbc, 0x3, 0xf0, 0x80, 0x71, 0x81,
    0x0, 0x71, 0x0, 0x7f, 0x10, 0x6, 0x60, 0xe0,
    0xe, 0x70, 0xf, 0xe1, 0x0, 0xc4, 0x2, 0x1,
    0xc2, 0x1, 0xfc, 0xe0, 0x1e, 0x30, 0xe, 0x30,
    0xf, 0xe1, 0x0, 0xe1, 0x0, 0xff, 0xe5, 0x88,
    0x7, 0xff, 0x24, 0xc0, 0x3f, 0xf9, 0x62, 0x1,
    0xff, 0xc9, 0x30, 0xf, 0xfe, 0x59, 0x80, 0x71,
    0x80, 0x7f, 0x8, 0x7, 0x8, 0x80, 0x38, 0x40,
    0x3f, 0xf8, 0x9c, 0x1, 0xce, 0x1, 0xfc, 0xc0,
    0x18, 0x80, 0x80, 0x38, 0x80, 0x3f, 0x88, 0x3,
    0x30, 0x28, 0x7, 0x78, 0x7, 0xe1, 0x0, 0xe3,
    0x1, 0x20, 0xc, 0x80, 0x1f, 0x90, 0x3, 0xb0,
    0x0, 0x80, 0x18, 0x8c, 0x3, 0xe9, 0x0, 0xe4,
    0x0, 0x50, 0x7, 0x70, 0x80, 0x73, 0x18, 0x6,
    0x50, 0x8, 0xcc, 0x1, 0x8b, 0x18, 0xc9, 0x2a,
    0x40, 0x3a, 0x40, 0x37, 0x80, 0x71, 0x4e, 0x6d,
    0xa8, 0x7, 0x29, 0x80, 0x63, 0x80, 0xf, 0xfe,
    0x11, 0x58, 0x7, 0x9e, 0x0, 0x3f, 0xf8, 0x7,
    0x82, 0x1, 0xf3, 0xea, 0x80, 0x7e, 0x29, 0xc1,
    0x0, 0xfe, 0x2a, 0xfc, 0xa8, 0x84, 0xd7, 0x6b,
    0x0, 0x78,

    /* U+0031 "1" */
    0x0, 0xfe, 0x3b, 0xff, 0x60, 0x7, 0xff, 0x9,
    0x73, 0x8, 0x1, 0xff, 0xc2, 0x38, 0xea, 0x30,
    0xf, 0xfe, 0x1, 0xbd, 0x76, 0x38, 0x80, 0x7f,
    0xf0, 0xae, 0x14, 0x40, 0x3f, 0xfd, 0xf3, 0x99,
    0xf0, 0x80, 0x7f, 0xf0, 0x4, 0xcf, 0xe0, 0xf,
    0xff, 0xf8, 0x7, 0xff, 0xfc, 0x3, 0xff, 0xfe,
    0x1, 0xff, 0xff, 0x0, 0xff, 0xff, 0x80, 0x7f,
    0xf1, 0x12, 0xab, 0xe1, 0x0, 0xc5, 0x55, 0xe7,
    0x35, 0x5f, 0x80, 0x38, 0x55, 0x7d, 0x60, 0x1f,
    0xff, 0x30,

    /* U+0032 "2" */
    0x0, 0xfc, 0x28, 0xce, 0xe6, 0x41, 0x0, 0xff,
    0xe0, 0xc, 0x6f, 0x5c, 0xc4, 0x26, 0xfb, 0x10,
    0x3, 0xfa, 0x39, 0xc8, 0x3, 0xf1, 0xdd, 0x0,
    0x7d, 0x6e, 0x1, 0xff, 0xc1, 0x5c, 0x0, 0xea,
    0x40, 0xf, 0xfe, 0x19, 0xc8, 0x4, 0x8a, 0x1,
    0xc2, 0xd5, 0x74, 0xe2, 0x1, 0xcc, 0x40, 0xf,
    0x0, 0xe3, 0xf9, 0x54, 0x58, 0xf3, 0x0, 0xeb,
    0x0, 0x20, 0x7, 0x68, 0x80, 0x70, 0xf0, 0x7,
    0x20, 0x10, 0x7, 0x28, 0x80, 0x7c, 0x48, 0x1,
    0x88, 0x4, 0x3, 0x88, 0x3, 0xf8, 0x80, 0x38,
    0x5c, 0x3, 0xbc, 0x3, 0xf8, 0xc0, 0x3c, 0xe0,
    0x1f, 0xfc, 0x34, 0x0, 0xe1, 0x3f, 0xfe, 0x70,
    0xf, 0xc8, 0x20, 0x18, 0x80, 0x3f, 0xf8, 0x90,
    0x1, 0xca, 0x1, 0xff, 0xc3, 0x93, 0x0, 0xea,
    0x0, 0xff, 0xe1, 0x3b, 0x0, 0x73, 0x10, 0x7,
    0xff, 0x6, 0x20, 0x1, 0xc5, 0x20, 0x1f, 0xfc,
    0x1a, 0x70, 0xf, 0x70, 0x7, 0xff, 0x0, 0xb5,
    0x40, 0x3d, 0x66, 0x1, 0xff, 0x26, 0x10, 0x7,
    0xad, 0x0, 0x3f, 0xe7, 0xb1, 0x0, 0xe1, 0xc4,
    0x0, 0xff, 0xae, 0x0, 0x3c, 0x9e, 0x60, 0x1f,
    0xe1, 0xd4, 0x0, 0xf4, 0x58, 0x80, 0x7f, 0x87,
    0x8, 0x3, 0x87, 0x1c, 0x3, 0xfe, 0x1c, 0x20,
    0xe, 0x5f, 0x30, 0xf, 0xfe, 0x5, 0x90, 0x7,
    0x45, 0x8, 0x7, 0xff, 0x1, 0x54, 0x1, 0xd4,
    0xe0, 0x1f, 0xfc, 0x28, 0x0, 0xe6, 0x41, 0x1f,
    0xfe, 0x8, 0x11, 0x0, 0x39, 0xbb, 0xbf, 0xf8,
    0x4a, 0xa0, 0xf, 0xfe, 0x57, 0x0, 0x7f, 0xf2,
    0x8c, 0x3, 0xff, 0xc2,

    /* U+0033 "3" */
    0x0, 0xfc, 0x8c, 0xee, 0x64, 0x20, 0xf, 0xfe,
    0xa, 0x5f, 0xdc, 0xc4, 0x26, 0xf7, 0x50, 0x20,
    0x1f, 0x86, 0xec, 0x80, 0x1f, 0x89, 0xf9, 0x80,
    0x3c, 0x5e, 0x80, 0x1f, 0xfc, 0x19, 0x80, 0xe,
    0xf1, 0x0, 0xff, 0xe1, 0xba, 0x80, 0x4e, 0x40,
    0x1c, 0x73, 0x9b, 0x6c, 0x1, 0xeb, 0x0, 0xa8,
    0x3, 0x9f, 0x18, 0xc9, 0x27, 0x0, 0x38, 0x50,
    0x4, 0x80, 0x31, 0x40, 0x7, 0x8d, 0xc0, 0x3b,
    0x0, 0x80, 0x39, 0x40, 0x3f, 0x58, 0x7, 0x10,
    0x38, 0x7, 0x78, 0x7, 0xe1, 0x0, 0xf9, 0x66,
    0x79, 0x40, 0x3f, 0x8, 0x7, 0x10, 0xb, 0x37,
    0x10, 0x7, 0xe4, 0x0, 0xed, 0x0, 0xff, 0xe1,
    0x8c, 0x80, 0x61, 0x50, 0xf, 0xfe, 0x11, 0xe0,
    0x80, 0x6b, 0x0, 0xff, 0x45, 0x52, 0xf7, 0x8,
    0x3, 0x4a, 0x80, 0x7f, 0x95, 0x64, 0x20, 0xc,
    0x58, 0xc0, 0x1f, 0xfc, 0x72, 0xf3, 0x0, 0xff,
    0xe4, 0x16, 0xc8, 0x7, 0xff, 0x29, 0xb4, 0x40,
    0x3f, 0xdb, 0xff, 0x6c, 0x90, 0x6, 0x2c, 0x0,
    0xff, 0xe1, 0x13, 0x6a, 0x80, 0x62, 0x70, 0xf,
    0xfe, 0x25, 0x0, 0x74, 0x80, 0x7f, 0xf1, 0x54,
    0x3, 0x9, 0x66, 0xee, 0x90, 0xf, 0xf1, 0x0,
    0x73, 0x19, 0x16, 0x50, 0xf, 0xfe, 0x29, 0x0,
    0x62, 0x0, 0xff, 0x10, 0x7, 0x3b, 0x80, 0x30,
    0xa0, 0x7, 0xe1, 0x50, 0xe, 0x2f, 0x0, 0xea,
    0x20, 0xf, 0xa8, 0x3, 0x8c, 0x54, 0x40, 0x30,
    0xec, 0xa9, 0x92, 0x47, 0x20, 0x7, 0x48, 0x2,
    0x80, 0x3c, 0xd5, 0x9b, 0x6e, 0x20, 0x1c, 0x8a,
    0x0, 0x49, 0x0, 0xff, 0xe2, 0x1d, 0x0, 0x66,
    0xb1, 0x0, 0xff, 0xe0, 0xb6, 0x8, 0x7, 0x27,
    0x41, 0x0, 0x7e, 0x16, 0xd9, 0x0, 0xfe, 0x7d,
    0xeb, 0x98, 0x8a, 0xb3, 0xa4, 0x80, 0x38,

    /* U+0034 "4" */
    0x0, 0xfc, 0x31, 0x1c, 0xa0, 0x1f, 0xfc, 0x54,
    0x77, 0xed, 0x0, 0xff, 0xe2, 0xf8, 0x7, 0x58,
    0x7, 0xff, 0x15, 0x0, 0x30, 0x98, 0x7, 0xff,
    0x10, 0x84, 0x3, 0x38, 0x7, 0xff, 0x15, 0x40,
    0x3b, 0x40, 0x29, 0xba, 0x0, 0xff, 0xa8, 0x3,
    0xa, 0x0, 0x5, 0x91, 0x40, 0x3f, 0xc4, 0x40,
    0xc, 0xc0, 0x13, 0x80, 0x7f, 0xf0, 0x54, 0x3,
    0xa4, 0x2, 0xa0, 0xf, 0xfe, 0xd, 0x0, 0x64,
    0x10, 0x1, 0x18, 0x7, 0xff, 0x1, 0x8, 0x3,
    0x70, 0x5, 0x40, 0x1f, 0xfc, 0x1e, 0x0, 0xc4,
    0xa0, 0x13, 0x0, 0x7f, 0xf0, 0x5, 0x40, 0x35,
    0x80, 0x4a, 0x20, 0x1f, 0xfc, 0x9, 0x0, 0xc2,
    0xc0, 0x17, 0x80, 0x7f, 0xf0, 0x58, 0x3, 0x40,
    0x6, 0x10, 0xf, 0xfe, 0x3, 0x8, 0x4, 0x2c,
    0x1, 0xff, 0xc5, 0x80, 0xd, 0x0, 0x1f, 0xfc,
    0x57, 0x10, 0x8, 0x98, 0x3, 0xff, 0x8b, 0x20,
    0x1a, 0x40, 0x3f, 0xf8, 0xb0, 0x20, 0x12, 0x20,
    0x3, 0xff, 0x88, 0x4e, 0x1, 0xa8, 0x3, 0xff,
    0x8b, 0x40, 0x18, 0xae, 0xab, 0xe5, 0x0, 0xea,
    0xaa, 0x4, 0x3, 0x12, 0xaf, 0xe1, 0x0, 0xe5,
    0x5c, 0x1, 0xff, 0xfc, 0x9f, 0xff, 0xfe, 0xa,
    0x0, 0x77, 0xfd, 0xa0, 0x1f, 0xff, 0xf0, 0xf,
    0xff, 0xc8,

    /* U+0035 "5" */
    0x0, 0x4f, 0xff, 0xff, 0x16, 0x40, 0x31, 0x80,
    0x7f, 0xf2, 0x84, 0x3, 0xff, 0x94, 0xe0, 0x1f,
    0xfc, 0xa1, 0x0, 0xff, 0xe5, 0x10, 0x6, 0x9d,
    0xdf, 0xfe, 0x4, 0x0, 0x7f, 0x11, 0x7f, 0xf0,
    0x44, 0x2, 0x10, 0xe, 0x60, 0xf, 0xfe, 0x21,
    0x80, 0x71, 0x80, 0x7f, 0xf1, 0x4, 0x3, 0x84,
    0x3, 0xff, 0x88, 0xe0, 0x1f, 0xfc, 0xa2, 0x0,
    0xc2, 0x4, 0xf9, 0xdf, 0xed, 0xa5, 0x0, 0xf8,
    0x40, 0x3a, 0x36, 0xc, 0x40, 0x4, 0xb5, 0xc8,
    0x1, 0xde, 0x1, 0x85, 0xc0, 0x3f, 0x86, 0xd8,
    0x3, 0x8, 0x7, 0xff, 0x16, 0x50, 0x2, 0x30,
    0xf, 0x85, 0x59, 0x0, 0x3e, 0xa0, 0x9, 0x80,
    0x3d, 0x3d, 0x53, 0x7e, 0xc0, 0x1c, 0x2a, 0x0,
    0xb4, 0x20, 0xb, 0x18, 0x3, 0xa5, 0x40, 0x3b,
    0x80, 0xf, 0x7b, 0xfd, 0xa6, 0x1, 0xf4, 0x0,
    0x72, 0x0, 0x78, 0x48, 0x3, 0xf1, 0x18, 0x7,
    0x8, 0x7, 0xff, 0x11, 0x80, 0x38, 0xc0, 0x47,
    0x0, 0x7f, 0xc6, 0x1, 0xc3, 0xbd, 0xdb, 0xc0,
    0x3f, 0xc4, 0x1, 0xc2, 0x20, 0xe, 0x10, 0xf,
    0xe6, 0x0, 0xe2, 0x60, 0xe, 0x40, 0xf, 0xc2,
    0x40, 0x18, 0x43, 0x0, 0x3a, 0x40, 0x3f, 0x40,
    0x7, 0x38, 0x38, 0x7, 0x1c, 0x80, 0x79, 0x98,
    0x1, 0xda, 0x2, 0xe0, 0x1c, 0xda, 0xc6, 0x65,
    0xb9, 0x0, 0xe3, 0x40, 0x4, 0x10, 0x7, 0x14,
    0xe6, 0x29, 0x0, 0x3d, 0xe0, 0x1b, 0xc4, 0x3,
    0xff, 0x87, 0x46, 0x1, 0x8b, 0xd0, 0x3, 0xff,
    0x80, 0x36, 0xa0, 0x1e, 0x1b, 0xb2, 0x0, 0x7e,
    0x28, 0xe4, 0x0, 0xfe, 0x4b, 0xfc, 0x98, 0x8a,
    0xb7, 0x4e, 0x1, 0xe0,

    /* U+0036 "6" */
    0x0, 0xfc, 0x28, 0xce, 0xe6, 0x30, 0xf, 0xfe,
    0x13, 0x67, 0x5c, 0xc4, 0x27, 0x3a, 0x44, 0x3,
    0xf8, 0xb6, 0x4c, 0x3, 0xe1, 0x6f, 0x40, 0xf,
    0x8b, 0x8, 0x3, 0xfe, 0x1b, 0x40, 0xf, 0x70,
    0x80, 0x7f, 0xf0, 0xa8, 0x40, 0x33, 0x18, 0x6,
    0x18, 0xcd, 0xb6, 0x0, 0xe1, 0x90, 0xd, 0x0,
    0x18, 0x7d, 0xcc, 0x92, 0x68, 0x3, 0x98, 0x2,
    0x41, 0x0, 0xd4, 0x20, 0x1c, 0xa8, 0x1, 0x84,
    0x80, 0x1a, 0x1, 0x85, 0x0, 0x3e, 0xd0, 0xe,
    0x70, 0x2, 0x0, 0x67, 0x0, 0xfc, 0x40, 0x1c,
    0x40, 0x24, 0x1, 0xb8, 0x3, 0xf2, 0xcc, 0xf2,
    0x1, 0x0, 0x71, 0x0, 0x7e, 0x16, 0x6e, 0x30,
    0x60, 0xe, 0x60, 0x8, 0xda, 0x20, 0xe8, 0x20,
    0x1e, 0x20, 0xe, 0x10, 0x7e, 0xc9, 0x77, 0x45,
    0xf5, 0x10, 0x6, 0xf0, 0xe, 0x6d, 0x81, 0x0,
    0xf9, 0x75, 0x40, 0x21, 0x0, 0xeb, 0x20, 0xf,
    0xfa, 0x90, 0x0, 0x60, 0x1f, 0xfc, 0x7a, 0x10,
    0xf, 0xe1, 0x8d, 0xfe, 0xa3, 0x0, 0xe1, 0x60,
    0xf, 0xc5, 0xee, 0x40, 0x2b, 0x8a, 0x1, 0xd2,
    0x6, 0x1, 0xe9, 0x10, 0xf, 0x58, 0x80, 0x61,
    0x20, 0xf, 0xa, 0x0, 0x7c, 0x2e, 0x1, 0xcf,
    0xc0, 0x1c, 0x80, 0x1f, 0xd8, 0x1, 0xc4, 0x20,
    0x1c, 0x40, 0x1f, 0xc2, 0x1, 0xde, 0x40, 0x1f,
    0xfc, 0xa5, 0x0, 0xe2, 0x0, 0xfe, 0x20, 0xe,
    0xf1, 0x20, 0xc, 0x80, 0x1f, 0xd8, 0x1, 0xc6,
    0xa, 0x1, 0x85, 0x40, 0x3e, 0x25, 0x0, 0xe5,
    0xa, 0x0, 0xeb, 0x30, 0xe, 0x1e, 0x0, 0xe5,
    0x10, 0x25, 0x0, 0xc3, 0x92, 0x86, 0x8f, 0xe6,
    0x1, 0xd2, 0x1, 0x58, 0x80, 0x73, 0x5e, 0x5c,
    0x8, 0x7, 0x39, 0x80, 0x43, 0xa0, 0x1f, 0xfc,
    0x35, 0x80, 0xe, 0x3c, 0x20, 0xf, 0xfe, 0x3,
    0xd0, 0x7, 0xc7, 0xb2, 0x40, 0x1f, 0x97, 0x60,
    0x3, 0xfc, 0xdb, 0xd7, 0x31, 0x9, 0xcf, 0xa2,
    0x0, 0xe0,

    /* U+0037 "7" */
    0xef, 0xff, 0xfe, 0x4d, 0x0, 0x7f, 0xfe, 0xc,
    0x3, 0xff, 0x92, 0x31, 0x9b, 0xbf, 0xfc, 0x27,
    0x0, 0xea, 0x12, 0x2f, 0xfe, 0x10, 0xb8, 0x6,
    0x84, 0x0, 0xff, 0xe1, 0xe, 0x80, 0x64, 0x70,
    0xf, 0xfe, 0x1d, 0x88, 0x4, 0x34, 0x1, 0xff,
    0xc3, 0x65, 0x0, 0xd6, 0x20, 0x1f, 0xfc, 0x21,
    0x90, 0xc, 0xaa, 0x0, 0xff, 0xe1, 0xd8, 0x6,
    0x1b, 0x0, 0xff, 0xe1, 0xa2, 0x80, 0x68, 0x10,
    0xf, 0xfe, 0x1c, 0x80, 0x62, 0x60, 0xf, 0xfe,
    0x1b, 0x10, 0x6, 0x90, 0xf, 0xfe, 0x24, 0x0,
    0x64, 0x40, 0x7, 0xff, 0xd, 0xc4, 0x3, 0x40,
    0x7, 0xff, 0x12, 0x40, 0x31, 0x98, 0x3, 0xff,
    0x86, 0xa2, 0x1, 0xa4, 0x3, 0xff, 0x89, 0xc0,
    0x18, 0x54, 0x3, 0xff, 0x86, 0x48, 0x1, 0x98,
    0x3, 0xff, 0x88, 0xa0, 0x1d, 0x60, 0x1f, 0xfc,
    0x4b, 0x0, 0xc2, 0x60, 0x1f, 0xfc, 0x31, 0x30,
    0xc, 0x80, 0x1f, 0xfc, 0x44, 0x0, 0xec, 0x0,
    0xff, 0xe2, 0x68, 0x7, 0x28, 0x7, 0xff, 0x10,
    0xc0, 0x38, 0xc0, 0x3f, 0xf8, 0x8a, 0x1, 0xff,
    0xca, 0x10, 0xc, 0x20, 0x1f, 0xfc, 0x41, 0x0,
    0xe3, 0x0, 0xff, 0xe2, 0x18, 0x7, 0xff, 0x28,
    0x40, 0x3f, 0xf8, 0xc0,

    /* U+0038 "8" */
    0x0, 0xfc, 0x8c, 0xef, 0x29, 0x0, 0x7f, 0xf0,
    0x52, 0xfe, 0xe6, 0x22, 0xad, 0xe7, 0x10, 0xf,
    0xea, 0xb4, 0x0, 0xfc, 0x31, 0xe8, 0x1, 0xe1,
    0xd5, 0x0, 0xff, 0xe0, 0xd, 0xa8, 0x7, 0x51,
    0x0, 0x7f, 0xf0, 0xe8, 0x80, 0x24, 0x40, 0x7,
    0x1d, 0x6e, 0xb1, 0xc0, 0x3d, 0x20, 0x17, 0x0,
    0x72, 0xe2, 0x91, 0xe, 0x30, 0x3, 0x90, 0x80,
    0x8, 0x1, 0x86, 0x80, 0x3c, 0x70, 0x1, 0xc8,
    0x2, 0x20, 0xc, 0x80, 0x1f, 0x94, 0x3, 0xbc,
    0xc, 0x3, 0x88, 0x3, 0xf1, 0x0, 0x7c, 0x60,
    0x1c, 0x20, 0x1f, 0x84, 0x3, 0x84, 0x4, 0x40,
    0x19, 0x40, 0x3f, 0x28, 0x7, 0x70, 0x1, 0xc0,
    0x31, 0x98, 0x3, 0xef, 0x0, 0xe7, 0x0, 0x58,
    0x7, 0x6a, 0x0, 0x61, 0xa4, 0x0, 0xcc, 0x20,
    0x2, 0x80, 0xc, 0x37, 0xb5, 0x37, 0xca, 0x1,
    0x8a, 0x40, 0x33, 0xb8, 0x3, 0x89, 0x59, 0x0,
    0x38, 0xb0, 0x3, 0xd1, 0x40, 0x1f, 0xfc, 0x4,
    0xd1, 0x0, 0xf4, 0x50, 0x7, 0xff, 0x1, 0x30,
    0x80, 0x3a, 0xdc, 0x3, 0xff, 0x84, 0x7a, 0x80,
    0x14, 0xa0, 0x7, 0x3e, 0x7f, 0xba, 0x8c, 0x3,
    0xac, 0x80, 0x98, 0x3, 0xe, 0xc1, 0x80, 0x5,
    0x71, 0x80, 0x3a, 0x2, 0x80, 0x3a, 0xc8, 0x3,
    0xe9, 0x10, 0xc, 0xa0, 0x80, 0x1c, 0xa0, 0x1f,
    0xcc, 0x1, 0xc8, 0x40, 0x18, 0x80, 0x3f, 0xdc,
    0x1, 0xc4, 0x20, 0x1f, 0xfc, 0xa1, 0x0, 0xc4,
    0x1, 0xfe, 0xf0, 0xe, 0x35, 0x0, 0xe6, 0x0,
    0xfe, 0x70, 0xe, 0x7d, 0x0, 0xe9, 0x30, 0xf,
    0xac, 0x40, 0x31, 0x11, 0xc0, 0x3d, 0x94, 0x84,
    0x43, 0x7d, 0x40, 0xe, 0xa0, 0x19, 0x0, 0xf2,
    0xde, 0xeb, 0x20, 0x80, 0x38, 0x9c, 0x0, 0xcc,
    0x0, 0xff, 0xe2, 0xf, 0x80, 0x69, 0x80, 0xf,
    0xfe, 0x12, 0x79, 0x0, 0x73, 0xf3, 0x88, 0x7,
    0xf2, 0x5d, 0x84, 0x3, 0xe1, 0x8e, 0xdb, 0x98,
    0x8a, 0xb3, 0xed, 0x0, 0x38,

    /* U+0039 "9" */
    0x0, 0xfc, 0x4a, 0xee, 0x65, 0x30, 0xf, 0xfe,
    0x1b, 0x6e, 0xaa, 0x21, 0x35, 0x9d, 0x46, 0x1,
    0xfe, 0x2d, 0x92, 0x0, 0xf8, 0x57, 0x20, 0x3,
    0xf1, 0xe9, 0x0, 0x7f, 0xf0, 0x1e, 0x80, 0x3c,
    0x3a, 0x1, 0xff, 0xc3, 0x58, 0x0, 0xea, 0x10,
    0xe, 0x4a, 0xcc, 0x49, 0x0, 0x73, 0x90, 0x4,
    0x68, 0x1, 0xd3, 0x6a, 0x66, 0x6d, 0x50, 0xe,
    0x80, 0xa, 0xc0, 0x39, 0x98, 0x1, 0xea, 0x20,
    0xc, 0xa0, 0x12, 0x0, 0x75, 0x80, 0x7e, 0xb0,
    0xe, 0x50, 0x1, 0x80, 0x61, 0x20, 0xf, 0xc8,
    0x1, 0xda, 0x1, 0xf1, 0x0, 0x7f, 0x18, 0x7,
    0x18, 0x7, 0xff, 0x14, 0x40, 0x39, 0x40, 0x3e,
    0x10, 0xf, 0xe2, 0x0, 0xe1, 0x0, 0x10, 0x6,
    0x21, 0x0, 0xfc, 0x80, 0x1e, 0x10, 0x70, 0xe,
    0x60, 0xf, 0xd4, 0x1, 0xfb, 0xc0, 0x3a, 0xc,
    0x3, 0xd0, 0x60, 0x1e, 0x30, 0x51, 0x0, 0xec,
    0x82, 0x1, 0x4a, 0x70, 0xf, 0xf4, 0x80, 0x79,
    0xf7, 0xfa, 0xd4, 0x3, 0xf1, 0x80, 0x1d, 0x0,
    0x3f, 0xf9, 0x76, 0x80, 0x1f, 0xf3, 0xa8, 0x7,
    0x8, 0x6, 0xb9, 0x20, 0xf, 0x93, 0x20, 0x40,
    0x3f, 0xe6, 0xdd, 0x4c, 0x3c, 0x57, 0x59, 0x83,
    0x80, 0x62, 0x0, 0xfc, 0x4c, 0xf0, 0xea, 0x20,
    0x11, 0x0, 0x66, 0x0, 0x99, 0xb9, 0x0, 0x3f,
    0x84, 0x3, 0x18, 0x5, 0x33, 0xd0, 0x1, 0xf8,
    0x80, 0x3b, 0x40, 0x22, 0x0, 0xc4, 0x1, 0xf9,
    0x0, 0x39, 0x0, 0x26, 0x0, 0xc2, 0x60, 0x1f,
    0x58, 0x6, 0x31, 0x0, 0xb4, 0x3, 0xbc, 0x3,
    0xd0, 0x40, 0x1a, 0x80, 0x33, 0x80, 0x71, 0xeb,
    0x19, 0x96, 0xdc, 0x3, 0xb, 0x0, 0x61, 0x70,
    0xe, 0x29, 0xcc, 0x52, 0x0, 0x75, 0x80, 0x7a,
    0xc, 0x3, 0xff, 0x84, 0xea, 0x1, 0xf6, 0x20,
    0x7, 0xff, 0x2, 0x20, 0x1, 0xfd, 0x74, 0x60,
    0x1f, 0xa, 0xeb, 0x80, 0x7f, 0xcb, 0x9d, 0x53,
    0x10, 0xac, 0xea, 0x20, 0xf, 0x0,

    /* U+003A ":" */
    0x2f, 0xfe, 0xa0, 0xf, 0xfe, 0xb1, 0x97, 0xff,
    0x48, 0x7, 0xff, 0xfc, 0x0, 0x5f, 0xfd, 0x20,
    0x1e, 0x30, 0xf, 0xfe, 0x80,

    /* U+003B ";" */
    0x1f, 0xfe, 0xb0, 0xf, 0xfe, 0xb0, 0x8b, 0xff,
    0xa8, 0x3, 0xff, 0xfe, 0x0, 0x1f, 0xfe, 0xa0,
    0xf, 0x8, 0x7, 0xff, 0x40, 0x7f, 0xd6, 0x0,
    0x10, 0x8, 0x40, 0x4, 0x1, 0x78, 0x3, 0x40,
    0x4, 0xa0, 0x5, 0x2, 0xf0, 0x4, 0x83, 0x69,
    0x2, 0xb0, 0x8, 0xc, 0xd0, 0x1, 0x2f, 0x98,
    0x2,

    /* U+003C "<" */
    0x0, 0xff, 0xef, 0xae, 0x0, 0x7f, 0xf1, 0x86,
    0x3a, 0x8c, 0x40, 0x3f, 0xf8, 0x69, 0x5c, 0xe2,
    0x1, 0xff, 0xc4, 0x6d, 0xb5, 0x0, 0xff, 0xe2,
    0x14, 0xfc, 0x90, 0x7, 0xff, 0x11, 0x6f, 0x58,
    0x3, 0xf2, 0x50, 0x80, 0x70, 0xbf, 0x52, 0x0,
    0x7c, 0x51, 0xd6, 0xa0, 0x18, 0xeb, 0xa0, 0x40,
    0x3e, 0x5b, 0xd7, 0x10, 0xc, 0xd9, 0x85, 0x0,
    0xf8, 0xa3, 0xa9, 0x0, 0x3d, 0x72, 0x60, 0x1f,
    0x2e, 0x6b, 0x88, 0x7, 0xff, 0xc, 0xe7, 0xe8,
    0xc0, 0x3f, 0xf8, 0x8d, 0x98, 0x60, 0xf, 0xfe,
    0x39, 0x30, 0x7, 0xff, 0x25, 0x2b, 0xa0, 0x80,
    0x3f, 0xf8, 0x22, 0x1, 0xe1, 0x7d, 0xc5, 0x0,
    0xff, 0xaa, 0xd4, 0x3, 0xe3, 0xae, 0x92, 0x0,
    0xfe, 0x4a, 0xe7, 0x10, 0xf, 0xb, 0x6e, 0x30,
    0x7, 0xf0, 0xc7, 0x51, 0x80, 0x7c, 0x73, 0xf2,
    0x60, 0x1f, 0xcb, 0x98, 0x60, 0xf, 0xcd, 0x9a,
    0xc0, 0x1f, 0xc7, 0x3d, 0x4, 0x1, 0xf1, 0x48,
    0x80, 0x7f, 0x85, 0xf6, 0xd0, 0x3, 0xff, 0x92,
    0x97, 0xae, 0x20, 0x1f, 0xfc, 0x82, 0x8e, 0xa3,
    0x0, 0xff, 0xe4, 0xae, 0x61, 0x44,

    /* U+003D "=" */
    0x28, 0x8f, 0xfe, 0x4a, 0xb, 0xbf, 0xff, 0x24,
    0xc0, 0x3f, 0xff, 0x27, 0xff, 0xff, 0xc9, 0x70,
    0xf, 0xff, 0xf8, 0x7, 0xff, 0x14, 0x62, 0x3f,
    0xf9, 0x26, 0x4e, 0xff, 0xfc, 0x94, 0x0, 0xff,
    0xfc, 0x80,

    /* U+003E ">" */
    0x0, 0xff, 0xe5, 0x53, 0x88, 0x7, 0xff, 0x1d,
    0xe3, 0xa8, 0xc0, 0x3f, 0xf9, 0xb, 0x98, 0x50,
    0xf, 0xfe, 0x41, 0xd7, 0x40, 0x80, 0x7f, 0xf1,
    0xc5, 0xfa, 0xd0, 0x3, 0xfd, 0xcc, 0x1, 0xf9,
    0x2f, 0x58, 0x3, 0xf1, 0xcf, 0xc9, 0x80, 0x7c,
    0x53, 0xf2, 0x40, 0x1f, 0x9b, 0x35, 0x84, 0x3,
    0xe6, 0xdc, 0x50, 0xf, 0xc5, 0x3d, 0x48, 0x1,
    0xf1, 0xd7, 0x38, 0x80, 0x7e, 0x5b, 0xd7, 0x10,
    0xf, 0xc, 0x70, 0x7, 0xf8, 0xa3, 0xad, 0x0,
    0x3f, 0xf9, 0x9, 0x7d, 0x2, 0x1, 0xff, 0xc7,
    0x2d, 0x10, 0xf, 0xfe, 0x20, 0xbe, 0xe2, 0x80,
    0x7f, 0xf0, 0xd2, 0xba, 0x8, 0x3, 0xc2, 0x1,
    0xf0, 0xbe, 0xda, 0x80, 0x7c, 0x75, 0xc0, 0x1c,
    0x97, 0xd0, 0x40, 0x1f, 0x2e, 0x61, 0x40, 0x21,
    0x8e, 0xb4, 0x0, 0xf8, 0xa3, 0xa8, 0xc0, 0x24,
    0xbe, 0x71, 0x0, 0xf9, 0x2f, 0x5c, 0x40, 0x3a,
    0x50, 0x3, 0xe1, 0x7d, 0xb4, 0x0, 0xff, 0xe1,
    0x9c, 0xf4, 0x10, 0x7, 0xff, 0xd, 0x73, 0xc,
    0x1, 0xff, 0xc3, 0x18, 0xea, 0x30, 0xf, 0xfe,
    0x1a, 0xd7, 0x38, 0x80, 0x7f, 0xf1, 0x40,

    /* U+003F "?" */
    0x0, 0xfe, 0x36, 0x77, 0x94, 0xc0, 0x3f, 0xf8,
    0x2d, 0x7f, 0x93, 0x11, 0x56, 0x7d, 0x20, 0x7,
    0xe4, 0xd9, 0x40, 0xf, 0xe5, 0xba, 0x10, 0xe,
    0x6b, 0x20, 0xf, 0xfe, 0xa, 0xe0, 0x6, 0x49,
    0x0, 0xff, 0xe2, 0x15, 0x0, 0x54, 0x1, 0xf2,
    0xbb, 0x94, 0x40, 0x3c, 0xa4, 0xc, 0x20, 0x1c,
    0xdf, 0x51, 0xa, 0xe7, 0x0, 0xf5, 0x6, 0x80,
    0x72, 0xc8, 0x7, 0xa1, 0x0, 0x38, 0xc1, 0x40,
    0x3a, 0x0, 0x3f, 0x68, 0x7, 0x30, 0x8, 0x7,
    0x10, 0x7, 0xe2, 0x0, 0xe1, 0x0, 0xf1, 0x0,
    0x7f, 0x8, 0x7, 0x38, 0x4c, 0x46, 0xb0, 0xf,
    0xe9, 0x0, 0xec, 0x6, 0x77, 0xcc, 0x1, 0xf9,
    0xcc, 0x3, 0x94, 0x3, 0xff, 0x84, 0xf0, 0x1,
    0xc8, 0x40, 0x1f, 0xfc, 0x1a, 0x80, 0xe, 0x1a,
    0x0, 0xff, 0xe0, 0xe, 0x28, 0x7, 0xe, 0x88,
    0x7, 0xff, 0x3, 0xc, 0x3, 0x8b, 0xc, 0x3,
    0xff, 0x81, 0x24, 0x1, 0xc9, 0x84, 0x1, 0xff,
    0xc0, 0x26, 0x0, 0xe6, 0xb1, 0x0, 0xff, 0xe0,
    0xa8, 0x7, 0x34, 0x80, 0x7f, 0xf0, 0xf4, 0x3,
    0xc, 0x80, 0x7f, 0xf1, 0x18, 0x3, 0x38, 0x7,
    0xff, 0x2b, 0x80, 0x3f, 0xfb, 0x99, 0xdd, 0x9c,
    0x3, 0xff, 0x8c, 0x23, 0x80, 0x3f, 0xfb, 0xbf,
    0xfd, 0x60, 0x1f, 0xfc, 0xa7, 0x0, 0xff, 0xff,
    0x80, 0x7f, 0xf3, 0x40,

    /* U+0040 "@" */
    0x0, 0xff, 0xe2, 0x9, 0xab, 0x3b, 0xcc, 0xa8,
    0x20, 0x1f, 0xfc, 0xf1, 0x6a, 0xee, 0x65, 0x4c,
    0x45, 0x35, 0x7d, 0xcb, 0x83, 0x0, 0xff, 0xe4,
    0xae, 0x74, 0xa8, 0x80, 0x7f, 0xc2, 0x8f, 0x9c,
    0xe2, 0x1, 0xff, 0xc4, 0x4d, 0xa3, 0x0, 0xf8,
    0x44, 0x42, 0x20, 0xf, 0x86, 0x3d, 0x80, 0x3f,
    0xf8, 0x55, 0x64, 0x1, 0x89, 0xeb, 0x7f, 0xb9,
    0xbd, 0xcf, 0xdb, 0x73, 0x0, 0xc3, 0x38, 0x20,
    0x1f, 0xe1, 0xd5, 0x0, 0xcf, 0xba, 0x85, 0x20,
    0xf, 0x89, 0x23, 0x39, 0xc4, 0x2, 0x3f, 0x20,
    0xf, 0xc5, 0xe4, 0x1, 0x2f, 0x41, 0x0, 0x7f,
    0xf0, 0xc6, 0x39, 0x80, 0x21, 0xc2, 0x0, 0xfb,
    0xc4, 0x2, 0xaa, 0x8, 0x7, 0xff, 0x22, 0x6c,
    0x2, 0x1e, 0x0, 0xf4, 0x90, 0x5, 0x8a, 0x1,
    0xff, 0xcb, 0x4c, 0x0, 0x8d, 0xc0, 0x32, 0x30,
    0x5, 0x66, 0x1, 0xf0, 0xb5, 0x6f, 0x7f, 0xba,
    0xe0, 0x80, 0x3e, 0x39, 0x0, 0xa0, 0x40, 0x28,
    0x0, 0x9d, 0x0, 0x3e, 0x8e, 0x95, 0x21, 0x0,
    0xa, 0x3e, 0xc8, 0x7, 0xcc, 0x80, 0x13, 0x0,
    0x10, 0xc0, 0x3, 0x0, 0x1f, 0x5b, 0x80, 0x7f,
    0xcd, 0x60, 0x1f, 0x40, 0x5, 0x40, 0xe, 0x0,
    0xa4, 0x3, 0xe8, 0x40, 0xf, 0xfe, 0xa, 0x30,
    0x7, 0x8c, 0x80, 0x4, 0x40, 0x50, 0x9, 0xc0,
    0x3e, 0x70, 0xc, 0x55, 0xdf, 0xd2, 0x20, 0x1a,
    0xc0, 0x3e, 0xa0, 0x9, 0xc, 0x2, 0x40, 0xf,
    0x8c, 0x3, 0xb1, 0x44, 0x5, 0xa8, 0x3, 0x10,
    0x80, 0x78, 0xc0, 0x2f, 0x40, 0xb, 0x40, 0x3e,
    0x70, 0xc, 0x62, 0x1, 0xc8, 0x1, 0xc4, 0x1,
    0xe5, 0x0, 0x8b, 0x80, 0x25, 0x0, 0xf9, 0x33,
    0x37, 0x0, 0x7c, 0x40, 0x19, 0xc0, 0x3c, 0x20,
    0x13, 0x90, 0x4, 0x60, 0x1f, 0x8c, 0xf1, 0x0,
    0x7f, 0xf2, 0xc5, 0x80, 0x2, 0x1, 0xff, 0xc3,
    0x35, 0x78, 0x99, 0x10, 0x7, 0xff, 0x10, 0xc0,
    0x6, 0x1, 0xff, 0xb, 0x67, 0xe5, 0x43, 0xb3,
    0x0, 0x3f, 0xf8, 0x82, 0x1, 0xff, 0xc2, 0x7e,
    0x93, 0x0, 0xff, 0xe3, 0x88, 0x4, 0xe0, 0x1f,
    0xfc, 0x1a, 0x80, 0xf, 0xfe, 0x51, 0x80, 0x44,
    0x60, 0x3, 0x0, 0xfc, 0xea, 0x1, 0xcb, 0x39,
    0xdf, 0xe2, 0x0, 0xff, 0x9c, 0x2, 0xc0, 0x8,
    0x40, 0x3f, 0x48, 0x6, 0x4e, 0xa6, 0x31, 0x0,
    0x18, 0x7, 0xfd, 0xe0, 0x13, 0xb0, 0x7, 0xf8,
    0xc4, 0x3, 0x50, 0x80, 0x78, 0x40, 0x3f, 0xc2,
    0xa0, 0x3, 0x22, 0x0, 0x46, 0x1, 0xe6, 0x0,
    0xc4, 0x20, 0x1e, 0x50, 0xf, 0xfa, 0x40, 0x2a,
    0xf, 0x0, 0x90, 0x3, 0xfe, 0x20, 0xf, 0xd,
    0x80, 0x7f, 0x91, 0xc0, 0x2, 0xc0, 0xa0, 0x16,
    0x80, 0x79, 0x80, 0x3a, 0x84, 0x2, 0x5f, 0x10,
    0xe, 0xe0, 0x0, 0xc5, 0x80, 0x56, 0x0, 0x31,
    0x0, 0x28, 0x7, 0x8c, 0x40, 0x32, 0xf7, 0x5f,
    0x42, 0x1, 0xe5, 0xfe, 0xe3, 0x80, 0x4e, 0xa0,
    0x12, 0x0, 0x4e, 0x1, 0xeb, 0x0, 0xf0, 0x88,
    0x2, 0x2a, 0x0, 0xf0, 0x80, 0x67, 0x80, 0xd,
    0x20, 0x14, 0x80, 0x79, 0x60, 0x3, 0xf8, 0xf1,
    0x68, 0x3, 0xf1, 0x5c, 0x0, 0x71, 0x98, 0x0,
    0x32, 0x1, 0xe7, 0xd7, 0x31, 0x0, 0x13, 0x5e,
    0x8, 0x2e, 0xb1, 0x0, 0x9, 0x6b, 0x50, 0x3,
    0xef, 0x0, 0x99, 0x40, 0x3c, 0x51, 0x9d, 0xfe,
    0xd9, 0x40, 0xc, 0x53, 0xbf, 0xed, 0xa5, 0x0,
    0xfe, 0x37, 0x0, 0xa9, 0x0, 0x3f, 0xfb, 0x10,
    0x80, 0x15, 0xc0, 0x7, 0xff, 0x62, 0xcc, 0x2,
    0x7e, 0x71, 0x0, 0xff, 0xe1, 0x11, 0x80, 0x7f,
    0xf1, 0xb1, 0x80, 0x21, 0x8e, 0xc8, 0x53, 0x10,
    0x8, 0x4d, 0x62, 0xfb, 0x6c, 0x3, 0xff, 0x8f,
    0x36, 0x40, 0x18, 0xde, 0xb3, 0xbf, 0xee, 0xca,
    0x74, 0x10, 0xf, 0xfe, 0x52, 0x6c, 0x98, 0x7,
    0xff, 0x71, 0xb3, 0x65, 0x44, 0x3, 0xf8, 0x4d,
    0xa6, 0x40, 0x1f, 0xfc, 0xc2, 0x6a, 0xef, 0xdc,
    0xba, 0xa5, 0xe7, 0xf6, 0x4b, 0x8, 0x7, 0xff,
    0x4,

    /* U+0041 "A" */
    0x0, 0xff, 0xe0, 0x57, 0xff, 0xc8, 0x1, 0xff,
    0xcb, 0x15, 0x0, 0xfb, 0x80, 0x3f, 0xf9, 0x6c,
    0x1, 0xf9, 0x40, 0x3f, 0xf9, 0x74, 0x1, 0xfc,
    0xc0, 0x1f, 0xfc, 0x93, 0x20, 0xf, 0xea, 0x0,
    0xff, 0xe4, 0xd0, 0x6, 0x14, 0x0, 0xc6, 0x40,
    0x1f, 0xfc, 0x86, 0x0, 0xc9, 0xc0, 0x1d, 0x60,
    0x1f, 0xfc, 0x75, 0x0, 0xee, 0x40, 0xe, 0x70,
    0xf, 0xfe, 0x3c, 0x80, 0x72, 0xa, 0x0, 0x61,
    0x50, 0xf, 0xfe, 0x29, 0x18, 0x6, 0x50, 0x6,
    0x80, 0x77, 0x0, 0x7f, 0xf1, 0x68, 0x3, 0xb8,
    0x0, 0xe0, 0x1c, 0x82, 0x1, 0xff, 0xc4, 0x60,
    0xc, 0x28, 0x0, 0x15, 0x0, 0xe6, 0x0, 0xff,
    0xe1, 0xa0, 0x80, 0x66, 0x0, 0xde, 0x1, 0xd4,
    0x1, 0xff, 0xc3, 0xe0, 0xe, 0xb0, 0xc, 0xa2,
    0x1, 0x89, 0x0, 0x3f, 0xf8, 0x22, 0xa0, 0x18,
    0x8c, 0x3, 0x9c, 0x3, 0xb8, 0x3, 0xff, 0x82,
    0xe0, 0x1d, 0x40, 0x1e, 0xa0, 0xe, 0x51, 0x0,
    0xff, 0xe0, 0x58, 0x7, 0x30, 0x7, 0x8c, 0x80,
    0x39, 0xc0, 0x3f, 0xe3, 0x20, 0xc, 0x82, 0x1,
    0xf5, 0x0, 0x75, 0x0, 0x7f, 0xd4, 0x1, 0xdc,
    0x1, 0xf9, 0x80, 0x38, 0xcc, 0x1, 0xfe, 0x70,
    0xe, 0x50, 0xf, 0xc2, 0x80, 0x1d, 0x40, 0x1f,
    0xca, 0x20, 0x1d, 0xff, 0xfe, 0x40, 0xe, 0x70,
    0xf, 0xee, 0x0, 0xff, 0xe5, 0xa, 0x80, 0x7c,
    0x48, 0x1, 0xff, 0xcb, 0xe0, 0xf, 0xa8, 0x3,
    0xff, 0x98, 0x82, 0x1, 0xe6, 0x0, 0xff, 0xe6,
    0xb0, 0x7, 0x20, 0x80, 0x63, 0xee, 0xff, 0xe1,
    0x38, 0x7, 0x48, 0x7, 0x70, 0x7, 0x50, 0x8f,
    0xff, 0xa, 0x40, 0x38, 0x50, 0x2, 0x15, 0x0,
    0xe7, 0x0, 0xff, 0xe1, 0x9, 0x80, 0x77, 0x0,
    0x4e, 0x1, 0xca, 0x20, 0x1f, 0xfc, 0x3a, 0x0,
    0xe5, 0x10, 0x5, 0x0, 0x77, 0x0, 0x7f, 0xf1,
    0x18, 0x3, 0xce, 0x6, 0x60, 0xc, 0x28, 0x1,
    0xff, 0xc5, 0x50, 0xe, 0xa0, 0xa0, 0xe, 0x70,
    0xf, 0xfe, 0x37, 0x0, 0x71, 0x98,

    /* U+0042 "B" */
    0x8f, 0xff, 0xfe, 0x2f, 0x6c, 0xa0, 0x7, 0xff,
    0x30, 0x49, 0xaf, 0x4c, 0x3, 0xff, 0x9c, 0x58,
    0xa0, 0x1f, 0xfc, 0xfa, 0x30, 0xf, 0xfe, 0x7f,
    0x80, 0x7e, 0x7d, 0xdf, 0xf5, 0x28, 0x7, 0x8c,
    0x80, 0x3e, 0xf2, 0x2f, 0xf2, 0xd4, 0x80, 0x79,
    0x0, 0x3f, 0xf9, 0xc, 0x20, 0x1d, 0xc0, 0x1f,
    0xfc, 0x94, 0x0, 0xef, 0x0, 0xff, 0xe7, 0x90,
    0x7, 0xff, 0x25, 0xc0, 0x39, 0x0, 0x3f, 0xf9,
    0xc, 0x40, 0x19, 0x44, 0x3, 0xff, 0x8c, 0x53,
    0x20, 0xc, 0x36, 0x1, 0xfa, 0x3f, 0xff, 0xda,
    0xc0, 0x18, 0x70, 0x40, 0x3f, 0xf9, 0x8d, 0xe4,
    0x1, 0xff, 0xcc, 0x4d, 0x10, 0xf, 0xfe, 0x6a,
    0x5e, 0x18, 0x7, 0xff, 0x38, 0xf1, 0x0, 0x3f,
    0x3f, 0x77, 0xfb, 0x68, 0x80, 0x3a, 0x84, 0x3,
    0xef, 0x11, 0xff, 0x12, 0xea, 0x0, 0x61, 0x80,
    0xf, 0xfe, 0x4c, 0x80, 0x73, 0x0, 0x7f, 0xf2,
    0x48, 0x80, 0x1c, 0x60, 0x1f, 0xfc, 0x91, 0x0,
    0xe6, 0x0, 0xff, 0xe4, 0x88, 0x7, 0x18, 0x7,
    0xff, 0x20, 0x88, 0x1, 0xc6, 0x1, 0xff, 0xc8,
    0x90, 0xf, 0x38, 0x7, 0xbc, 0x8b, 0xfc, 0x6d,
    0xa8, 0x1, 0xc4, 0x40, 0xf, 0x3e, 0xef, 0xfb,
    0x24, 0x80, 0x3d, 0x60, 0x1f, 0xfc, 0xe4, 0x60,
    0xf, 0xfe, 0x69, 0xd8, 0x7, 0xff, 0x36, 0x30,
    0x3, 0xff, 0x92, 0x24, 0xb3, 0xce, 0x1, 0x80,

    /* U+0043 "C" */
    0x0, 0xff, 0x89, 0x15, 0x9d, 0xcc, 0x62, 0x1,
    0xff, 0xc6, 0x49, 0xdd, 0x5d, 0x4c, 0x42, 0x73,
    0xb1, 0xc4, 0x3, 0xff, 0x82, 0x99, 0x6c, 0x40,
    0x1f, 0xc7, 0x1d, 0x22, 0x1, 0xfe, 0x8b, 0x30,
    0xf, 0xfe, 0x1b, 0x7a, 0x0, 0x7e, 0xb7, 0x0,
    0xff, 0xe3, 0xd, 0xa0, 0x7, 0xad, 0x0, 0x3f,
    0x1a, 0xa9, 0x8, 0x3, 0xf5, 0x90, 0x6, 0x64,
    0x0, 0xf2, 0x5f, 0xe5, 0x52, 0xf7, 0x4e, 0x1,
    0xf7, 0x0, 0x43, 0x0, 0x1e, 0x9b, 0x40, 0xf,
    0x14, 0x69, 0x0, 0x71, 0xa0, 0x1, 0x84, 0x3,
    0xa5, 0x80, 0x3f, 0xc5, 0xe0, 0x1e, 0xe0, 0x5,
    0x0, 0x72, 0x30, 0x7, 0xff, 0x0, 0x9c, 0x3,
    0x94, 0x8, 0x80, 0x1d, 0x0, 0x1f, 0xfc, 0x2a,
    0x0, 0xf1, 0x20, 0x7, 0x9, 0x80, 0x7f, 0xf0,
    0x88, 0x3, 0xc3, 0xe0, 0x1c, 0x80, 0x1f, 0xfc,
    0x45, 0x22, 0xe0, 0x20, 0xe, 0xd0, 0xf, 0xfe,
    0x25, 0x6e, 0xf1, 0xb0, 0x7, 0x10, 0x7, 0xff,
    0x2c, 0xc0, 0x38, 0x40, 0x3f, 0xfa, 0x2e, 0x1,
    0xff, 0xef, 0x70, 0xf, 0xfe, 0x59, 0x80, 0x70,
    0x80, 0x7f, 0xf2, 0xd8, 0x3, 0x88, 0x3, 0xff,
    0x96, 0x40, 0x1d, 0xc0, 0x1f, 0xfc, 0x47, 0xcc,
    0xe3, 0xf0, 0xe, 0x40, 0xf, 0xfe, 0x26, 0x19,
    0xf3, 0xa0, 0x7, 0x11, 0x80, 0x7f, 0xf0, 0xd4,
    0x3, 0x98, 0x84, 0x3, 0xa0, 0x3, 0xff, 0x84,
    0x82, 0x1, 0xc4, 0xc, 0x1, 0xc8, 0xa0, 0x1f,
    0xfc, 0x19, 0x0, 0xe4, 0x0, 0x48, 0x7, 0xa9,
    0x40, 0x3f, 0xeb, 0x20, 0xe, 0xe0, 0x0, 0xc0,
    0x7, 0xaa, 0xd0, 0x3, 0xc2, 0xdc, 0x80, 0x1c,
    0x4a, 0x1, 0x39, 0x80, 0x79, 0x2f, 0xb2, 0xa9,
    0x79, 0xd2, 0x20, 0x1e, 0xe0, 0xe, 0xd2, 0x0,
    0xf8, 0x4d, 0x54, 0x86, 0x1, 0xfa, 0x8c, 0x3,
    0x87, 0xc, 0x3, 0xff, 0x8f, 0x4a, 0x1, 0xf0,
    0xe4, 0x88, 0x7, 0xff, 0xd, 0x79, 0x40, 0x3f,
    0xcd, 0xd4, 0x80, 0x1f, 0xe2, 0x7d, 0xa1, 0x0,
    0xff, 0xe0, 0xad, 0xfe, 0xd4, 0xc4, 0x53, 0x7d,
    0xb0, 0x40, 0x1f, 0x0,

    /* U+0044 "D" */
    0x8f, 0xff, 0xfe, 0xf, 0x6d, 0xca, 0x0, 0x7f,
    0xf3, 0x4, 0x91, 0xaf, 0xe4, 0x80, 0x3f, 0xf9,
    0xed, 0xb0, 0x1, 0xff, 0xd0, 0x7c, 0x10, 0xf,
    0xfe, 0x79, 0xe8, 0x7, 0xf9, 0xf7, 0x7e, 0xb9,
    0x50, 0xf, 0x8e, 0x80, 0x3f, 0xbc, 0x8b, 0xe4,
    0x6a, 0xe6, 0x0, 0xf2, 0xa0, 0x7, 0xff, 0x1c,
    0x66, 0x40, 0x1e, 0x80, 0xf, 0xfe, 0x4b, 0x30,
    0x3, 0x8c, 0xc0, 0x1f, 0xfc, 0x99, 0x10, 0xe,
    0xb0, 0xf, 0xfe, 0x53, 0x0, 0x72, 0x80, 0x7f,
    0xf2, 0xac, 0x3, 0x88, 0x3, 0xff, 0x94, 0x60,
    0x1e, 0x20, 0xf, 0xfe, 0x51, 0x0, 0x73, 0x0,
    0x7f, 0xf4, 0x4, 0x3, 0xff, 0x94, 0x20, 0x1c,
    0x60, 0x1f, 0xfe, 0x71, 0x0, 0xe3, 0x0, 0xff,
    0xe8, 0x8, 0x7, 0xff, 0x28, 0x80, 0x39, 0x80,
    0x3f, 0xf9, 0x26, 0x1, 0xe2, 0x0, 0xff, 0xe4,
    0xd8, 0x7, 0x10, 0x7, 0xff, 0x29, 0x80, 0x39,
    0x40, 0x3f, 0xf9, 0x32, 0x20, 0x1d, 0x60, 0x1f,
    0xfc, 0x86, 0x60, 0x7, 0x19, 0x80, 0x3f, 0xf8,
    0xc3, 0x32, 0x0, 0xf4, 0x0, 0x7e, 0xf2, 0x2f,
    0x91, 0xab, 0x98, 0x3, 0xca, 0x80, 0x1f, 0x9f,
    0x77, 0xeb, 0x95, 0x0, 0xf8, 0xe8, 0x3, 0xff,
    0x9c, 0x7a, 0x1, 0xff, 0xce, 0x6c, 0x10, 0xf,
    0xfe, 0x62, 0xec, 0x80, 0x7f, 0xf2, 0x45, 0x1a,
    0xbe, 0x88, 0x3, 0xe0,

    /* U+0045 "E" */
    0x8f, 0xff, 0xfe, 0x60, 0x80, 0x7f, 0xff, 0xc0,
    0x3f, 0xfa, 0xef, 0xbb, 0xff, 0xc6, 0x10, 0xf,
    0x79, 0x17, 0xff, 0x18, 0x3, 0xff, 0xfe, 0x1,
    0xff, 0xff, 0x0, 0xff, 0xe0, 0xc7, 0xff, 0xff,
    0x10, 0x40, 0x3f, 0xff, 0xe0, 0x1f, 0xfd, 0x97,
    0xdd, 0xff, 0xe2, 0x8, 0x7, 0xef, 0x22, 0xff,
    0xe2, 0x0, 0x7f, 0xff, 0xc0, 0x3f, 0xff, 0xe0,
    0x1f, 0xfc, 0x3f, 0x22, 0xff, 0xe3, 0x0, 0x7c,
    0xfb, 0xbf, 0xfc, 0x66, 0x0, 0xff, 0xff, 0x80,
    0x7f, 0xf4, 0x40,

    /* U+0046 "F" */
    0x8f, 0xff, 0xfe, 0x51, 0x0, 0x7f, 0xff, 0xc0,
    0x3f, 0xf9, 0xef, 0xbb, 0xff, 0xc4, 0x20, 0xf,
    0x79, 0x17, 0xff, 0x10, 0x3, 0xff, 0xfe, 0x1,
    0xff, 0xff, 0xf, 0x22, 0xff, 0xe1, 0x8, 0x7,
    0xe7, 0xdd, 0xff, 0xe1, 0x48, 0x7, 0xff, 0xfc,
    0x3, 0xff, 0xa3, 0x1f, 0xff, 0xfc, 0x28, 0x0,
    0xff, 0xff, 0x80, 0x7f, 0xff, 0xc0, 0x3f, 0xff,
    0xe0, 0x1f, 0xff, 0x50,

    /* U+0047 "G" */
    0x0, 0xff, 0xe0, 0x12, 0x33, 0xbc, 0xc8, 0x40,
    0x1f, 0xfc, 0x86, 0xaf, 0xdb, 0x98, 0x8a, 0x6f,
    0x7a, 0xd4, 0x3, 0xff, 0x86, 0xfd, 0x2a, 0x1,
    0xfe, 0x14, 0xaf, 0x70, 0xf, 0xf8, 0xf6, 0x4,
    0x3, 0xff, 0x89, 0x1c, 0x60, 0x1f, 0x93, 0x8,
    0x3, 0xff, 0x8e, 0x38, 0xa0, 0x1e, 0x3b, 0x0,
    0xfe, 0x34, 0x55, 0x20, 0x80, 0x7e, 0xa3, 0x0,
    0xee, 0x0, 0xf9, 0x6f, 0xf2, 0xea, 0x97, 0xd8,
    0xc0, 0x1f, 0x70, 0x6, 0x82, 0x0, 0xe1, 0xca,
    0x40, 0xf, 0x8e, 0x74, 0x80, 0x38, 0x98, 0x2,
    0x70, 0xe, 0x1f, 0x30, 0xf, 0xf8, 0xb0, 0x40,
    0x3a, 0x80, 0xc, 0x1, 0xea, 0x10, 0xf, 0xfe,
    0x8, 0xc0, 0x7, 0x18, 0x3, 0x40, 0x39, 0x10,
    0x1, 0xff, 0xc3, 0x60, 0xf, 0x18, 0x20, 0x7,
    0x70, 0x7, 0xff, 0x14, 0x84, 0x78, 0x8, 0x3,
    0xc8, 0x1, 0xff, 0xc5, 0xde, 0xee, 0x37, 0x0,
    0xe2, 0x10, 0xf, 0xfe, 0x61, 0x0, 0x73, 0x0,
    0x7f, 0xf4, 0xc4, 0x3, 0xf1, 0x19, 0xff, 0xf0,
    0xc3, 0xc0, 0x38, 0xc0, 0x3f, 0x76, 0x67, 0xff,
    0xd, 0x0, 0x3f, 0xfb, 0x46, 0x1, 0xff, 0xcd,
    0xf0, 0xe, 0x10, 0xf, 0xfe, 0x69, 0x0, 0x73,
    0x0, 0x7f, 0xf3, 0x58, 0x3, 0x88, 0x3, 0xf6,
    0x7f, 0xff, 0x20, 0x7, 0x8c, 0x3, 0xc6, 0x1,
    0xff, 0xc5, 0x60, 0xf, 0x8c, 0x3, 0xa8, 0x3,
    0xff, 0x88, 0x24, 0x1, 0xf2, 0x0, 0x73, 0x8,
    0x7, 0xff, 0xe, 0x40, 0x3f, 0x50, 0x7, 0xb4,
    0x3, 0xff, 0x84, 0xae, 0x1, 0xf8, 0x94, 0x3,
    0x8e, 0xc4, 0x3, 0xfe, 0x6a, 0x0, 0xff, 0x40,
    0x7, 0x93, 0xdc, 0x40, 0x3c, 0x2b, 0x92, 0x1,
    0xff, 0x14, 0x80, 0x78, 0x63, 0xb6, 0xea, 0x97,
    0x9d, 0x46, 0x1, 0xff, 0xc1, 0x67, 0x0, 0xfc,
    0x48, 0xaa, 0x43, 0x0, 0xf8, 0xc0, 0x3f, 0xa2,
    0x80, 0x3f, 0xf8, 0xf5, 0x20, 0x1f, 0xe5, 0xd5,
    0x0, 0xff, 0xe1, 0xa6, 0xab, 0x80, 0x7f, 0xc5,
    0x5a, 0xe6, 0x1, 0xfc, 0x2b, 0x96, 0x40, 0x40,
    0x1f, 0xfc, 0x12, 0x8c, 0xfc, 0xa9, 0x88, 0x4d,
    0x6f, 0x51, 0x80, 0x6f, 0xfc, 0x80,

    /* U+0048 "H" */
    0x8f, 0xfe, 0x70, 0xf, 0xfe, 0x16, 0x7f, 0xf1,
    0x0, 0x7f, 0xff, 0xc0, 0x3f, 0xff, 0xe0, 0x1f,
    0xff, 0xf0, 0xf, 0xff, 0xf8, 0x7, 0xff, 0x7a,
    0x3f, 0xff, 0xf8, 0x46, 0x1, 0xff, 0xff, 0x0,
    0xff, 0xf2, 0xb6, 0x67, 0xff, 0x8, 0x80, 0x3f,
    0xf8, 0x1c, 0x67, 0xff, 0xc2, 0x10, 0xf, 0xff,
    0xf8, 0x7, 0xff, 0xfc, 0x3, 0xff, 0xfe, 0x1,
    0xff, 0xff, 0x0, 0xff, 0xef, 0x0,

    /* U+0049 "I" */
    0x8f, 0xfe, 0x70, 0xf, 0xff, 0xf8, 0x7, 0xff,
    0xfc, 0x3, 0xff, 0xee,

    /* U+004A "J" */
    0x0, 0xff, 0xe2, 0x37, 0xff, 0x48, 0x7, 0xff,
    0xfc, 0x3, 0xff, 0xfe, 0x1, 0xff, 0xff, 0x0,
    0xff, 0xff, 0x80, 0x7f, 0xff, 0xc0, 0x3f, 0xff,
    0xe0, 0x1f, 0xe3, 0xaa, 0xe6, 0x0, 0xfe, 0x10,
    0xf, 0x32, 0xaf, 0x78, 0x7, 0xf7, 0x80, 0x70,
    0x80, 0x78, 0xc0, 0x3f, 0x8c, 0x3, 0xb8, 0x40,
    0x39, 0x80, 0x3f, 0x90, 0x3, 0x89, 0x40, 0x38,
    0xcc, 0x1, 0xf4, 0x0, 0x79, 0x4, 0x80, 0x3b,
    0x50, 0x3, 0x9d, 0xc0, 0x1c, 0xa0, 0xa, 0x0,
    0xe1, 0xbe, 0xba, 0xbe, 0x80, 0xf, 0x48, 0x1,
    0xc8, 0x3, 0xc2, 0x8a, 0x82, 0x1, 0xe6, 0x30,
    0xb, 0xc4, 0x3, 0xff, 0x86, 0x72, 0x1, 0x8b,
    0xc, 0x3, 0xff, 0x82, 0xb8, 0x1, 0xe2, 0xca,
    0x40, 0xf, 0xe5, 0xca, 0x0, 0xfe, 0x5b, 0xfc,
    0x98, 0x8a, 0x73, 0xe8, 0xc0, 0x38,

    /* U+004B "K" */
    0x8f, 0xfe, 0x70, 0xf, 0xfe, 0x1, 0x77, 0xff,
    0x94, 0x3, 0xff, 0x8c, 0x3e, 0x20, 0x1d, 0x4a,
    0x1, 0xff, 0xc5, 0x1c, 0x20, 0xe, 0x95, 0x0,
    0xff, 0xe3, 0x69, 0x0, 0x74, 0x30, 0x7, 0xff,
    0x1b, 0xc, 0x3, 0x9d, 0xc0, 0x1f, 0xfc, 0x6b,
    0x30, 0xe, 0x68, 0x0, 0xff, 0xe3, 0x52, 0x0,
    0x72, 0xc8, 0x7, 0xff, 0x1a, 0x54, 0x3, 0x96,
    0x80, 0x3f, 0xf8, 0xd2, 0xc0, 0x1c, 0x94, 0x1,
    0xff, 0xc6, 0x86, 0x0, 0xe3, 0xb0, 0xf, 0xfe,
    0x33, 0xb8, 0x3, 0x8f, 0x0, 0x3f, 0xf8, 0xcd,
    0x0, 0x1c, 0x5a, 0x1, 0xff, 0xc6, 0x59, 0x0,
    0xe2, 0xc1, 0x0, 0xff, 0xe2, 0xa5, 0x0, 0x7c,
    0x20, 0x1f, 0xfc, 0x5c, 0xb0, 0xf, 0x8a, 0x0,
    0x3f, 0xf8, 0xa8, 0x1, 0xfc, 0xe6, 0x1, 0xff,
    0xcf, 0xe0, 0xf, 0xfe, 0x40, 0xb8, 0x7, 0x13,
    0x80, 0x7f, 0xf1, 0x87, 0x21, 0x0, 0x3a, 0x8,
    0x3, 0xff, 0x88, 0x5e, 0x41, 0x40, 0x1e, 0xe0,
    0xf, 0xfe, 0x1a, 0x68, 0x80, 0x6, 0x40, 0x38,
    0xdc, 0x3, 0xff, 0x82, 0x96, 0x1, 0xcc, 0x60,
    0x1d, 0x4, 0x1, 0xff, 0xc0, 0xc0, 0xf, 0xb8,
    0x3, 0xdc, 0x1, 0xff, 0xc8, 0x27, 0x0, 0xe3,
    0x60, 0xf, 0xfe, 0x44, 0x10, 0x7, 0x49, 0x0,
    0x7f, 0xf2, 0x38, 0x3, 0xd2, 0x1, 0xff, 0xc8,
    0x36, 0x0, 0xe4, 0x60, 0xf, 0xfe, 0x44, 0x88,
    0x7, 0x48, 0x80, 0x7f, 0xf2, 0x2c, 0x3, 0xd4,
    0x1, 0xff, 0xc8, 0x55, 0x0, 0x72, 0x28, 0x7,
    0xff, 0x22, 0xc0, 0x3d, 0x62, 0x1, 0xff, 0xc7,
    0x19, 0x0, 0xe1, 0xb0,

    /* U+004C "L" */
    0x8f, 0xfe, 0x70, 0xf, 0xff, 0xf8, 0x7, 0xff,
    0xfc, 0x3, 0xff, 0xfe, 0x1, 0xff, 0xff, 0x0,
    0xff, 0xff, 0x80, 0x7f, 0xff, 0xc0, 0x3f, 0xff,
    0xe0, 0x1f, 0xff, 0xce, 0x44, 0xff, 0xe1, 0x88,
    0x7, 0x9a, 0xef, 0xff, 0x86, 0xa0, 0x1f, 0xff,
    0xf0, 0xf, 0xfe, 0x28,

    /* U+004D "M" */
    0x8f, 0xff, 0xe1, 0x0, 0xff, 0x8b, 0xff, 0xf9,
    0x40, 0x3f, 0xc8, 0x1, 0xff, 0x28, 0x7, 0xff,
    0x23, 0x0, 0x3f, 0xec, 0x0, 0xff, 0xe4, 0x38,
    0x7, 0xfc, 0x80, 0x1f, 0xfc, 0x81, 0x20, 0xf,
    0xe4, 0x0, 0xff, 0xe5, 0x28, 0x7, 0xf6, 0x0,
    0x7f, 0xf1, 0x5c, 0x3, 0x60, 0x7, 0xf2, 0x80,
    0x66, 0x0, 0xff, 0xe0, 0x60, 0x6, 0x40, 0xf,
    0xc2, 0x40, 0x11, 0x70, 0x7, 0xff, 0x1, 0x80,
    0x39, 0x0, 0x3e, 0x70, 0xc, 0x9e, 0x1, 0xff,
    0xc0, 0x33, 0x0, 0x6d, 0x0, 0xfb, 0x0, 0x36,
    0x0, 0x7f, 0xf0, 0x4d, 0x0, 0x32, 0x0, 0x7c,
    0x80, 0x19, 0x4, 0x3, 0xff, 0x83, 0x80, 0x18,
    0x88, 0x1, 0xc6, 0x20, 0x11, 0x88, 0x7, 0xff,
    0x4, 0x50, 0x3, 0x90, 0x3, 0xac, 0x3, 0x20,
    0x7, 0xff, 0x11, 0x0, 0x36, 0x0, 0x72, 0x0,
    0x6c, 0x3, 0x0, 0xff, 0xe1, 0x60, 0x6, 0x50,
    0xc, 0x26, 0x1, 0x90, 0x3, 0xff, 0x88, 0xa0,
    0x1c, 0x60, 0x12, 0x0, 0x64, 0x0, 0xff, 0xe1,
    0xb8, 0x10, 0x80, 0x6b, 0x0, 0xbc, 0x3, 0x60,
    0x7, 0xff, 0x19, 0xc0, 0x32, 0x0, 0x48, 0x1,
    0x94, 0x3, 0xff, 0x8d, 0x80, 0x18, 0xc4, 0x8,
    0x40, 0x21, 0x20, 0xf, 0xfe, 0x32, 0x80, 0x72,
    0x2, 0x0, 0x67, 0x0, 0xff, 0xe4, 0x18, 0x6,
    0xc0, 0xc0, 0xd, 0xa0, 0x1f, 0xfc, 0x8b, 0x0,
    0xca, 0xe, 0x1, 0x90, 0x3, 0xff, 0x90, 0x80,
    0x18, 0xc4, 0x80, 0x24, 0x0, 0xff, 0xe4, 0x98,
    0x80, 0x66, 0x0, 0xd8, 0x1, 0xff, 0xca, 0x70,
    0xd, 0x0, 0x19, 0x40, 0x3f, 0xf9, 0x58, 0x1,
    0xf8, 0x48, 0x3, 0xff, 0x94, 0x80, 0x1f, 0x9c,
    0x3, 0xff, 0x96, 0x26, 0x1, 0xf6, 0x80, 0x7f,
    0xf3, 0x2c, 0x3, 0xe4, 0x0, 0xff, 0xe6, 0x20,
    0x7, 0x90, 0x3, 0xff, 0x9a, 0x62, 0x1, 0xd8,
    0x1, 0xff, 0xce, 0x40, 0xe, 0x50, 0xf, 0xfe,
    0x8,

    /* U+004E "N" */
    0x8f, 0xfe, 0x80, 0xf, 0xfe, 0x14, 0xff, 0xf1,
    0x0, 0x79, 0xd0, 0x3, 0xff, 0x9f, 0x42, 0x1,
    0xff, 0xce, 0x1a, 0x0, 0xff, 0xe7, 0xa3, 0x0,
    0x7f, 0xf3, 0xe4, 0x80, 0x3f, 0xf9, 0xfe, 0x1,
    0xff, 0xcf, 0x28, 0x0, 0xff, 0xe7, 0xba, 0x0,
    0x7f, 0xf3, 0xe8, 0x40, 0x3f, 0xf9, 0x4, 0x1,
    0xc3, 0x40, 0x1f, 0xfc, 0x89, 0x10, 0xe, 0x46,
    0x0, 0xff, 0xe4, 0x58, 0x7, 0xa4, 0x80, 0x3f,
    0xf8, 0xea, 0xa0, 0xf, 0x70, 0x7, 0xff, 0x22,
    0xc4, 0x3, 0x8e, 0x0, 0x3f, 0xf8, 0xe3, 0x40,
    0x1e, 0x74, 0x0, 0xff, 0xe3, 0xa3, 0x80, 0x7a,
    0x84, 0x3, 0xff, 0x8f, 0x6, 0x1, 0xc3, 0x40,
    0x1f, 0xfc, 0x8e, 0x0, 0xf2, 0x30, 0x7, 0xff,
    0x1c, 0xa4, 0x3, 0xd2, 0x40, 0x1f, 0xfc, 0x76,
    0x50, 0xf, 0x48, 0x7, 0xff, 0x22, 0xc4, 0x3,
    0x91, 0xc0, 0x3f, 0xf8, 0xe3, 0x40, 0x1e, 0x10,
    0xf, 0xfe, 0x42, 0x38, 0x7, 0xff, 0x3e, 0xc,
    0x3, 0xff, 0x9f, 0xc0, 0x1f, 0xfc, 0xf2, 0x90,
    0xf, 0xfe, 0x7b, 0x20, 0x7, 0xff, 0x3e, 0x84,
    0x3, 0xff, 0x9c, 0x34, 0x1, 0xff, 0xcf, 0x47,
    0x0, 0xff, 0xe7, 0xc1, 0x0, 0x78,

    /* U+004F "O" */
    0x0, 0xff, 0x84, 0xd5, 0x9d, 0xcc, 0xa6, 0x1,
    0xff, 0xc8, 0x28, 0xce, 0xca, 0x98, 0x84, 0xd6,
    0x7e, 0x41, 0x0, 0x7f, 0xf0, 0x8a, 0xf5, 0xcc,
    0x3, 0xfc, 0x6f, 0xb6, 0x40, 0x1f, 0xf3, 0xea,
    0x0, 0x7f, 0xf1, 0x13, 0x58, 0x3, 0xfa, 0x60,
    0x3, 0xff, 0x91, 0x32, 0x0, 0xfa, 0x18, 0x3,
    0xf1, 0x22, 0xa9, 0x8, 0x3, 0xf3, 0x38, 0x7,
    0x23, 0x80, 0x78, 0x63, 0xb6, 0xea, 0x97, 0xba,
    0x81, 0x0, 0xf4, 0x18, 0x6, 0x90, 0xf, 0x27,
    0x38, 0x80, 0x78, 0x9f, 0xd0, 0x3, 0xdc, 0x1,
    0x29, 0x0, 0x72, 0xd8, 0x7, 0xfc, 0x36, 0x80,
    0x1c, 0x4a, 0x0, 0x90, 0xe, 0x2a, 0x0, 0xff,
    0xe1, 0x50, 0x80, 0x77, 0x0, 0x98, 0x7, 0x58,
    0x7, 0xff, 0xc, 0x60, 0x3, 0x90, 0x10, 0x3,
    0x85, 0x80, 0x3f, 0xf8, 0x8c, 0x1, 0xe5, 0xd0,
    0xe, 0x50, 0xf, 0xfe, 0x32, 0x0, 0x76, 0x98,
    0x7, 0x60, 0x7, 0xff, 0x1b, 0x0, 0x38, 0x98,
    0x3, 0x88, 0x3, 0xff, 0x8c, 0x40, 0x1c, 0xc0,
    0x1e, 0x10, 0xf, 0xfe, 0x30, 0x80, 0x70, 0x98,
    0x7, 0x38, 0x7, 0xff, 0x19, 0xc0, 0x38, 0xc0,
    0x3f, 0xfa, 0x86, 0x1, 0xce, 0x1, 0xff, 0xc6,
    0x70, 0xe, 0x30, 0xf, 0x8, 0x7, 0xff, 0x18,
    0x40, 0x38, 0x58, 0x3, 0x88, 0x3, 0xff, 0x8c,
    0x40, 0x1c, 0xc6, 0x1, 0xd8, 0x1, 0xff, 0xc6,
    0xc0, 0xe, 0x2d, 0x0, 0xe5, 0x0, 0xff, 0xe3,
    0x20, 0x7, 0x6a, 0x0, 0x70, 0xa8, 0x7, 0xff,
    0x11, 0x80, 0x3c, 0xa2, 0x60, 0x1d, 0x0, 0x1f,
    0xfc, 0x31, 0x80, 0xe, 0x40, 0x4, 0x80, 0x71,
    0x50, 0x7, 0xff, 0xa, 0xc4, 0x3, 0xbc, 0x0,
    0xa4, 0x1, 0xcb, 0x40, 0x1f, 0xf0, 0xda, 0x80,
    0x71, 0x20, 0x5, 0x20, 0x1e, 0x5e, 0x71, 0x0,
    0xf1, 0x3f, 0xa0, 0x7, 0xb8, 0x3, 0x23, 0x80,
    0x78, 0x63, 0xb6, 0xea, 0x97, 0xba, 0x81, 0x0,
    0xf4, 0x18, 0x7, 0x43, 0x0, 0x7e, 0x24, 0x55,
    0x21, 0x0, 0x7e, 0x67, 0x0, 0xfa, 0x60, 0x3,
    0xff, 0x91, 0x12, 0x1, 0xfc, 0xfa, 0x80, 0x1f,
    0xfc, 0x44, 0xd7, 0x0, 0xff, 0x8a, 0xf5, 0xc8,
    0x3, 0xfc, 0x4f, 0xb6, 0x40, 0x1f, 0xfc, 0x22,
    0x8d, 0xec, 0xa9, 0x88, 0x4d, 0x67, 0x6c, 0x10,
    0x7, 0xe0,

    /* U+0050 "P" */
    0x8f, 0xff, 0xfe, 0x2e, 0xd3, 0x0, 0x7f, 0xf3,
    0x9, 0x67, 0x98, 0x3, 0xff, 0x9a, 0x33, 0x40,
    0x1f, 0xfc, 0xe5, 0x90, 0xf, 0xfe, 0x73, 0x20,
    0x7, 0xcf, 0xbb, 0xfd, 0x92, 0x40, 0x1e, 0x80,
    0xf, 0xbc, 0x8b, 0xf8, 0xdb, 0x54, 0x3, 0x8c,
    0x40, 0x3f, 0xf8, 0xf6, 0x20, 0x1c, 0xe0, 0x1f,
    0xfc, 0x71, 0x70, 0xe, 0xe0, 0xf, 0xfe, 0x47,
    0x0, 0x71, 0x0, 0x7f, 0xf2, 0x4, 0x3, 0xff,
    0x9c, 0x20, 0x1c, 0x60, 0x1f, 0xfc, 0x8d, 0x0,
    0xe1, 0x0, 0xff, 0xe3, 0x8a, 0x80, 0x76, 0x80,
    0x7f, 0xf1, 0xe8, 0x3, 0xc8, 0x1, 0xef, 0x22,
    0xfe, 0x36, 0xd4, 0x0, 0xe5, 0x10, 0xf, 0x3e,
    0xef, 0xf6, 0x49, 0x0, 0x7a, 0x40, 0x3f, 0xf9,
    0xb0, 0x60, 0x1f, 0xfc, 0xc7, 0x70, 0x7, 0xff,
    0x2c, 0xaa, 0x0, 0x3f, 0xf9, 0x2, 0x6d, 0x7a,
    0xa0, 0x1f, 0xe8, 0xff, 0xff, 0x76, 0x4a, 0x0,
    0x7f, 0xff, 0xc0, 0x3f, 0xff, 0xe0, 0x1f, 0xff,
    0xf0, 0xf, 0xff, 0x38,

    /* U+0051 "Q" */
    0x0, 0xff, 0x84, 0xd5, 0x9d, 0xcc, 0xa6, 0x1,
    0xff, 0xc8, 0x28, 0xce, 0xca, 0x98, 0x84, 0xd6,
    0x7e, 0x41, 0x0, 0x7f, 0xf0, 0x8a, 0xf5, 0xcc,
    0x3, 0xfc, 0x6f, 0xb6, 0x40, 0x1f, 0xf3, 0xea,
    0x0, 0x7f, 0xf1, 0x13, 0x58, 0x3, 0xfa, 0x60,
    0x3, 0xff, 0x91, 0x32, 0x0, 0xfa, 0x18, 0x3,
    0xf1, 0x22, 0xa9, 0x8, 0x3, 0xf3, 0x38, 0x7,
    0x23, 0x80, 0x78, 0x63, 0xb6, 0xea, 0x97, 0xba,
    0x81, 0x0, 0xf4, 0x18, 0x6, 0x90, 0xf, 0x27,
    0x38, 0x80, 0x78, 0x9f, 0xd0, 0x3, 0xdc, 0x1,
    0x29, 0x0, 0x72, 0xd8, 0x7, 0xfc, 0x36, 0x80,
    0x1c, 0x4a, 0x0, 0x90, 0xe, 0x2a, 0x0, 0xff,
    0xe1, 0x50, 0x80, 0x77, 0x0, 0x98, 0x7, 0x58,
    0x7, 0xff, 0xc, 0x60, 0x3, 0x90, 0x10, 0x3,
    0x85, 0x80, 0x3f, 0xf8, 0x8c, 0x1, 0xe5, 0xd0,
    0xe, 0x50, 0xf, 0xfe, 0x32, 0x0, 0x76, 0x98,
    0x7, 0x60, 0x7, 0xff, 0x1b, 0x0, 0x38, 0x98,
    0x3, 0x88, 0x3, 0xff, 0x8c, 0x40, 0x1c, 0xc0,
    0x1e, 0x10, 0xf, 0xfe, 0x30, 0x80, 0x70, 0x98,
    0x7, 0x38, 0x7, 0xff, 0x19, 0xc0, 0x38, 0xc0,
    0x3f, 0xfa, 0x86, 0x1, 0xce, 0x1, 0xff, 0xc6,
    0x70, 0xe, 0x30, 0xf, 0x8, 0x7, 0xff, 0x18,
    0x40, 0x38, 0x58, 0x3, 0x88, 0x3, 0xff, 0x8c,
    0x40, 0x1c, 0xc6, 0x1, 0xd8, 0x1, 0xff, 0xc6,
    0xc0, 0xe, 0x2d, 0x0, 0xe5, 0x0, 0xff, 0xe3,
    0x20, 0x7, 0x6a, 0x0, 0x70, 0xa8, 0x7, 0xff,
    0x11, 0x80, 0x3c, 0xa2, 0x60, 0x1d, 0x0, 0x1f,
    0xfc, 0x31, 0x80, 0xe, 0x40, 0x4, 0x80, 0x71,
    0x50, 0x7, 0xff, 0xa, 0xc4, 0x3, 0xbc, 0x0,
    0xa4, 0x1, 0xcb, 0x40, 0x1f, 0xf0, 0xda, 0x80,
    0x71, 0x20, 0x5, 0x20, 0x1e, 0x5e, 0x71, 0x0,
    0xf1, 0x3f, 0xa0, 0x7, 0xb8, 0x3, 0x23, 0x80,
    0x78, 0x63, 0xb6, 0xea, 0x97, 0xba, 0x81, 0x0,
    0xf4, 0x18, 0x7, 0x43, 0x0, 0x7e, 0x24, 0x55,
    0x21, 0x0, 0x7e, 0x77, 0x0, 0x7d, 0x30, 0x1,
    0xff, 0xc8, 0x98, 0x0, 0xfe, 0x7d, 0x40, 0xf,
    0xfe, 0x22, 0x6b, 0x0, 0x7f, 0xc5, 0x7a, 0xe4,
    0x1, 0xff, 0xc1, 0x82, 0x0, 0xff, 0xe1, 0x14,
    0x6f, 0x65, 0x4c, 0x41, 0x80, 0x3d, 0xa6, 0x1,
    0xff, 0xc5, 0x13, 0x56, 0x77, 0x4b, 0x80, 0x70,
    0xe1, 0x80, 0x7f, 0xf2, 0xe1, 0x80, 0x3d, 0x86,
    0x1, 0xff, 0xcb, 0x96, 0x0, 0xf6, 0x18, 0x7,
    0xff, 0x2e, 0x54, 0x3, 0xd8, 0x80, 0x1f, 0xfc,
    0xba, 0x40, 0xf, 0x5a, 0x0,

    /* U+0052 "R" */
    0x8f, 0xff, 0xfe, 0x2f, 0x6d, 0x28, 0x7, 0xff,
    0x34, 0x49, 0x6b, 0x98, 0x3, 0xff, 0x9e, 0x33,
    0x40, 0x1f, 0xfd, 0x5, 0x90, 0xf, 0xfe, 0x83,
    0x18, 0x7, 0xe7, 0xdd, 0xff, 0x64, 0x10, 0x7,
    0xa0, 0x3, 0xf7, 0x91, 0x7f, 0x8d, 0xf5, 0x0,
    0x39, 0x0, 0x3f, 0xf9, 0x54, 0x1, 0xe4, 0x0,
    0xff, 0xe4, 0x8a, 0x0, 0x71, 0x0, 0x7f, 0xf2,
    0x88, 0x3, 0x84, 0x3, 0xff, 0xce, 0xa0, 0x1c,
    0x20, 0x1f, 0xfc, 0x91, 0x30, 0xe, 0x50, 0xf,
    0xfe, 0x4d, 0x0, 0x70, 0x98, 0x7, 0xff, 0x18,
    0x53, 0x10, 0x3, 0x9c, 0x3, 0xf4, 0x7f, 0xff,
    0xba, 0xcc, 0x3, 0xd0, 0x1, 0xff, 0xcf, 0xa1,
    0x0, 0xff, 0xe7, 0x4a, 0x80, 0x7f, 0xf3, 0x4f,
    0x18, 0x3, 0xff, 0x9d, 0x6, 0x1, 0xff, 0x3f,
    0x77, 0xf3, 0x80, 0x74, 0x0, 0x7f, 0xf0, 0x3c,
    0x47, 0xfa, 0x40, 0x38, 0xd0, 0x3, 0xff, 0x92,
    0x2e, 0x1, 0xd0, 0x1, 0xff, 0xca, 0x90, 0xe,
    0x34, 0x0, 0xff, 0xe4, 0x8b, 0x0, 0x74, 0x0,
    0x7f, 0xf2, 0xa0, 0x3, 0x8d, 0x40, 0x3f, 0xf9,
    0x22, 0xc0, 0x1d, 0x0, 0x1f, 0xfc, 0xab, 0x0,
    0xe2, 0x50, 0xf, 0xfe, 0x49, 0x28, 0x7, 0x40,
    0x7, 0xff, 0x2a, 0x0, 0x38, 0x94, 0x3, 0xff,
    0x92, 0x4a, 0x1, 0xd0, 0x1, 0xff, 0xca, 0x80,
    0xe, 0x25,

    /* U+0053 "S" */
    0x0, 0xfe, 0x24, 0x67, 0x79, 0x90, 0x40, 0x3f,
    0xf8, 0x6b, 0x5d, 0xb7, 0x31, 0x14, 0xdf, 0x6c,
    0x10, 0x7, 0xf9, 0x76, 0x94, 0x40, 0x3f, 0x89,
    0xf6, 0x84, 0x3, 0xe8, 0xa2, 0x0, 0xff, 0xe1,
    0xaf, 0x98, 0x7, 0x43, 0x80, 0x7f, 0xf1, 0x87,
    0x8, 0x2, 0x37, 0x0, 0xf8, 0x51, 0x56, 0x30,
    0xf, 0xdc, 0x1, 0x50, 0x7, 0x9b, 0x7a, 0xea,
    0xac, 0xf8, 0x10, 0xe, 0x33, 0x0, 0x1c, 0x3,
    0xa2, 0x48, 0x3, 0xe7, 0xc1, 0x0, 0xeb, 0x0,
    0x8, 0x7, 0x38, 0x7, 0xf8, 0xa0, 0x3, 0x8c,
    0x4, 0x3, 0xff, 0x8c, 0x80, 0x1c, 0xe0, 0x20,
    0x1e, 0x50, 0xf, 0xf8, 0xaa, 0xba, 0x0, 0x4,
    0x1, 0xd4, 0xc0, 0x1f, 0xf2, 0xaf, 0x20, 0x1,
    0x40, 0x3d, 0x3a, 0xe2, 0x1, 0xff, 0xc4, 0x91,
    0x0, 0xf1, 0x47, 0x64, 0x18, 0x7, 0xff, 0x4,
    0x68, 0x3, 0xf8, 0xdf, 0x3e, 0x94, 0x3, 0xfe,
    0x4b, 0x10, 0xf, 0xf9, 0x6b, 0xe9, 0x40, 0x3f,
    0x93, 0xd4, 0x3, 0xff, 0x82, 0xb5, 0xaa, 0x1,
    0xf8, 0x6b, 0x5c, 0x80, 0x3f, 0xf8, 0x5, 0x54,
    0x0, 0xfe, 0x28, 0xdc, 0x72, 0x0, 0xff, 0x96,
    0xc0, 0x3f, 0xe3, 0x8d, 0xe9, 0x50, 0xf, 0xe4,
    0x70, 0xf, 0xfe, 0x8, 0xb5, 0x7d, 0x20, 0x7,
    0xd0, 0x1, 0xff, 0xc5, 0x5b, 0xc1, 0x0, 0xf2,
    0x91, 0x9f, 0x0, 0x7f, 0xf0, 0xf, 0xc0, 0x3c,
    0x59, 0x9e, 0x10, 0xf, 0xfe, 0x0, 0xb0, 0x7,
    0x70, 0x7, 0x88, 0x3, 0xff, 0x83, 0xc0, 0x1c,
    0x24, 0x1, 0xd4, 0x1, 0xff, 0xc1, 0xe0, 0xe,
    0xf4, 0x0, 0xe6, 0x50, 0xf, 0xf8, 0xd8, 0x3,
    0x92, 0x80, 0x3d, 0x54, 0x30, 0xf, 0x8a, 0x30,
    0x3, 0x84, 0xc9, 0xc0, 0x3c, 0xb9, 0xd7, 0x53,
    0x57, 0xda, 0xe0, 0x1e, 0x80, 0x4, 0x20, 0x7,
    0xc2, 0x8a, 0xca, 0x82, 0x1, 0xf2, 0x30, 0x5,
    0x6a, 0x1, 0xff, 0xc7, 0x4b, 0x0, 0xea, 0xa1,
    0x0, 0x7f, 0xf0, 0xc6, 0x6c, 0x3, 0xe5, 0xda,
    0x50, 0xf, 0xf0, 0xac, 0xf3, 0x0, 0x7f, 0x96,
    0xbf, 0x6a, 0x62, 0x13, 0x57, 0xbd, 0x4c, 0x1,
    0xe0,

    /* U+0054 "T" */
    0xdf, 0xff, 0xfe, 0x6a, 0x80, 0x7f, 0xff, 0xc0,
    0x3f, 0xfa, 0xbf, 0x99, 0xfc, 0x40, 0x1d, 0x59,
    0x9f, 0xc8, 0x46, 0x7f, 0xc2, 0x1, 0xcc, 0x67,
    0xfc, 0x20, 0x1f, 0xff, 0xf0, 0xf, 0xff, 0xf8,
    0x7, 0xff, 0xfc, 0x3, 0xff, 0xfe, 0x1, 0xff,
    0xff, 0x0, 0xff, 0xff, 0x80, 0x7f, 0xff, 0xc0,
    0x3f, 0xff, 0xe0, 0x1f, 0xff, 0xf0,

    /* U+0055 "U" */
    0xbf, 0xfe, 0x40, 0xf, 0xfe, 0x17, 0xff, 0x80,
    0x3f, 0xff, 0xe0, 0x1f, 0xff, 0xf0, 0xf, 0xff,
    0xf8, 0x7, 0xff, 0xfc, 0x3, 0xff, 0xfe, 0x1,
    0xff, 0xff, 0x0, 0xff, 0xf9, 0x88, 0x7, 0x8,
    0x7, 0xff, 0x20, 0xc0, 0x38, 0xc0, 0x3f, 0xf8,
    0x22, 0x1, 0xc2, 0x20, 0xe, 0xf0, 0xf, 0xfe,
    0xa, 0x0, 0x71, 0xe8, 0x7, 0x38, 0x7, 0xff,
    0x7, 0xc0, 0x39, 0xd0, 0x3, 0x85, 0xc0, 0x3f,
    0xe2, 0x50, 0xe, 0xc1, 0x30, 0xe, 0x84, 0x0,
    0xfe, 0x2f, 0x0, 0xf3, 0x84, 0x80, 0x7a, 0xe4,
    0x40, 0x3c, 0xf8, 0x40, 0x1c, 0xa2, 0xa, 0x60,
    0x1e, 0x6e, 0xdb, 0xaa, 0x67, 0xc0, 0x80, 0x7a,
    0xc0, 0x2e, 0x10, 0xf, 0x89, 0x15, 0x46, 0x1,
    0xfa, 0x84, 0x2, 0x2c, 0x10, 0xf, 0xfe, 0x35,
    0x28, 0x7, 0x17, 0xa8, 0x7, 0xff, 0xc, 0xf5,
    0x40, 0x3e, 0x1a, 0xd7, 0x20, 0xf, 0xe1, 0x5b,
    0xc2, 0x0, 0xff, 0x14, 0x6f, 0x5c, 0xc4, 0x53,
    0x7b, 0xd4, 0x80, 0x1e,

    /* U+0056 "V" */
    0x5f, 0xff, 0x10, 0x7, 0xff, 0x13, 0xff, 0xc6,
    0xa0, 0x1e, 0x50, 0xf, 0xfe, 0x1a, 0x0, 0x71,
    0x18, 0x28, 0x7, 0x58, 0x7, 0xff, 0xf, 0x80,
    0x39, 0x40, 0x1c, 0x1, 0xc6, 0x40, 0x1f, 0xfc,
    0x25, 0x0, 0xea, 0x0, 0x20, 0x80, 0x72, 0x80,
    0x7f, 0xf0, 0x54, 0x3, 0x8c, 0x80, 0x27, 0x0,
    0xea, 0x0, 0xff, 0xe0, 0xf8, 0x7, 0x50, 0x6,
    0xa0, 0xe, 0x22, 0x0, 0x7f, 0xf0, 0x14, 0x3,
    0x9c, 0x3, 0x19, 0x0, 0x75, 0x0, 0x7f, 0xca,
    0x1, 0xc8, 0x20, 0x1d, 0x40, 0x1c, 0xa0, 0x1f,
    0xf7, 0x80, 0x77, 0x0, 0x79, 0x40, 0x38, 0x88,
    0x1, 0xfe, 0x50, 0xe, 0x50, 0xf, 0x11, 0x80,
    0x75, 0x0, 0x7f, 0x28, 0x7, 0x28, 0x7, 0xea,
    0x0, 0xe5, 0x0, 0xfe, 0xf0, 0xe, 0xe0, 0xf,
    0xce, 0x1, 0xc4, 0x60, 0x1f, 0x94, 0x3, 0xa,
    0x0, 0x7e, 0x14, 0x0, 0xeb, 0x0, 0xf9, 0x40,
    0x39, 0x80, 0x3f, 0xdc, 0x1, 0xcc, 0x1, 0xf7,
    0x0, 0x75, 0x80, 0x7f, 0x94, 0x3, 0x84, 0xc0,
    0x3c, 0x80, 0x18, 0x8c, 0x3, 0xfe, 0x60, 0xe,
    0xb0, 0xe, 0x50, 0xe, 0xa0, 0xf, 0xfe, 0x6,
    0x80, 0x73, 0x0, 0x77, 0x0, 0x73, 0x0, 0x7f,
    0xf0, 0x10, 0x40, 0x30, 0x98, 0x4, 0x28, 0x1,
    0x8c, 0x40, 0x3f, 0xf8, 0x2c, 0x1, 0xd4, 0x1,
    0x38, 0x7, 0x50, 0x7, 0xff, 0xa, 0x80, 0x39,
    0xc0, 0x2d, 0x0, 0xe7, 0x0, 0xff, 0xe1, 0x11,
    0x0, 0x30, 0xa0, 0xa, 0x0, 0x65, 0x10, 0xf,
    0xfe, 0x1d, 0x0, 0x76, 0x83, 0x80, 0x77, 0x80,
    0x7f, 0xf1, 0x18, 0x3, 0x9c, 0x34, 0x3, 0xa,
    0x80, 0x7f, 0xf1, 0x5, 0x0, 0x30, 0xaa, 0x0,
    0x67, 0x0, 0xff, 0xe3, 0x68, 0x7, 0x50, 0x7,
    0x50, 0x7, 0xff, 0x19, 0x80, 0x3f, 0xc2, 0x60,
    0x1f, 0xfc, 0x75, 0x0, 0xfe, 0x60, 0xf, 0xfe,
    0x47, 0x0, 0x7f, 0x50, 0x7, 0xff, 0x21, 0x4,
    0x3, 0xe3, 0x20, 0xf, 0xfe, 0x4b, 0x80, 0x7d,
    0x60, 0x1f, 0xfc, 0xaa, 0x0, 0xf9, 0x80, 0x3f,
    0xe0,

    /* U+0057 "W" */
    0x6f, 0xfe, 0xe0, 0xf, 0xfb, 0x3f, 0xfe, 0x20,
    0xf, 0xf2, 0xff, 0xf2, 0x20, 0x3, 0x84, 0x80,
    0x3f, 0xc6, 0x1, 0xf2, 0x0, 0x7f, 0xb0, 0x3,
    0x90, 0x84, 0x3, 0x90, 0x3, 0xf8, 0xc0, 0x3f,
    0x78, 0x7, 0xf9, 0x40, 0x32, 0x0, 0x1c, 0x3,
    0xb0, 0x3, 0xf9, 0x0, 0x3f, 0x20, 0x7, 0xf0,
    0x98, 0x6, 0xc0, 0x6, 0x0, 0x72, 0x0, 0x7f,
    0x68, 0x7, 0xe2, 0x10, 0xf, 0xca, 0x1, 0xc8,
    0x0, 0x40, 0xe, 0x12, 0x0, 0xfc, 0x80, 0x1f,
    0xca, 0x1, 0xfb, 0x0, 0x30, 0x98, 0x0, 0x4c,
    0x3, 0x90, 0x3, 0xe2, 0x10, 0x8, 0x44, 0x1,
    0xb0, 0x3, 0xf2, 0x0, 0x64, 0x0, 0xc8, 0x1,
    0xd8, 0x1, 0xf2, 0x0, 0x62, 0x20, 0x6, 0x40,
    0xf, 0xc6, 0x1, 0xb0, 0x3, 0x60, 0x7, 0x20,
    0x7, 0xde, 0x1, 0x99, 0x40, 0x31, 0x80, 0x7c,
    0x80, 0x1c, 0x80, 0x19, 0x0, 0x38, 0x48, 0x3,
    0xc8, 0x1, 0xb7, 0xc0, 0x38, 0xc0, 0x3d, 0x80,
    0x18, 0x88, 0x1, 0xc8, 0x1, 0xc8, 0x1, 0xc2,
    0x40, 0x18, 0x94, 0x3, 0x90, 0x3, 0xc8, 0x1,
    0x90, 0x3, 0xd8, 0x1, 0xd8, 0x1, 0xca, 0x1,
    0xc8, 0x60, 0x1d, 0xa0, 0x1e, 0x30, 0xd, 0x80,
    0x1e, 0x40, 0xe, 0x40, 0xe, 0xc0, 0xc, 0x42,
    0x6, 0x1, 0x90, 0x3, 0x90, 0x3, 0x90, 0x3,
    0xc6, 0x20, 0x18, 0x48, 0x3, 0x20, 0x6, 0x40,
    0x2, 0x0, 0x61, 0x20, 0xd, 0x80, 0x18, 0xc4,
    0x3, 0xe4, 0x0, 0xe4, 0x0, 0xc6, 0x1, 0xb0,
    0x1, 0x80, 0x1c, 0x80, 0x19, 0x0, 0x32, 0x0,
    0x7e, 0xc0, 0xe, 0xc0, 0x8, 0xc0, 0x39, 0x0,
    0x8, 0x1, 0xde, 0x1, 0x8c, 0x3, 0x60, 0x7,
    0xe4, 0x0, 0xe4, 0x0, 0x90, 0x3, 0x8, 0x80,
    0x23, 0x0, 0xc8, 0x1, 0x20, 0x7, 0x20, 0x7,
    0xe2, 0x20, 0x6, 0x12, 0x0, 0x68, 0x6, 0x40,
    0xc, 0xa0, 0x18, 0x84, 0x1, 0x80, 0x19, 0x0,
    0x3f, 0xc8, 0x1, 0xc8, 0x0, 0x40, 0xd, 0x80,
    0x1b, 0x0, 0x39, 0x40, 0x8, 0x1, 0xb0, 0x3,
    0xfd, 0x80, 0x1d, 0x80, 0x42, 0x1, 0x90, 0x3,
    0x20, 0x7, 0x60, 0x0, 0xc0, 0x32, 0x80, 0x7f,
    0x90, 0x3, 0x90, 0x1c, 0x3, 0x9, 0x0, 0x61,
    0x20, 0xc, 0x80, 0x80, 0x18, 0x48, 0x3, 0xfc,
    0x26, 0x1, 0x84, 0x5a, 0x1, 0x90, 0x3, 0xc8,
    0x1, 0x8c, 0x30, 0x3, 0x20, 0x7, 0xff, 0x1,
    0x0, 0x39, 0x4c, 0x3, 0x60, 0x7, 0xb0, 0x3,
    0x88, 0xc0, 0x36, 0x0, 0x7f, 0xf0, 0x30, 0x3,
    0x8d, 0x80, 0x32, 0x80, 0x79, 0x0, 0x39, 0xd4,
    0x3, 0x38, 0x7, 0xff, 0x1, 0x0, 0x3b, 0x88,
    0x3, 0x18, 0x7, 0x84, 0x80, 0x36, 0x8, 0x4,
    0x42, 0x1, 0xff, 0xc1, 0x40, 0xc, 0xc0, 0x19,
    0x0, 0x3f, 0x20, 0x6, 0x60, 0xc, 0x80, 0x1f,
    0xfc, 0x2c, 0x0, 0xfe, 0xc0, 0xf, 0xd8, 0x1,
    0xfd, 0xa0, 0x1f, 0xfc, 0x24, 0x0, 0xfe, 0x40,
    0xf, 0xce, 0x1, 0xfc, 0x80, 0x1f, 0xfc, 0x23,
    0x10, 0xf, 0xc6, 0x1, 0xf8, 0x84, 0x3, 0xe3,
    0x0, 0xff, 0xe2, 0x20, 0x7, 0xc8, 0x1, 0xfe,
    0x40, 0xf, 0xac, 0x3, 0xff, 0x89, 0x80, 0x1f,
    0x18, 0x7, 0xfb, 0x0, 0x3e, 0x40, 0xf, 0xfe,
    0x23, 0x80, 0x7d, 0x80, 0x1f, 0xe4, 0x0, 0xf8,
    0xc0, 0x3f, 0x0,

    /* U+0058 "X" */
    0x2, 0xff, 0xf8, 0xc0, 0x3f, 0xf8, 0x7, 0xff,
    0xe9, 0x0, 0x8a, 0x40, 0x3d, 0xc0, 0x1f, 0xfc,
    0xe, 0x0, 0xe1, 0x90, 0xc, 0xc8, 0x1, 0xc5,
    0x0, 0x1f, 0xe8, 0x20, 0xe, 0xa0, 0xf, 0x50,
    0x7, 0x9c, 0x80, 0x3f, 0x1b, 0x80, 0x73, 0x20,
    0x7, 0x86, 0x40, 0x3d, 0xc0, 0x1f, 0xb8, 0x3,
    0x8a, 0x40, 0x3f, 0x32, 0x0, 0x71, 0xb8, 0x7,
    0xa0, 0x80, 0x3b, 0x80, 0x3f, 0xd4, 0x20, 0x1d,
    0x4, 0x1, 0x89, 0xc0, 0x39, 0xcc, 0x3, 0xfc,
    0x36, 0x1, 0xee, 0x0, 0xdc, 0x1, 0xc5, 0x0,
    0x1f, 0xfc, 0x5, 0x50, 0x7, 0x1b, 0x80, 0x1c,
    0xc0, 0x3b, 0x80, 0x3f, 0xf8, 0x56, 0x20, 0x1d,
    0x4, 0x48, 0x0, 0xe8, 0x30, 0xf, 0xfe, 0x10,
    0xd8, 0x7, 0xbb, 0x80, 0x1c, 0x6e, 0x1, 0xff,
    0xc4, 0x55, 0x0, 0x71, 0x98, 0x3, 0xb8, 0x3,
    0xff, 0x8d, 0x62, 0x1, 0xfe, 0x82, 0x0, 0xff,
    0xe3, 0xd, 0x0, 0x7f, 0x1b, 0x80, 0x7f, 0xf2,
    0x11, 0x80, 0x3f, 0x70, 0x7, 0xff, 0x2b, 0x0,
    0x3e, 0x22, 0x0, 0x7f, 0xf2, 0x46, 0xc0, 0x3e,
    0x28, 0x0, 0xff, 0xe4, 0xd8, 0x80, 0x7e, 0x73,
    0x0, 0xff, 0xe3, 0xaa, 0x80, 0x3f, 0xdc, 0x1,
    0xff, 0xc6, 0x1b, 0x0, 0xe2, 0x0, 0xe2, 0x90,
    0xf, 0xfe, 0x2d, 0x8, 0x6, 0x2d, 0x40, 0xe,
    0x64, 0x0, 0xff, 0xe1, 0xb2, 0x0, 0x77, 0x4,
    0x80, 0x7a, 0x80, 0x3f, 0xf8, 0x43, 0x20, 0x1c,
    0xe6, 0x5, 0x0, 0x1c, 0x32, 0x1, 0xff, 0xc1,
    0xa0, 0xe, 0x28, 0x0, 0x9c, 0xc0, 0x39, 0x90,
    0x3, 0xfe, 0x64, 0x0, 0xe9, 0x0, 0xee, 0x0,
    0xf5, 0x8, 0x7, 0xf1, 0x48, 0x7, 0x32, 0x0,
    0x71, 0x40, 0x7, 0xd, 0x80, 0x7f, 0x70, 0x7,
    0xc, 0x0, 0x7c, 0xe6, 0x1, 0xca, 0xa0, 0xf,
    0x9c, 0xc0, 0x3a, 0xc4, 0x3, 0xf7, 0x0, 0x7a,
    0xc4, 0x3, 0x8a, 0x0, 0x39, 0x54, 0x1, 0xfc,
    0x4e, 0x1, 0xc3, 0x60, 0x1d, 0xc0, 0x1c, 0x36,
    0x1, 0xff, 0x41, 0x0, 0x72, 0xa8, 0x2, 0x73,
    0x0, 0xe8, 0x10, 0xf, 0xfe, 0x7, 0x0, 0x7a,
    0xc4, 0xa, 0x0, 0x39, 0x18, 0x3, 0xff, 0x82,
    0x6e, 0x1, 0xc3, 0x40,

    /* U+0059 "Y" */
    0x3f, 0xff, 0x50, 0x7, 0xff, 0xc, 0xbf, 0xfc,
    0xa6, 0xc0, 0x1c, 0xa8, 0x1, 0xff, 0xc2, 0xe0,
    0xe, 0x45, 0x9, 0x10, 0xe, 0x90, 0xf, 0xfe,
    0xa, 0x98, 0x7, 0x48, 0x5, 0x40, 0x1c, 0x50,
    0x1, 0xff, 0xd, 0x80, 0x74, 0x10, 0x4, 0x8a,
    0x1, 0xce, 0x40, 0x1f, 0xe8, 0x10, 0xc, 0x6e,
    0x1, 0xd6, 0x20, 0x1d, 0x20, 0x1f, 0xc6, 0xc0,
    0x1d, 0xe0, 0x1e, 0x18, 0x0, 0xe4, 0x50, 0xf,
    0xde, 0x1, 0xce, 0x60, 0x1f, 0x32, 0x0, 0x75,
    0x88, 0x7, 0x98, 0xc0, 0x31, 0x40, 0x7, 0xf4,
    0x80, 0x70, 0xc0, 0x7, 0xc, 0x0, 0x74, 0x80,
    0x7f, 0x8a, 0x0, 0x39, 0x8c, 0x3, 0x58, 0x80,
    0x65, 0x40, 0xf, 0xf9, 0xcc, 0x3, 0xbc, 0x2,
    0x35, 0x0, 0xc3, 0x60, 0x1f, 0xfc, 0x1f, 0x0,
    0xe3, 0x60, 0x7, 0x0, 0x75, 0x88, 0x7, 0xff,
    0x4, 0xdc, 0x3, 0xa4, 0x5c, 0x80, 0x32, 0x28,
    0x7, 0xff, 0xe, 0x8, 0x3, 0xb6, 0x0, 0x3a,
    0x80, 0x3f, 0xf8, 0xb2, 0x1, 0xc6, 0x1, 0xd2,
    0x20, 0x1f, 0xfc, 0x54, 0x50, 0xf, 0xe3, 0x60,
    0xf, 0xfe, 0x3d, 0x88, 0x7, 0xee, 0x0, 0xff,
    0xe4, 0xd, 0x80, 0x7c, 0xe4, 0x1, 0xff, 0xc9,
    0x54, 0x0, 0xe2, 0x80, 0xf, 0xfe, 0x5e, 0x80,
    0x72, 0x0, 0x7f, 0xff, 0xc0, 0x3f, 0xff, 0xe0,
    0x1f, 0xff, 0xf0, 0xf, 0xff, 0xf8, 0x7, 0xff,
    0xfc, 0x3, 0xf8,

    /* U+005A "Z" */
    0x7, 0xff, 0xff, 0xe6, 0x0, 0x7f, 0xff, 0xc0,
    0x39, 0x40, 0x3f, 0xf9, 0xa3, 0x40, 0x6, 0xdd,
    0xff, 0xe1, 0x58, 0x7, 0xda, 0x1, 0x9, 0x17,
    0xff, 0xa, 0x0, 0x3c, 0xe6, 0x1, 0xff, 0xc5,
    0x73, 0x0, 0xe3, 0x80, 0xf, 0xfe, 0x29, 0xc0,
    0x7, 0xb8, 0x3, 0xff, 0x8d, 0xc0, 0x1e, 0x92,
    0x0, 0xff, 0xe2, 0xc9, 0x0, 0x72, 0x30, 0x7,
    0xff, 0x15, 0x18, 0x3, 0x86, 0x80, 0x3f, 0xf8,
    0xa3, 0x40, 0x1e, 0xa1, 0x0, 0xff, 0xe2, 0xd0,
    0x80, 0x73, 0x20, 0x7, 0xff, 0x15, 0x90, 0x3,
    0x8a, 0x40, 0x3f, 0xf8, 0xa5, 0x20, 0x1e, 0xe0,
    0xf, 0xfe, 0x37, 0x0, 0x7a, 0xc, 0x3, 0xff,
    0x8b, 0x6, 0x1, 0xc6, 0xe0, 0x1f, 0xfc, 0x53,
    0x70, 0xf, 0x70, 0x7, 0xff, 0x1b, 0x80, 0x3d,
    0x24, 0x1, 0xff, 0xc5, 0x92, 0x0, 0xe5, 0x60,
    0xf, 0xfe, 0x2a, 0xb0, 0x7, 0xd, 0x80, 0x7f,
    0xf1, 0x46, 0xc0, 0x3d, 0x42, 0x1, 0xff, 0xc5,
    0xa1, 0x0, 0xe6, 0x40, 0xf, 0xfe, 0x2b, 0x20,
    0x7, 0x14, 0x80, 0x7f, 0xf1, 0x4a, 0x40, 0x3d,
    0xc0, 0x1f, 0xfc, 0x6e, 0x0, 0xf3, 0x9, 0x17,
    0xff, 0xc, 0x42, 0xc, 0x3, 0xcd, 0xbb, 0xff,
    0xc4, 0x63, 0x70, 0xf, 0xfe, 0x6c, 0x80, 0x7f,
    0xff, 0xc0, 0x38,

    /* U+005B "[" */
    0xff, 0xfe, 0x80, 0xf, 0xfe, 0xb1, 0xff, 0xe8,
    0x0, 0xff, 0xff, 0x80, 0x7f, 0xff, 0xc0, 0x3f,
    0xff, 0xe0, 0x1f, 0xff, 0xf0, 0xf, 0xfe, 0xb1,
    0xff, 0xe8, 0x0, 0xff, 0xe9, 0x0,

    /* U+005C "\\" */
    0x78, 0x88, 0x3, 0xfd, 0x8e, 0xf2, 0x0, 0x7f,
    0x60, 0x5, 0xa0, 0x1f, 0xc8, 0x1, 0x20, 0x7,
    0xf1, 0x88, 0x0, 0x84, 0x3, 0xf9, 0x0, 0x24,
    0x0, 0xfe, 0xc0, 0xb, 0xc0, 0x3f, 0x90, 0x2,
    0x40, 0xf, 0xe2, 0x10, 0x0, 0x90, 0x7, 0xf3,
    0x80, 0x48, 0x1, 0xfd, 0x80, 0x16, 0x80, 0x7f,
    0x20, 0x4, 0x80, 0x1f, 0xc2, 0x40, 0x11, 0x80,
    0x7f, 0x20, 0x4, 0x80, 0x1f, 0xda, 0x1, 0x58,
    0x7, 0xf2, 0x0, 0x46, 0x1, 0xfe, 0x30, 0x9,
    0x0, 0x3f, 0x90, 0x2, 0xc0, 0xf, 0xeb, 0x0,
    0x90, 0x3, 0xf8, 0xc0, 0x23, 0x10, 0xf, 0xe4,
    0x0, 0x90, 0x3, 0xfb, 0x0, 0x2c, 0x0, 0xfe,
    0x50, 0x9, 0x0, 0x3f, 0x88, 0x40, 0x4, 0x40,
    0xf, 0xe4, 0x0, 0x90, 0x3, 0xfb, 0x0, 0x2c,
    0x0, 0xfe, 0x70, 0x9, 0x0, 0x3f, 0x84, 0x80,
    0x2, 0x60, 0x1f, 0xc8, 0x1, 0x20, 0x7, 0xf6,
    0x0, 0x58, 0x1, 0xfc, 0x80, 0x12, 0x0, 0x7f,
    0x9, 0x80, 0x46, 0x1, 0xfc, 0x80, 0x15, 0x80,
    0x7f, 0x60, 0x4, 0x80, 0x1f, 0xc8, 0x1, 0x18,
    0x7, 0xf9, 0x0, 0x24, 0x0, 0xfe, 0xc0, 0xb,
    0x40,

    /* U+005D "]" */
    0xff, 0xfe, 0x90, 0xf, 0xfe, 0x97, 0xfe, 0xc0,
    0xf, 0xff, 0xf8, 0x7, 0xff, 0xfc, 0x3, 0xff,
    0xfe, 0x1, 0xff, 0xff, 0x0, 0xff, 0xeb, 0xff,
    0xec, 0x0, 0xff, 0xeb, 0x80,

    /* U+005E "^" */
    0x0, 0xf8, 0x7f, 0xf9, 0x0, 0x3f, 0xf8, 0x4c,
    0x1, 0xdc, 0x1, 0xff, 0xc2, 0xa0, 0xe, 0x51,
    0x0, 0xff, 0xe0, 0x21, 0x0, 0x79, 0x80, 0x3f,
    0xf8, 0x1c, 0x1, 0xf5, 0x0, 0x7f, 0xc2, 0xa0,
    0x13, 0x0, 0x44, 0x80, 0x1f, 0xe6, 0x0, 0xd2,
    0x40, 0x17, 0x0, 0x7f, 0xa8, 0x2, 0x50, 0xa0,
    0x9, 0x44, 0x3, 0xf2, 0x10, 0x5, 0xc0, 0xc0,
    0x19, 0x80, 0x3f, 0x70, 0x4, 0x28, 0x2, 0x80,
    0x15, 0x0, 0x7c, 0x2a, 0x1, 0x30, 0x5, 0xc0,
    0x11, 0x20, 0x7, 0x98, 0x3, 0x50, 0x4, 0xa2,
    0x1, 0x70, 0x7, 0xa8, 0x2, 0x32, 0x0, 0xce,
    0x1, 0x28, 0x80, 0x63, 0x20, 0xa, 0x80, 0x3a,
    0x80, 0x33, 0x0, 0x69, 0x0, 0xce, 0x1, 0xc6,
    0x40, 0x15, 0x0, 0x42, 0xa0, 0x12, 0x88, 0x7,
    0xa8, 0x2, 0x24, 0x0, 0x30, 0x6, 0xe0, 0xf,
    0x98, 0x3, 0x70, 0x2, 0x80, 0x21, 0x40, 0xf,
    0x85, 0x0, 0x25, 0x10,

    /* U+005F "_" */
    0xee, 0xff, 0xe5, 0xa0, 0x8f, 0xff, 0x30, 0x3,
    0xff, 0xc8,

    /* U+0060 "`" */
    0x0, 0xff, 0x47, 0xff, 0x18, 0x5, 0x8, 0x1,
    0xb8, 0x3, 0x51, 0x0, 0x44, 0xe0, 0x10, 0xf8,
    0x80, 0x50, 0x20, 0x11, 0x50, 0x6, 0xb0, 0xc,
    0x90, 0x1, 0x2a, 0x0,

    /* U+0061 "a" */
    0x0, 0xfc, 0x6a, 0xce, 0xe6, 0x41, 0x0, 0xff,
    0xe1, 0x25, 0xfe, 0x54, 0xc4, 0x26, 0xfb, 0x14,
    0x3, 0xfc, 0x37, 0x64, 0x0, 0xfe, 0x3a, 0xb1,
    0x0, 0xf8, 0x71, 0x0, 0x3f, 0xf8, 0x29, 0xa0,
    0x1f, 0x59, 0x0, 0x7f, 0xf0, 0xcd, 0xc0, 0x3c,
    0xa0, 0x1c, 0xd9, 0xff, 0x62, 0x80, 0x74, 0x80,
    0x71, 0x80, 0x73, 0xc9, 0x80, 0x47, 0x46, 0x1,
    0x84, 0x40, 0x1f, 0xeb, 0x0, 0xfa, 0x80, 0x38,
    0x80, 0x31, 0xff, 0xf1, 0x80, 0x7c, 0x60, 0x1c,
    0xe0, 0x1f, 0xfd, 0x71, 0x47, 0x9b, 0xcd, 0xd5,
    0x80, 0x7f, 0xf0, 0x45, 0xb3, 0xae, 0x19, 0xc,
    0x88, 0x20, 0x1f, 0xfc, 0x5, 0xf9, 0x30, 0xf,
    0xfe, 0x43, 0xd0, 0x80, 0x7f, 0xf2, 0x56, 0x0,
    0x3c, 0x91, 0x7b, 0xdf, 0x40, 0x1f, 0xe8, 0x0,
    0xe5, 0xeb, 0x74, 0x21, 0x3, 0x0, 0xfe, 0x32,
    0x0, 0xc9, 0x42, 0x1, 0xe1, 0x0, 0xfe, 0x60,
    0xe, 0xd0, 0xf, 0xd6, 0x1, 0xfc, 0x60, 0x1c,
    0x60, 0x1f, 0x21, 0x80, 0x7f, 0x18, 0x7, 0x70,
    0x7, 0x8e, 0x80, 0x3f, 0xcc, 0x1, 0xc9, 0x6a,
    0x66, 0x5a, 0xc1, 0x0, 0xf4, 0x19, 0x1, 0x88,
    0x7, 0x25, 0x66, 0x29, 0x40, 0x3f, 0x1e, 0x6a,
    0x84, 0x80, 0x7f, 0xf0, 0x59, 0x40, 0x3f, 0x9d,
    0x80, 0x3f, 0xe7, 0x98, 0x0, 0xff, 0x4d, 0x10,
    0x7, 0xc9, 0x90, 0x5, 0x62, 0x1, 0xc2, 0x1,
    0x2e, 0xea, 0xa2, 0x13, 0x7d, 0x66, 0x1, 0x27,
    0x54, 0x42, 0xb9, 0x0,

    /* U+0062 "b" */
    0xf, 0xfe, 0x90, 0xf, 0xff, 0xf8, 0x7, 0xff,
    0xfc, 0x3, 0xff, 0xf4, 0x6c, 0xee, 0x63, 0x0,
    0xff, 0xe2, 0x3f, 0x64, 0xc4, 0x27, 0x35, 0x80,
    0x3f, 0xf8, 0x3, 0x90, 0x20, 0x1e, 0x29, 0xb0,
    0xf, 0xf1, 0xe9, 0x80, 0x7f, 0x93, 0x0, 0x3f,
    0x94, 0xc0, 0x3f, 0xf8, 0x6, 0xe0, 0x1f, 0xf0,
    0xb4, 0xc9, 0xcc, 0x3, 0xd0, 0x20, 0x1f, 0xcb,
    0xd2, 0xcc, 0x8c, 0xa0, 0xf, 0x30, 0x7, 0xe3,
    0xa0, 0xf, 0x2c, 0x80, 0x75, 0x80, 0x7e, 0x80,
    0xf, 0xcc, 0x20, 0x18, 0xc0, 0x3f, 0x20, 0x7,
    0xf2, 0x80, 0x71, 0x80, 0x78, 0xc0, 0x3f, 0xc6,
    0x1, 0xce, 0x1, 0xe6, 0x0, 0xff, 0x70, 0x7,
    0x10, 0x7, 0x8c, 0x3, 0xff, 0xac, 0x60, 0x1f,
    0xfc, 0x3, 0x0, 0xff, 0x18, 0x7, 0xff, 0x1,
    0x80, 0x3f, 0xc2, 0x1, 0xc4, 0x1, 0xe3, 0x0,
    0xff, 0x60, 0x7, 0x38, 0x7, 0xc8, 0x1, 0xfc,
    0xa0, 0x1c, 0x60, 0x1f, 0x40, 0x7, 0xe6, 0x10,
    0xc, 0x60, 0x1f, 0x8e, 0x80, 0x3c, 0xb2, 0x1,
    0xd6, 0x1, 0xfc, 0xbf, 0x2e, 0xd1, 0xb4, 0x1,
    0xe6, 0x0, 0xf8, 0x80, 0x26, 0x89, 0x72, 0x0,
    0xf3, 0x88, 0x7, 0xd8, 0x40, 0x1f, 0xfc, 0x3,
    0x80, 0xf, 0x88, 0x7c, 0x80, 0x3f, 0xc7, 0xa0,
    0x1f, 0x98, 0xb, 0x60, 0x40, 0x3c, 0x53, 0x82,
    0x1, 0xbf, 0xf5, 0x80, 0x4f, 0xd9, 0x51, 0xa,
    0xdd, 0x30, 0x7, 0x0,

    /* U+0063 "c" */
    0x0, 0xfc, 0x28, 0xce, 0xe6, 0x41, 0x0, 0xff,
    0xe0, 0xbe, 0xf5, 0xcc, 0x42, 0x6f, 0xb5, 0x80,
    0x3f, 0x93, 0xa0, 0x80, 0x3f, 0x14, 0xe9, 0x80,
    0x79, 0x2c, 0x40, 0x3f, 0xf8, 0x5, 0x86, 0x1,
    0x8a, 0xc0, 0x3f, 0xf8, 0x9a, 0x1, 0xa4, 0x3,
    0xcb, 0x7b, 0xab, 0x50, 0xe, 0x17, 0x0, 0x12,
    0x0, 0x75, 0x51, 0x8, 0x89, 0x52, 0x1, 0xd4,
    0x0, 0xa0, 0xe, 0x65, 0x0, 0xf3, 0x18, 0x6,
    0x21, 0x4, 0x0, 0xeb, 0x0, 0xfc, 0x80, 0x1c,
    0xa0, 0x60, 0x18, 0x48, 0x3, 0xf7, 0x0, 0x70,
    0x88, 0x3, 0x94, 0x3, 0xf9, 0xbf, 0xf9, 0x4c,
    0x3, 0x88, 0x3, 0xff, 0xb6, 0x20, 0x1c, 0x20,
    0x1f, 0xfc, 0x41, 0x0, 0xe1, 0x0, 0xff, 0xe2,
    0x18, 0x7, 0x10, 0x7, 0xff, 0x10, 0x40, 0x39,
    0x40, 0x3f, 0x87, 0xff, 0x94, 0xc, 0x3, 0x9,
    0x0, 0x7e, 0x20, 0xe, 0x60, 0x40, 0xe, 0xb0,
    0xf, 0xd4, 0x1, 0xc4, 0x14, 0x1, 0xcc, 0xa0,
    0x1e, 0x46, 0x0, 0xc6, 0x20, 0x48, 0x1, 0xd5,
    0x6a, 0x44, 0x49, 0xb0, 0xe, 0xa0, 0xa, 0x40,
    0x3c, 0x95, 0xba, 0xb6, 0x0, 0xe2, 0x60, 0x8,
    0xa8, 0x3, 0xff, 0x86, 0x3e, 0x1, 0xcb, 0x62,
    0x1, 0xff, 0xc0, 0x3c, 0x20, 0xf, 0x27, 0xc1,
    0x0, 0x7e, 0x3a, 0xc2, 0x0, 0xfc, 0x2f, 0xbd,
    0x73, 0x10, 0x9b, 0xec, 0x50, 0xe,

    /* U+0064 "d" */
    0x0, 0xff, 0xe2, 0xb7, 0xff, 0x18, 0x7, 0xff,
    0xfc, 0x3, 0xff, 0xfe, 0x1, 0xff, 0xe5, 0x25,
    0x77, 0x31, 0x80, 0x7f, 0xf1, 0x13, 0x36, 0xa2,
    0x13, 0x9f, 0x22, 0x1, 0xff, 0xc0, 0x9b, 0x30,
    0xf, 0x9b, 0xcc, 0x3, 0xfd, 0xc, 0x1, 0xfe,
    0x1d, 0xe0, 0xf, 0xc8, 0xe0, 0x1f, 0xfc, 0x1,
    0x70, 0xf, 0xd0, 0x1, 0xe1, 0x68, 0x97, 0x20,
    0xf, 0xf1, 0x98, 0x3, 0x9f, 0xa5, 0xda, 0x36,
    0x0, 0x3f, 0xac, 0x3, 0x96, 0x0, 0x3c, 0xec,
    0x1, 0xf9, 0x0, 0x3a, 0x0, 0x3f, 0x40, 0x7,
    0xe3, 0x0, 0xc2, 0x40, 0x1f, 0x84, 0xc0, 0x3c,
    0x20, 0x1c, 0xa0, 0x1f, 0xe5, 0x0, 0xf1, 0x80,
    0x70, 0x80, 0x7f, 0xb8, 0x3, 0xc2, 0x1, 0xc6,
    0x1, 0xfe, 0x10, 0xf, 0x8, 0x7, 0xff, 0x44,
    0xc0, 0x3f, 0xc2, 0x1, 0xe3, 0x0, 0xe1, 0x0,
    0xff, 0x78, 0x7, 0x84, 0x3, 0x94, 0x3, 0xfc,
    0x80, 0x1f, 0x18, 0x6, 0x12, 0x0, 0xfc, 0x26,
    0x1, 0xf2, 0x0, 0x74, 0x0, 0x7e, 0x80, 0xf,
    0xd6, 0x1, 0xcb, 0x0, 0x1e, 0x76, 0x0, 0xfc,
    0x64, 0x1, 0xcf, 0xd2, 0xed, 0x1b, 0x0, 0x1f,
    0xe9, 0x0, 0xf0, 0xb4, 0x4b, 0x90, 0x0, 0x40,
    0x3f, 0x23, 0x0, 0x7f, 0xf0, 0x74, 0xc0, 0x3f,
    0x4b, 0x0, 0x7f, 0x86, 0xcd, 0x40, 0x3f, 0xa6,
    0xcc, 0x3, 0xe6, 0xf4, 0xe, 0x0, 0xff, 0x26,
    0x75, 0x44, 0x26, 0xfe, 0x44, 0x0, 0xff, 0xf8,
    0xc0,

    /* U+0065 "e" */
    0x0, 0xfc, 0x28, 0xce, 0xf2, 0x90, 0x7, 0xff,
    0x9, 0xb3, 0xae, 0x62, 0x2a, 0xde, 0x91, 0x0,
    0xfe, 0x3d, 0x93, 0x0, 0xfc, 0x2d, 0xca, 0x1,
    0xf2, 0x61, 0x0, 0x7f, 0xf0, 0x69, 0x80, 0x38,
    0xa8, 0x3, 0xff, 0x89, 0x26, 0x1, 0xa0, 0x40,
    0x39, 0xf3, 0xbf, 0xa8, 0x80, 0x3a, 0x0, 0x22,
    0x50, 0xc, 0x3b, 0x6, 0x20, 0x2b, 0xa4, 0x1,
    0x90, 0x80, 0xa, 0x1, 0xd6, 0x40, 0x1f, 0x48,
    0x7, 0x28, 0x3, 0x0, 0x39, 0x40, 0x3f, 0x20,
    0x7, 0x68, 0x1, 0x0, 0x32, 0x0, 0x7f, 0x88,
    0x3, 0x38, 0x8, 0x7, 0x27, 0xff, 0xf8, 0x80,
    0x31, 0x81, 0x80, 0x7f, 0xf2, 0x44, 0x3, 0xff,
    0x9a, 0x20, 0x1f, 0xfc, 0xb1, 0x0, 0xe6, 0xff,
    0xff, 0xe2, 0x1, 0x80, 0x71, 0x0, 0x7f, 0xf1,
    0x44, 0x40, 0x19, 0x80, 0x3f, 0xcd, 0x77, 0xa8,
    0x0, 0xa0, 0x18, 0x88, 0x1, 0xfd, 0x88, 0x9c,
    0x0, 0xc0, 0xe, 0xb0, 0xf, 0xe4, 0x0, 0xc4,
    0x0, 0x50, 0xe, 0x64, 0x0, 0xfa, 0x84, 0x3,
    0x58, 0x0, 0x94, 0x3, 0xae, 0x4c, 0x40, 0x53,
    0x14, 0x3, 0x94, 0x2, 0xb1, 0x0, 0xe6, 0xce,
    0xfe, 0xb3, 0x0, 0xe7, 0x20, 0x8, 0x68, 0x3,
    0xff, 0x88, 0xb0, 0x1, 0xc9, 0x84, 0x1, 0xff,
    0xc1, 0x7a, 0x0, 0xf8, 0xf6, 0x4c, 0x3, 0xf0,
    0xb6, 0xc0, 0x7, 0xf9, 0xb3, 0xae, 0x62, 0x13,
    0x5b, 0xd2, 0x40, 0x1c,

    /* U+0066 "f" */
    0x0, 0xf0, 0xc6, 0xff, 0xba, 0xdc, 0x3, 0xc3,
    0x8e, 0x40, 0x1, 0x48, 0x20, 0xe, 0xd2, 0x0,
    0xff, 0xe0, 0x21, 0x80, 0x7f, 0xf0, 0x74, 0x3,
    0xc8, 0xaa, 0x30, 0xc, 0xa0, 0x1d, 0xb7, 0x54,
    0x10, 0xc, 0x20, 0x18, 0xc8, 0x3, 0xff, 0xca,
    0xbf, 0xf1, 0x0, 0x63, 0xff, 0xc4, 0x1, 0xff,
    0xe1, 0x65, 0x58, 0x3, 0x85, 0x57, 0x19, 0xaa,
    0xa2, 0x0, 0xc5, 0x55, 0x84, 0x3, 0xff, 0xfe,
    0x1, 0xff, 0xff, 0x0, 0xff, 0xff, 0x80, 0x7f,
    0xf8, 0x40,

    /* U+0067 "g" */
    0x0, 0xff, 0xe4, 0xf, 0xff, 0x38, 0x7, 0xff,
    0x21, 0x40, 0x38, 0x80, 0x3f, 0xf9, 0x1c, 0x1,
    0xce, 0x1, 0xff, 0xc7, 0x25, 0x0, 0xc6, 0x40,
    0x1f, 0xe4, 0x56, 0x76, 0x52, 0x1, 0xf0, 0xe,
    0xf0, 0xf, 0xcf, 0x9f, 0x75, 0x31, 0x35, 0xbd,
    0xe4, 0x1, 0xa4, 0xc0, 0x3c, 0x9d, 0x6, 0x1,
    0xf8, 0x44, 0x1, 0x1e, 0x30, 0x7, 0x9a, 0xc4,
    0x3, 0xff, 0x84, 0x58, 0x60, 0x1e, 0x29, 0x0,
    0xf2, 0x3b, 0x98, 0xc0, 0x38, 0xa8, 0x3, 0xe8,
    0x0, 0xe4, 0xeb, 0x88, 0x4e, 0x69, 0x0, 0x65,
    0x30, 0xf, 0x20, 0x6, 0x1b, 0x10, 0xe, 0x2f,
    0x0, 0xea, 0x0, 0xe1, 0x10, 0x6, 0x70, 0xf,
    0xc4, 0x40, 0xc, 0x40, 0x1f, 0xf0, 0x80, 0x7f,
    0x8, 0x6, 0x70, 0xe, 0x10, 0xe, 0x30, 0xf,
    0xe2, 0x0, 0xce, 0x1, 0xe4, 0x0, 0xc8, 0x80,
    0xf, 0x9c, 0x40, 0x31, 0x80, 0x7b, 0xc0, 0x3a,
    0xe0, 0xc4, 0x5, 0x2a, 0x0, 0x3a, 0x80, 0x3c,
    0x8c, 0x1, 0xcf, 0x9d, 0xfd, 0x6a, 0x1, 0xce,
    0x40, 0x1f, 0x4b, 0x0, 0x7f, 0xf0, 0xd6, 0x0,
    0x3f, 0xf, 0x88, 0x7, 0xff, 0x0, 0x66, 0x80,
    0x3f, 0x1f, 0xc8, 0x80, 0x7e, 0x13, 0x6b, 0xe6,
    0x0, 0xfc, 0x58, 0x20, 0x13, 0xf7, 0xff, 0x76,
    0x4a, 0x0, 0x7f, 0xac, 0x3, 0xa0, 0x40, 0x3f,
    0xf8, 0xea, 0x1, 0x84, 0x3, 0xff, 0x9c, 0x2c,
    0x1, 0xff, 0xc8, 0x50, 0xe, 0x9e, 0xdd, 0xff,
    0x65, 0xb8, 0x80, 0x75, 0x80, 0x78, 0x48, 0xbf,
    0xc6, 0x91, 0xca, 0x1, 0x8a, 0x80, 0x3f, 0xf9,
    0x14, 0xa0, 0x18, 0x48, 0x3, 0xff, 0x91, 0x60,
    0x14, 0xd9, 0x0, 0x7f, 0xf2, 0x5, 0x42, 0x58,
    0x3, 0x4f, 0x7f, 0xff, 0xb0, 0x80, 0x38, 0x81,
    0x80, 0x33, 0xb0, 0x80, 0x7f, 0x8f, 0x80, 0x3b,
    0xcc, 0x3, 0x84, 0x3, 0xff, 0x82, 0xe0, 0x1d,
    0xc4, 0x1, 0xcc, 0xe4, 0x23, 0xfc, 0x4d, 0x40,
    0x1c, 0xe2, 0x20, 0xe, 0x8d, 0xee, 0xfe, 0xd9,
    0x10, 0xc, 0xe2, 0x10, 0x1, 0xff, 0xca, 0x58,
    0x0, 0x34, 0x0, 0x7f, 0xf2, 0x26, 0x80, 0x33,
    0xeb, 0x10, 0x7, 0xff, 0x4, 0x92, 0x79, 0x80,
    0x20,

    /* U+0068 "h" */
    0xf, 0xfe, 0x90, 0xf, 0xff, 0xf8, 0x7, 0xff,
    0xfc, 0x3, 0xff, 0xe2, 0x2a, 0xee, 0x53, 0x0,
    0xff, 0xe1, 0xa6, 0x75, 0x44, 0x2b, 0x3a, 0x0,
    0x3f, 0xf8, 0x15, 0x66, 0x1, 0xe1, 0x7d, 0x10,
    0xf, 0xc7, 0x6a, 0x1, 0xfe, 0x2a, 0x0, 0xfc,
    0xa8, 0x1, 0xff, 0xc0, 0x44, 0x0, 0x7f, 0xc8,
    0xee, 0x51, 0x0, 0xf7, 0x0, 0x7f, 0x1f, 0x5c,
    0x42, 0xb9, 0x0, 0x39, 0xc0, 0x3f, 0x1e, 0x8,
    0x7, 0x50, 0x7, 0x10, 0x7, 0xef, 0x0, 0xf8,
    0x50, 0x3, 0xff, 0x80, 0x46, 0x1, 0xf8, 0x80,
    0x38, 0x40, 0x3c, 0xe0, 0x1f, 0xfc, 0xa3, 0x0,
    0xff, 0xff, 0x80, 0x7f, 0xff, 0xc0, 0x3f, 0xff,
    0xe0, 0x1f, 0xff, 0xf0, 0xf, 0xfe, 0x18,

    /* U+0069 "i" */
    0xf, 0xfe, 0x90, 0xf, 0xfe, 0x8c, 0xcf, 0x50,
    0x33, 0x71, 0x80, 0x7f, 0xf2, 0xbf, 0xfa, 0x40,
    0x3f, 0xff, 0xe0, 0x1f, 0xff, 0xf0, 0xf, 0xf8,

    /* U+006A "j" */
    0x0, 0xef, 0xfe, 0x90, 0xf, 0xff, 0x2c, 0xcf,
    0x50, 0x7, 0x33, 0x71, 0x80, 0x7f, 0xf6, 0xbf,
    0xfa, 0x40, 0x3f, 0xff, 0xe0, 0x1f, 0xff, 0xf0,
    0xf, 0xff, 0xf8, 0x7, 0xff, 0xa9, 0x0, 0x38,
    0x49, 0xdd, 0x14, 0x1, 0xdc, 0xf1, 0x7, 0x10,
    0xe, 0x40, 0xf, 0xe5, 0x20, 0xf, 0xc7, 0x60,
    0x8c, 0x62, 0x0, 0x38, 0xc1, 0x0,

    /* U+006B "k" */
    0xf, 0xfe, 0x90, 0xf, 0xff, 0xf8, 0x7, 0xff,
    0xfc, 0x3, 0xff, 0xfe, 0x1, 0xff, 0xc0, 0x2f,
    0xff, 0x38, 0x7, 0xff, 0x8, 0x70, 0x3, 0x99,
    0xc0, 0x3f, 0xf8, 0x5a, 0x20, 0x19, 0x24, 0x3,
    0xff, 0x85, 0x46, 0x1, 0x8e, 0xc0, 0x3f, 0xf8,
    0x50, 0xa0, 0x18, 0xb4, 0x3, 0xff, 0x84, 0xce,
    0x1, 0x87, 0xc4, 0x3, 0xff, 0x82, 0x92, 0x1,
    0xd4, 0x40, 0x1f, 0xfc, 0x12, 0xa0, 0xe, 0xa4,
    0x0, 0xff, 0xe0, 0x8f, 0x88, 0x6, 0x85, 0x0,
    0xff, 0xe0, 0x9e, 0x90, 0x6, 0x17, 0x0, 0xff,
    0xe1, 0x29, 0x80, 0x70, 0xb8, 0x7, 0xff, 0x2a,
    0x4, 0x3, 0xff, 0x95, 0x60, 0x1f, 0xfc, 0x41,
    0x30, 0xc, 0xa6, 0x1, 0xff, 0xc2, 0x1c, 0xf0,
    0xe, 0xf0, 0xf, 0xfe, 0x9, 0x79, 0x1a, 0x80,
    0x63, 0x60, 0xf, 0xf8, 0xb0, 0x40, 0x10, 0x1,
    0xd0, 0x1, 0xff, 0x20, 0x80, 0x44, 0xc0, 0x18,
    0x60, 0x3, 0xff, 0x89, 0x0, 0x1c, 0xe4, 0x1,
    0xff, 0xc3, 0x17, 0x0, 0xe9, 0x0, 0xff, 0xe2,
    0x40, 0x80, 0x64, 0x40, 0x7, 0xff, 0x12, 0x40,
    0x3a, 0x40, 0x3f, 0xf8, 0x8e, 0x20, 0x18, 0x9c,
    0x3, 0xff, 0x89, 0x0, 0x1d, 0x2,

    /* U+006C "l" */
    0xf, 0xfe, 0x90, 0xf, 0xff, 0xf8, 0x7, 0xff,
    0xfc, 0x3, 0xff, 0xfe, 0x1, 0xe0,

    /* U+006D "m" */
    0x0, 0xff, 0x91, 0x9d, 0x8c, 0x3, 0xf9, 0x19,
    0xd9, 0x0, 0x3d, 0xff, 0xb0, 0x2, 0x7e, 0xb9,
    0x89, 0xce, 0x60, 0xc, 0x33, 0xf7, 0x31, 0x37,
    0xd0, 0x1, 0xf8, 0x80, 0x72, 0x4, 0x3, 0x86,
    0x64, 0x0, 0x4f, 0x60, 0xf, 0xb, 0xe0, 0x7,
    0xc2, 0x2c, 0x30, 0xf, 0xe6, 0x53, 0xb1, 0x0,
    0xfe, 0x39, 0x0, 0xfb, 0x8, 0x3, 0xfe, 0xbd,
    0x0, 0xff, 0xe0, 0x31, 0x0, 0x78, 0x80, 0x2,
    0xce, 0xa2, 0x1, 0xc2, 0x20, 0x0, 0xb3, 0xa8,
    0x80, 0x79, 0x40, 0x3f, 0x37, 0x4c, 0x57, 0x90,
    0x7, 0xcb, 0xd3, 0x15, 0xc6, 0x1, 0xda, 0x1,
    0xf2, 0xc8, 0x6, 0x19, 0x0, 0xf1, 0xd0, 0x7,
    0x78, 0x7, 0x8, 0x7, 0xd6, 0x1, 0xe4, 0x0,
    0xf7, 0x80, 0x78, 0xc4, 0x3, 0x38, 0x7, 0x8c,
    0x40, 0x3e, 0x10, 0xc, 0x26, 0x1, 0xf1, 0x80,
    0x7f, 0xcc, 0x1, 0xff, 0xc1, 0x20, 0xf, 0xfe,
    0x41, 0x80, 0x7f, 0xf0, 0x5c, 0x3, 0xff, 0xfe,
    0x1, 0xff, 0xff, 0x0, 0xff, 0xff, 0x80, 0x7f,
    0xff, 0xc0, 0x3f, 0xff, 0xe0, 0x1f, 0xff, 0xf0,
    0xf, 0xfe, 0x38,

    /* U+006E "n" */
    0x0, 0xff, 0x85, 0x5d, 0xca, 0x60, 0x1f, 0x7f,
    0xec, 0x0, 0x97, 0x3a, 0xa2, 0x15, 0x9d, 0x0,
    0x1f, 0xc4, 0x0, 0xaa, 0x18, 0x7, 0x85, 0xf4,
    0x40, 0x3e, 0x11, 0x62, 0x80, 0x7f, 0x8a, 0x80,
    0x3f, 0x61, 0x80, 0x7f, 0xf0, 0x11, 0x0, 0x1f,
    0x10, 0x4, 0x8e, 0xe5, 0x10, 0xf, 0x70, 0x7,
    0xf1, 0xf5, 0xc4, 0x2b, 0x90, 0x3, 0x9c, 0x3,
    0xf1, 0xe0, 0x80, 0x75, 0x0, 0x71, 0x0, 0x7e,
    0xf0, 0xf, 0x85, 0x0, 0x3f, 0xf8, 0x4, 0x60,
    0x1f, 0x88, 0x3, 0x84, 0x3, 0xce, 0x1, 0xff,
    0xca, 0x30, 0xf, 0xff, 0xf8, 0x7, 0xff, 0xfc,
    0x3, 0xff, 0xfe, 0x1, 0xff, 0xff, 0x0, 0xff,
    0xe1, 0x80,

    /* U+006F "o" */
    0x0, 0xfe, 0x35, 0x77, 0x99, 0x8, 0x3, 0xff,
    0x84, 0x97, 0xf9, 0x51, 0x14, 0xde, 0xea, 0x4,
    0x3, 0xf8, 0xb2, 0xd0, 0x3, 0xf8, 0x9f, 0x9c,
    0x3, 0xe3, 0xc3, 0x0, 0xff, 0xe1, 0x45, 0x0,
    0x70, 0xe8, 0x80, 0x7f, 0xf1, 0x15, 0xc0, 0x34,
    0x8, 0x7, 0x14, 0x5e, 0x62, 0x94, 0x3, 0xd0,
    0x40, 0x1, 0x60, 0xe, 0x6d, 0x74, 0x33, 0x2d,
    0x60, 0x80, 0x75, 0x80, 0x18, 0x3, 0x8e, 0x40,
    0x3e, 0x3a, 0x0, 0xe6, 0x0, 0x60, 0x7, 0x78,
    0x7, 0xf2, 0x20, 0x3, 0x8c, 0x14, 0x3, 0x8c,
    0x3, 0xfd, 0x80, 0x1c, 0x80, 0x20, 0x18, 0xc0,
    0x3f, 0xe4, 0x0, 0xee, 0x20, 0xe, 0x60, 0xf,
    0xf8, 0x40, 0x38, 0xc0, 0x3c, 0x60, 0x1f, 0xf1,
    0x80, 0x70, 0x80, 0x7f, 0xf4, 0xcc, 0x3, 0xfe,
    0x30, 0xe, 0x12, 0x0, 0xe1, 0x0, 0xff, 0x84,
    0x3, 0x8c, 0x4, 0x3, 0x20, 0x7, 0xfc, 0x80,
    0x1d, 0xe0, 0xa0, 0x1c, 0x60, 0x1f, 0xec, 0x0,
    0xe5, 0xc, 0x0, 0xe8, 0x0, 0xfe, 0x34, 0x0,
    0xe3, 0x6, 0x0, 0xe4, 0x90, 0xf, 0x8f, 0x40,
    0x39, 0x80, 0x2, 0xc0, 0x1c, 0xda, 0xe8, 0x46,
    0xb5, 0x82, 0x1, 0xd6, 0x1, 0x40, 0x80, 0x71,
    0x45, 0xee, 0x52, 0x80, 0x7a, 0x8, 0x2, 0x1d,
    0x10, 0xf, 0xfe, 0x22, 0xb8, 0x7, 0x1e, 0x18,
    0x7, 0xff, 0xa, 0x28, 0x3, 0xe2, 0xcb, 0x40,
    0xf, 0xe2, 0x7e, 0x70, 0xf, 0xf2, 0x5f, 0xe5,
    0x44, 0x53, 0x7b, 0xa8, 0x10, 0xe,

    /* U+0070 "p" */
    0x0, 0xff, 0x8d, 0x5d, 0xca, 0x40, 0x1f, 0xbf,
    0xf5, 0x80, 0x4f, 0xd9, 0x51, 0xa, 0xdd, 0x30,
    0x7, 0xf9, 0x80, 0xb6, 0x4, 0x3, 0xc5, 0x38,
    0x20, 0x1f, 0x88, 0x7c, 0x80, 0x3f, 0xc7, 0xa0,
    0x1f, 0xd8, 0x40, 0x1f, 0xfc, 0x3, 0x80, 0xf,
    0xc4, 0x0, 0x16, 0x89, 0x73, 0x0, 0xf3, 0x88,
    0x7, 0xf2, 0xf4, 0xbb, 0x46, 0x50, 0x7, 0x98,
    0x3, 0xf1, 0xd0, 0x7, 0x96, 0x40, 0x3a, 0xc0,
    0x3f, 0x40, 0x7, 0xe6, 0x10, 0xc, 0x60, 0x1f,
    0x90, 0x3, 0xf9, 0x40, 0x38, 0xc0, 0x3c, 0x60,
    0x1f, 0xe3, 0x0, 0xe7, 0x0, 0xf3, 0x80, 0x7f,
    0xb8, 0x3, 0x88, 0x3, 0xc2, 0x1, 0xff, 0xcb,
    0x30, 0xf, 0xf1, 0x80, 0x7f, 0xf0, 0xc, 0x3,
    0xfc, 0x60, 0x1f, 0xfc, 0x6, 0x0, 0xff, 0x8,
    0x7, 0x10, 0x7, 0x8c, 0x3, 0xfd, 0x80, 0x1c,
    0xe0, 0x1f, 0x20, 0x7, 0xf2, 0x80, 0x71, 0x80,
    0x7d, 0x0, 0x1f, 0x98, 0x40, 0x31, 0x80, 0x7e,
    0x3a, 0x0, 0xf2, 0xc8, 0x7, 0x58, 0x7, 0xf2,
    0xf4, 0xbb, 0x46, 0xd0, 0x7, 0x98, 0x3, 0xfc,
    0x2d, 0x12, 0xe4, 0x1, 0xe8, 0x10, 0xf, 0x94,
    0xc0, 0x3f, 0xf8, 0x6, 0xe0, 0x1f, 0x8f, 0x4c,
    0x3, 0xfc, 0x7a, 0x1, 0xfe, 0x1c, 0x81, 0x0,
    0xf0, 0xce, 0x8, 0x7, 0xff, 0x1, 0xfb, 0x26,
    0x21, 0x39, 0xcc, 0x1, 0xff, 0xc4, 0x36, 0x77,
    0x31, 0x80, 0x7f, 0xff, 0xc0, 0x3f, 0xff, 0xe0,

    /* U+0071 "q" */
    0x0, 0xf8, 0x55, 0xdc, 0xc8, 0x1, 0xff, 0xc4,
    0x4c, 0xea, 0x88, 0x4d, 0xf4, 0x88, 0x1, 0xff,
    0xf1, 0x80, 0x69, 0xb3, 0x0, 0xf0, 0xb7, 0xa0,
    0x70, 0x7, 0xe9, 0x60, 0xf, 0xf0, 0xd9, 0xa8,
    0x7, 0xc8, 0xc0, 0x1f, 0xfc, 0x1d, 0x30, 0xf,
    0xa4, 0x3, 0xc2, 0xd1, 0x2e, 0x40, 0x1, 0x0,
    0xf8, 0xc8, 0x3, 0x9f, 0xa5, 0xda, 0x36, 0x0,
    0x3f, 0xac, 0x3, 0x96, 0x0, 0x3c, 0xec, 0x1,
    0xf9, 0x0, 0x3a, 0x0, 0x3f, 0x40, 0x7, 0xe3,
    0x0, 0xc2, 0x40, 0x1f, 0x84, 0xc0, 0x3c, 0x20,
    0x1c, 0xa0, 0x1f, 0xe4, 0x0, 0xf1, 0x80, 0x70,
    0x80, 0x7f, 0xbc, 0x3, 0xff, 0x80, 0x60, 0x1f,
    0xe1, 0x0, 0xf0, 0x80, 0x7f, 0xf2, 0xc4, 0x3,
    0x8c, 0x3, 0xfc, 0x20, 0x1e, 0x30, 0xe, 0x10,
    0xf, 0xf7, 0x80, 0x78, 0x40, 0x39, 0x40, 0x3f,
    0xc8, 0x1, 0xf1, 0x80, 0x61, 0x20, 0xf, 0xc2,
    0x60, 0x1f, 0x20, 0x7, 0x40, 0x7, 0xe8, 0x0,
    0xfd, 0x60, 0x1c, 0xb0, 0x1, 0xe7, 0x60, 0xf,
    0xc6, 0x60, 0xe, 0x7e, 0x97, 0x68, 0xd8, 0x0,
    0xff, 0x40, 0x7, 0x85, 0xa2, 0x5c, 0x80, 0x3f,
    0xe4, 0x70, 0xf, 0xfe, 0x0, 0xb8, 0x7, 0xf4,
    0x30, 0x7, 0xf8, 0x77, 0x80, 0x3f, 0xd3, 0x66,
    0x1, 0xf3, 0x79, 0x80, 0x7f, 0xf0, 0x13, 0x36,
    0xa2, 0x13, 0x9f, 0x22, 0x1, 0xff, 0xc3, 0x25,
    0x77, 0x31, 0x80, 0x7f, 0xff, 0xc0, 0x3f, 0xff,
    0xe0, 0x1c,

    /* U+0072 "r" */
    0x0, 0xff, 0x23, 0xb9, 0x0, 0x1f, 0xfa, 0xc0,
    0x9, 0xd7, 0x10, 0xb3, 0x0, 0xe6, 0x3, 0xb1,
    0x0, 0xff, 0x10, 0x78, 0x7, 0xff, 0x5, 0xcc,
    0x3, 0xff, 0x83, 0x0, 0x1f, 0xfc, 0x52, 0x7a,
    0xbb, 0x18, 0x7, 0xe7, 0xd8, 0x54, 0x40, 0x7,
    0xe5, 0x80, 0xf, 0xfe, 0xc, 0x0, 0x7f, 0xf0,
    0x48, 0x80, 0x1f, 0xfc, 0x17, 0x0, 0xff, 0xe8,
    0x98, 0x7, 0xff, 0xfc, 0x3, 0xff, 0xfe, 0x1,
    0xff, 0xcb,

    /* U+0073 "s" */
    0x0, 0xfc, 0x6a, 0xce, 0xe6, 0x30, 0xf, 0xfe,
    0xa, 0x57, 0xe5, 0x4c, 0x42, 0x73, 0xed, 0x40,
    0x3f, 0xe, 0x5a, 0x80, 0x7f, 0x25, 0x61, 0x0,
    0x71, 0x79, 0x80, 0x7f, 0xf0, 0x4f, 0x8, 0x3,
    0x70, 0x80, 0x7c, 0x20, 0x1f, 0xf, 0x0, 0x46,
    0x60, 0xe, 0x9e, 0xfe, 0xfc, 0x60, 0xe, 0x33,
    0x0, 0x10, 0x3, 0xad, 0x84, 0x2, 0x39, 0x80,
    0xe, 0x50, 0x7, 0x0, 0x72, 0x80, 0x7c, 0xc0,
    0x1f, 0x84, 0x3, 0xac, 0x3, 0xe1, 0xff, 0xe6,
    0x0, 0x60, 0x7, 0x2f, 0x4a, 0x0, 0x7f, 0xf0,
    0x50, 0x80, 0x38, 0x5a, 0xfe, 0x98, 0x80, 0x3f,
    0xdc, 0x1, 0xfc, 0xb3, 0xba, 0x83, 0x0, 0xf8,
    0xf4, 0xc0, 0x3f, 0xc4, 0xf9, 0x83, 0x0, 0xf1,
    0x65, 0x20, 0x7, 0xfc, 0x78, 0xc0, 0x1f, 0x2d,
    0xf5, 0x28, 0x80, 0x7f, 0x49, 0x80, 0x7e, 0x15,
    0xae, 0xc8, 0x30, 0xf, 0xa0, 0x3, 0xff, 0x80,
    0x6f, 0x9a, 0x80, 0x1c, 0x80, 0x35, 0x5c, 0x80,
    0x1f, 0x15, 0x90, 0x7, 0x8, 0x2a, 0xf6, 0x80,
    0x7f, 0x20, 0x7, 0x84, 0x3, 0x98, 0x80, 0x3f,
    0x20, 0x7, 0x8, 0x28, 0x7, 0x6c, 0x18, 0x4,
    0x4d, 0xa4, 0x1, 0x94, 0x1, 0x0, 0x1e, 0x7c,
    0xff, 0xb6, 0x48, 0x3, 0xb8, 0x0, 0x52, 0x1,
    0xff, 0xc5, 0x74, 0x0, 0x9a, 0xc4, 0x3, 0xff,
    0x85, 0x10, 0x0, 0xe4, 0xe9, 0x30, 0xf, 0xe2,
    0x7e, 0x70, 0xf, 0xcd, 0x9d, 0x73, 0x11, 0x4d,
    0xf6, 0xc0, 0x80, 0x60,

    /* U+0074 "t" */
    0x0, 0xc7, 0x11, 0x80, 0x3f, 0x91, 0xdf, 0x8,
    0x7, 0xed, 0x0, 0xff, 0xe0, 0xb0, 0x7, 0xff,
    0x4, 0x80, 0x3f, 0xf8, 0x22, 0x1, 0xff, 0xc0,
    0x20, 0xf, 0xfe, 0xb, 0x0, 0x7f, 0x9b, 0xfd,
    0x60, 0x1d, 0xdf, 0xf2, 0x0, 0x7f, 0xf7, 0x89,
    0x54, 0x40, 0x1c, 0xab, 0x9d, 0x2a, 0x8a, 0x1,
    0xd7, 0x55, 0x18, 0x7, 0xff, 0xfc, 0x3, 0xff,
    0xfe, 0x1, 0xff, 0xc9, 0xf0, 0xe, 0x20, 0xf,
    0x84, 0x3, 0xa0, 0x80, 0x3c, 0xa0, 0x1c, 0x9b,
    0xfe, 0x40, 0x8, 0xc8, 0x3, 0xff, 0x83, 0x20,
    0x1f, 0xfc, 0x14, 0xa1, 0x0, 0xf3, 0x80, 0x72,
    0xf5, 0xcc, 0x4e, 0x79, 0x80,

    /* U+0075 "u" */
    0x3f, 0xfe, 0x60, 0xf, 0xec, 0xff, 0xda, 0x1,
    0xff, 0xff, 0x0, 0xff, 0xff, 0x80, 0x7f, 0xff,
    0xc0, 0x3f, 0xff, 0xe0, 0x1, 0x0, 0xff, 0x84,
    0x3, 0xf8, 0x80, 0x38, 0x40, 0x3b, 0xc0, 0x3f,
    0x30, 0x7, 0x8c, 0x3, 0x94, 0x3, 0xe1, 0x80,
    0xf, 0x8, 0x7, 0x14, 0x80, 0x71, 0xe0, 0x80,
    0x7c, 0x60, 0x1c, 0xdd, 0x51, 0x39, 0x82, 0x0,
    0xfd, 0x40, 0x1e, 0x15, 0x76, 0x30, 0x8, 0x80,
    0x3c, 0xc2, 0x1, 0xff, 0xc0, 0x4f, 0x0, 0xfb,
    0x4, 0x3, 0xfc, 0xd6, 0x40, 0x1f, 0x17, 0xb0,
    0x7, 0xc9, 0x72, 0x0, 0x10, 0xf, 0x86, 0x7e,
    0xe6, 0x21, 0x5d, 0x68, 0x1, 0x77, 0xfd, 0xa0,

    /* U+0076 "v" */
    0x9f, 0xfe, 0x40, 0xf, 0xfb, 0x3f, 0xf7, 0x5,
    0x0, 0x77, 0x0, 0x7f, 0x88, 0xc0, 0x33, 0x1,
    0x90, 0x6, 0x50, 0xf, 0xf2, 0x80, 0x75, 0x0,
    0x28, 0x3, 0x98, 0x3, 0xfa, 0x80, 0x31, 0x90,
    0x1, 0x80, 0x3b, 0x40, 0x3f, 0x19, 0x0, 0x6a,
    0x0, 0x85, 0x0, 0x32, 0x8, 0x7, 0xd4, 0x1,
    0xce, 0x1, 0xb8, 0x3, 0x98, 0x3, 0xe7, 0x0,
    0xca, 0x20, 0x19, 0x44, 0x3, 0x50, 0x7, 0x90,
    0x40, 0x37, 0x0, 0x79, 0xc0, 0x31, 0x18, 0x7,
    0x70, 0x6, 0x14, 0x0, 0xf5, 0x0, 0x75, 0x80,
    0x72, 0x80, 0x66, 0x0, 0xf8, 0xc8, 0x3, 0x30,
    0x6, 0x50, 0xe, 0xa0, 0xf, 0xd4, 0x1, 0x85,
    0x0, 0x2e, 0x0, 0xc6, 0x40, 0x1f, 0x98, 0x3,
    0xb4, 0x2, 0x40, 0xd, 0x40, 0x1f, 0xc2, 0x80,
    0x19, 0x0, 0xa, 0x1, 0xce, 0x1, 0xfe, 0xe0,
    0xc, 0x44, 0xc, 0x0, 0xca, 0x20, 0x1f, 0xe5,
    0x0, 0xe5, 0x7, 0x0, 0xdc, 0x1, 0xff, 0xc0,
    0x60, 0xd, 0x84, 0x20, 0x10, 0xa0, 0x7, 0xff,
    0x2, 0x80, 0x32, 0x28, 0x6, 0x60, 0xf, 0xfe,
    0x9, 0x90, 0x6, 0x80, 0xd, 0x40, 0x1f, 0xfc,
    0x2a, 0x0, 0xfc, 0x64, 0x1, 0xff, 0xc2, 0x60,
    0xf, 0xd4, 0x1, 0xff, 0xc3, 0x14, 0x0, 0xf9,
    0xc0, 0x3f, 0xf8, 0x9c, 0x1, 0xe5, 0x10, 0xf,
    0xfe, 0x22, 0x80, 0x7b, 0x80, 0x3f, 0x80,

    /* U+0077 "w" */
    0xbf, 0xfe, 0x10, 0xf, 0xa3, 0xff, 0xac, 0x3,
    0xf6, 0x7f, 0xe9, 0xd0, 0xe, 0x40, 0xf, 0x90,
    0x3, 0x90, 0x3, 0xf1, 0x80, 0x6d, 0x70, 0xe,
    0xc0, 0xf, 0x8c, 0x3, 0xc6, 0x1, 0xe4, 0x0,
    0xe4, 0x13, 0x0, 0xc8, 0x1, 0xe4, 0x0, 0xf9,
    0x0, 0x3d, 0x80, 0x19, 0x40, 0x8, 0x1, 0x88,
    0x40, 0x3b, 0x0, 0x3e, 0xc0, 0xf, 0x20, 0x6,
    0xc0, 0x5, 0x80, 0x72, 0x0, 0x72, 0x0, 0x7c,
    0x80, 0x1e, 0x30, 0xc, 0xe0, 0x3, 0x10, 0xd,
    0x80, 0x1c, 0x60, 0x11, 0x0, 0x63, 0x0, 0xc8,
    0x1, 0x8c, 0x40, 0x27, 0x0, 0xc8, 0x1, 0x8c,
    0x3, 0x50, 0x6, 0xb0, 0xd, 0x80, 0x1a, 0xc0,
    0x36, 0x80, 0x62, 0x20, 0x4, 0x80, 0x19, 0x80,
    0x32, 0x0, 0x64, 0x0, 0xca, 0x1, 0x90, 0x3,
    0x90, 0x2, 0xc0, 0x8, 0x84, 0x80, 0x23, 0x0,
    0x84, 0xc0, 0x21, 0x20, 0xe, 0x40, 0xd, 0x80,
    0x12, 0x0, 0x4e, 0x8, 0x1, 0x90, 0x0, 0x80,
    0x19, 0xc0, 0x3d, 0xa0, 0x19, 0x0, 0x6, 0x1,
    0xb0, 0x3c, 0x3, 0x60, 0x3, 0x0, 0x36, 0x80,
    0x79, 0xc0, 0x30, 0x90, 0x20, 0x6, 0x40, 0x40,
    0xc, 0x80, 0x4, 0x0, 0xc8, 0x1, 0xe1, 0x30,
    0xc, 0x81, 0xa0, 0x10, 0x90, 0x10, 0x80, 0x46,
    0x2, 0x40, 0x12, 0x0, 0x7e, 0x40, 0xd, 0x80,
    0xe0, 0x12, 0x0, 0x48, 0x1, 0x8d, 0x40, 0x36,
    0x80, 0x7e, 0xb0, 0xc, 0xe0, 0x40, 0x16, 0x0,
    0x58, 0x1, 0x94, 0xc0, 0x33, 0x80, 0x7e, 0x31,
    0x0, 0x89, 0x0, 0x32, 0x0, 0x4a, 0x1, 0xb3,
    0x0, 0x11, 0x88, 0x7, 0xf3, 0x80, 0x68, 0x0,
    0x84, 0x80, 0x23, 0x0, 0xc8, 0xa0, 0x15, 0x80,
    0x7f, 0xb4, 0x3, 0x18, 0x4, 0x80, 0x1c, 0x80,
    0x10, 0x88, 0x2, 0x40, 0xf, 0xf2, 0x0, 0x7e,
    0xc0, 0xe, 0xc0, 0xf, 0x84, 0xc0, 0x3f, 0xe4,
    0x0, 0xf9, 0x0, 0x39, 0x0, 0x3e, 0x70, 0xf,
    0xfe, 0x6, 0x80, 0x78, 0x48, 0x3, 0x8c, 0x3,
    0xed, 0x0, 0xff, 0xe0, 0x38, 0x7, 0x90, 0x3,
    0xe4, 0x0, 0xf2, 0x0, 0x7f, 0xf0, 0x4, 0xc0,
    0x3b, 0x0, 0x3e, 0xc0, 0xe, 0x40, 0xf, 0x80,

    /* U+0078 "x" */
    0x9, 0xff, 0xf1, 0x80, 0x7e, 0x8f, 0xfe, 0xd0,
    0x4, 0x90, 0x7, 0x78, 0x7, 0xc6, 0xe0, 0x1d,
    0xe0, 0x17, 0x0, 0x71, 0xb8, 0x7, 0xb8, 0x3,
    0xa0, 0x80, 0x23, 0x70, 0xe, 0x82, 0x0, 0xd0,
    0x40, 0x19, 0x1c, 0x3, 0xa0, 0xc0, 0x3b, 0x80,
    0x22, 0x70, 0xc, 0x34, 0x1, 0xf7, 0x0, 0x71,
    0xb0, 0x3, 0x80, 0x3a, 0xc4, 0x3, 0xe2, 0x80,
    0xe, 0x91, 0x73, 0x0, 0xcc, 0xa0, 0x1f, 0xce,
    0x80, 0x1d, 0xb0, 0x1, 0x8a, 0x40, 0x3f, 0xea,
    0x0, 0xe3, 0x0, 0xee, 0x0, 0xff, 0xe0, 0xd,
    0x0, 0x7f, 0x39, 0x80, 0x7f, 0xf0, 0x55, 0x40,
    0x1f, 0x1c, 0x0, 0x7f, 0xf0, 0xec, 0x3, 0xe8,
    0x0, 0xff, 0xe2, 0x30, 0x7, 0xd0, 0x1, 0xff,
    0xc3, 0x38, 0x0, 0xf8, 0xdc, 0x3, 0xff, 0x85,
    0xc0, 0x1f, 0xd0, 0x40, 0x1f, 0xfc, 0x9, 0x20,
    0xc, 0x40, 0x1d, 0xc0, 0x1f, 0xf2, 0x30, 0x6,
    0x3d, 0x10, 0xc, 0x70, 0x1, 0xfc, 0x34, 0x1,
    0xdc, 0x14, 0x1, 0xce, 0x60, 0x1f, 0xa8, 0x40,
    0x34, 0x10, 0x22, 0x80, 0x77, 0x0, 0x7c, 0xc8,
    0x1, 0x8d, 0xc0, 0x2b, 0x10, 0xc, 0x52, 0x1,
    0xc5, 0x20, 0x1d, 0xc0, 0x18, 0x6c, 0x3, 0x99,
    0x0, 0x37, 0x0, 0x74, 0x10, 0x7, 0x2a, 0x80,
    0x3a, 0x80, 0x27, 0x30, 0xc, 0x4e, 0x1, 0xf5,
    0x88, 0x6, 0x1a, 0x3, 0x80, 0xe, 0xe0, 0xf,
    0xc3, 0x0, 0x1c, 0xaa,

    /* U+0079 "y" */
    0x9f, 0xfe, 0x50, 0xf, 0xfb, 0x3f, 0xf7, 0x5,
    0x80, 0x77, 0x0, 0x7f, 0x84, 0xc0, 0x33, 0x81,
    0x18, 0x6, 0x41, 0x0, 0xfe, 0x70, 0xe, 0xa0,
    0x5, 0x0, 0x74, 0x80, 0x7f, 0x68, 0x6, 0x23,
    0x0, 0x30, 0x80, 0x66, 0x0, 0xfc, 0x28, 0x1,
    0xa8, 0x3, 0x38, 0x6, 0x14, 0x0, 0xf9, 0xc0,
    0x39, 0x40, 0x35, 0x80, 0x77, 0x80, 0x7d, 0xa0,
    0x18, 0xc8, 0x3, 0x11, 0x80, 0x64, 0x10, 0xf,
    0x20, 0x6, 0xa0, 0xf, 0x50, 0x7, 0x30, 0x7,
    0x28, 0x7, 0x38, 0x7, 0x98, 0x3, 0xa4, 0x3,
    0xbc, 0x3, 0x20, 0x80, 0x7c, 0xc0, 0x18, 0x50,
    0x3, 0x28, 0x6, 0xe0, 0xf, 0xd4, 0x1, 0xdc,
    0x1, 0x28, 0x7, 0x28, 0x7, 0xe3, 0x30, 0x6,
    0x51, 0x0, 0x78, 0x6, 0x60, 0xf, 0xf5, 0x0,
    0x72, 0x0, 0x10, 0x3, 0x68, 0x7, 0xf9, 0x80,
    0x3b, 0xc0, 0xc4, 0x2, 0x14, 0x0, 0xff, 0x98,
    0x3, 0x20, 0x58, 0x6, 0x60, 0xf, 0xfe, 0x5,
    0x0, 0x61, 0x34, 0x0, 0xd6, 0x1, 0xff, 0xc0,
    0x33, 0x0, 0x6a, 0x30, 0x8, 0x8c, 0x3, 0xff,
    0x83, 0x40, 0x19, 0x80, 0x35, 0x0, 0x7f, 0xf0,
    0x98, 0x3, 0xf9, 0x80, 0x3f, 0xf8, 0x6c, 0x1,
    0xf1, 0x88, 0x7, 0xff, 0xe, 0x80, 0x3e, 0xa0,
    0xf, 0xfe, 0x21, 0x98, 0x3, 0xce, 0x1, 0xff,
    0xc5, 0xb0, 0xe, 0x61, 0x0, 0xff, 0xe2, 0xe0,
    0x7, 0x58, 0x7, 0xff, 0x15, 0xd0, 0x3, 0x21,
    0x0, 0x7f, 0xf1, 0x26, 0x0, 0x3b, 0xc0, 0x3f,
    0xf8, 0xf, 0x32, 0xaf, 0x60, 0xe, 0x44, 0x0,
    0x7f, 0xf0, 0x2d, 0x98, 0xa0, 0x1e, 0x1a, 0x0,
    0xff, 0xe5, 0xe8, 0x80, 0x7f, 0xf2, 0x4b, 0xc,
    0x3, 0xff, 0x85, 0x48, 0x20, 0x1, 0x4a, 0xd3,
    0x0, 0xff, 0xe0, 0x80,

    /* U+007A "z" */
    0x1f, 0xff, 0xfe, 0x3c, 0x0, 0x7f, 0xf7, 0xfc,
    0x3, 0xff, 0x90, 0x4e, 0x0, 0x55, 0xff, 0x84,
    0x3, 0xde, 0x0, 0x1a, 0xaf, 0xf7, 0x8, 0x7,
    0x49, 0x0, 0x7f, 0xf0, 0x6, 0x80, 0x39, 0x58,
    0x3, 0xff, 0x83, 0x42, 0x1, 0x8a, 0xc0, 0x3f,
    0xf8, 0x2e, 0x80, 0x1d, 0xc2, 0x1, 0xff, 0xc0,
    0x38, 0x0, 0xe8, 0x30, 0xf, 0xfe, 0x0, 0xe8,
    0x7, 0x23, 0x80, 0x7f, 0xf0, 0x6c, 0x40, 0x30,
    0xd0, 0x7, 0xff, 0x5, 0x94, 0x3, 0xa8, 0x40,
    0x3f, 0xf8, 0x5, 0x20, 0x1c, 0xe8, 0x1, 0xff,
    0xc1, 0xf0, 0xe, 0x38, 0x0, 0xff, 0xe0, 0xc9,
    0x0, 0x77, 0x0, 0x7f, 0xf0, 0x55, 0x80, 0x3a,
    0x88, 0x3, 0xff, 0x80, 0x54, 0x1, 0xcc, 0xa0,
    0x1f, 0xfc, 0x1e, 0x0, 0xe2, 0x90, 0xf, 0xfe,
    0xc, 0x18, 0x7, 0xd, 0x57, 0xff, 0x0, 0x11,
    0xc0, 0x3c, 0x6a, 0xbf, 0xfc, 0x0, 0x90, 0xf,
    0xfe, 0x49, 0x80, 0x7f, 0xf7, 0xc0,

    /* U+007B "{" */
    0x0, 0xfc, 0x2f, 0x5b, 0xdf, 0x0, 0x1f, 0x47,
    0x42, 0x90, 0x80, 0x7e, 0x87, 0x0, 0xff, 0xe0,
    0x13, 0x80, 0x61, 0x69, 0xa0, 0xe, 0x50, 0xc,
    0x7f, 0x2c, 0x40, 0x1d, 0xa0, 0x1a, 0x4, 0x3,
    0xf3, 0x0, 0x65, 0x0, 0xff, 0xe1, 0x8, 0x7,
    0xff, 0xb8, 0x40, 0x3f, 0xf8, 0x46, 0x1, 0xff,
    0xd1, 0x10, 0xf, 0xfe, 0x69, 0x0, 0x4c, 0x1,
    0xfc, 0xa2, 0x1, 0x68, 0x7, 0x8d, 0x6a, 0x80,
    0x19, 0x80, 0x3d, 0x94, 0xa0, 0x1a, 0x84, 0x3,
    0xf8, 0xda, 0x39, 0x40, 0x3f, 0xc4, 0xbc, 0x40,
    0x1f, 0xf0, 0x9b, 0x63, 0x80, 0x7d, 0xd9, 0x2,
    0x1, 0x41, 0x80, 0x78, 0x4d, 0xf4, 0x3, 0x58,
    0x7, 0xf1, 0x90, 0x4, 0x60, 0x1f, 0xe1, 0x0,
    0x9c, 0x3, 0xff, 0x84, 0x20, 0x1f, 0xfd, 0x13,
    0x0, 0xff, 0xe8, 0x88, 0x7, 0xff, 0x84, 0x40,
    0x3f, 0x9c, 0x3, 0x18, 0x7, 0xf1, 0x0, 0x6a,
    0x0, 0xfe, 0xd0, 0xc, 0xf4, 0x82, 0x1, 0xe4,
    0x30, 0xc, 0xb7, 0xd0, 0x1, 0xee, 0x20, 0xf,
    0xfe, 0x9, 0x6c, 0x98, 0x7, 0xff, 0x5, 0xb3,
    0xf7, 0x2e, 0x80,

    /* U+007C "|" */
    0x8f, 0xfb, 0x0, 0x3f, 0xff, 0xe0, 0x1f, 0xff,
    0xf0, 0xf, 0xff, 0x5e, 0x3b, 0xd4,

    /* U+007D "}" */
    0x6f, 0xed, 0xb7, 0x20, 0xf, 0xf0, 0x92, 0x46,
    0xc8, 0x7, 0xff, 0x9, 0xa8, 0x3, 0xc9, 0x2e,
    0x40, 0x19, 0x50, 0x3, 0x89, 0xa3, 0x54, 0x3,
    0x68, 0x7, 0xf4, 0x0, 0x65, 0x0, 0xfe, 0x20,
    0xc, 0x20, 0x1f, 0xe1, 0x0, 0x8c, 0x3, 0xff,
    0x9a, 0x60, 0x1f, 0xfd, 0x11, 0x0, 0xff, 0xe8,
    0xb8, 0x7, 0xff, 0x8, 0x40, 0x3f, 0xfa, 0x24,
    0x1, 0x8, 0x7, 0xfb, 0x40, 0x33, 0x80, 0x7f,
    0x28, 0x80, 0x51, 0x6c, 0x80, 0x1f, 0x68, 0x80,
    0x49, 0x36, 0x40, 0x1e, 0x3e, 0x96, 0x30, 0xf,
    0xf8, 0xfd, 0x48, 0x3, 0xfc, 0xd8, 0xc6, 0x20,
    0x1f, 0xc3, 0x20, 0x19, 0xf3, 0x88, 0x3, 0x9c,
    0x3, 0x5c, 0x18, 0x80, 0x7b, 0xc0, 0x32, 0x0,
    0x7f, 0x18, 0x4, 0x20, 0x1f, 0xe1, 0x0, 0xff,
    0xe8, 0xb8, 0x7, 0xff, 0x44, 0x40, 0x3f, 0xf8,
    0x46, 0x1, 0xff, 0xd1, 0x10, 0xf, 0xfe, 0x31,
    0x80, 0x7f, 0x38, 0x6, 0x60, 0xf, 0x9, 0xcc,
    0x0, 0x6d, 0x0, 0xe6, 0xec, 0x60, 0xc, 0x4c,
    0x1, 0xff, 0xc0, 0x1e, 0x0, 0xff, 0x8e, 0x38,
    0xc0, 0x3c, 0xf7, 0x9b, 0xf8, 0xe0, 0x1f, 0x80,

    /* U+007E "~" */
    0x0, 0xff, 0xe5, 0x8, 0x80, 0x24, 0xae, 0xfe,
    0xc7, 0x10, 0xf, 0xf0, 0xe1, 0x81, 0x65, 0xa8,
    0x80, 0x9c, 0x74, 0x98, 0x7, 0xcf, 0xc4, 0x7,
    0x86, 0x1, 0xf9, 0xb3, 0xc, 0x64, 0x8f, 0xb0,
    0x1, 0x70, 0x80, 0x7f, 0xc7, 0x39, 0xb7, 0x4,
    0x1, 0x8c, 0x3, 0xff, 0x94, 0x60, 0x10, 0xbd,
    0xee, 0x4a, 0x80, 0x7f, 0xf0, 0x24, 0x40, 0xd,
    0xf0, 0x84, 0x6d, 0x5c, 0xe2, 0x1, 0xf0, 0xdb,
    0x1, 0xe4, 0x88, 0x7, 0x86, 0x3a, 0x90, 0x40,
    0x52, 0x79, 0x0, 0x1e, 0x60, 0x1f, 0xf2, 0xdf,
    0x7f, 0x5b, 0x0, 0x60
};


/*---------------------
 *  GLYPH DESCRIPTION
 *--------------------*/

static const lv_font_fmt_txt_glyph_dsc_t glyph_dsc[] = {
    {.bitmap_index = 0, .adv_w = 0, .box_w = 0, .box_h = 0, .ofs_x = 0, .ofs_y = 0} /* id = 0 reserved */,
    {.bitmap_index = 0, .adv_w = 147, .box_w = 0, .box_h = 0, .ofs_x = 0, .ofs_y = 0},
    {.bitmap_index = 0, .adv_w = 215, .box_w = 7, .box_h = 32, .ofs_x = 3, .ofs_y = 0},
    {.bitmap_index = 79, .adv_w = 327, .box_w = 16, .box_h = 13, .ofs_x = 2, .ofs_y = 19},
    {.bitmap_index = 129, .adv_w = 429, .box_w = 25, .box_h = 34, .ofs_x = 1, .ofs_y = -1},
    {.bitmap_index = 380, .adv_w = 398, .box_w = 23, .box_h = 36, .ofs_x = 1, .ofs_y = -2},
    {.bitmap_index = 604, .adv_w = 711, .box_w = 37, .box_h = 34, .ofs_x = 4, .ofs_y = -1},
    {.bitmap_index = 1027, .adv_w = 537, .box_w = 30, .box_h = 34, .ofs_x = 2, .ofs_y = -1},
    {.bitmap_index = 1317, .adv_w = 181, .box_w = 7, .box_h = 13, .ofs_x = 2, .ofs_y = 19},
    {.bitmap_index = 1340, .adv_w = 263, .box_w = 13, .box_h = 42, .ofs_x = 2, .ofs_y = -7},
    {.bitmap_index = 1517, .adv_w = 263, .box_w = 12, .box_h = 42, .ofs_x = 2, .ofs_y = -7},
    {.bitmap_index = 1689, .adv_w = 300, .box_w = 17, .box_h = 17, .ofs_x = 1, .ofs_y = 15},
    {.bitmap_index = 1813, .adv_w = 468, .box_w = 23, .box_h = 24, .ofs_x = 3, .ofs_y = 0},
    {.bitmap_index = 1866, .adv_w = 221, .box_w = 7, .box_h = 14, .ofs_x = 3, .ofs_y = -8},
    {.bitmap_index = 1898, .adv_w = 245, .box_w = 13, .box_h = 6, .ofs_x = 1, .ofs_y = 10},
    {.bitmap_index = 1908, .adv_w = 221, .box_w = 7, .box_h = 6, .ofs_x = 3, .ofs_y = 0},
    {.bitmap_index = 1914, .adv_w = 219, .box_w = 14, .box_h = 37, .ofs_x = 0, .ofs_y = -2},
    {.bitmap_index = 2077, .adv_w = 423, .box_w = 23, .box_h = 34, .ofs_x = 2, .ofs_y = -1},
    {.bitmap_index = 2319, .adv_w = 424, .box_w = 21, .box_h = 32, .ofs_x = 4, .ofs_y = 0},
    {.bitmap_index = 2393, .adv_w = 424, .box_w = 23, .box_h = 33, .ofs_x = 2, .ofs_y = 0},
    {.bitmap_index = 2613, .adv_w = 424, .box_w = 23, .box_h = 34, .ofs_x = 2, .ofs_y = -1},
    {.bitmap_index = 2860, .adv_w = 425, .box_w = 24, .box_h = 33, .ofs_x = 1, .ofs_y = 0},
    {.bitmap_index = 3038, .adv_w = 423, .box_w = 23, .box_h = 33, .ofs_x = 2, .ofs_y = -1},
    {.bitmap_index = 3266, .adv_w = 424, .box_w = 23, .box_h = 34, .ofs_x = 2, .ofs_y = -1},
    {.bitmap_index = 3532, .adv_w = 424, .box_w = 23, .box_h = 32, .ofs_x = 2, .ofs_y = 0},
    {.bitmap_index = 3704, .adv_w = 424, .box_w = 23, .box_h = 34, .ofs_x = 2, .ofs_y = -1},
    {.bitmap_index = 3973, .adv_w = 423, .box_w = 24, .box_h = 34, .ofs_x = 1, .ofs_y = -1},
    {.bitmap_index = 4243, .adv_w = 247, .box_w = 7, .box_h = 24, .ofs_x = 4, .ofs_y = 0},
    {.bitmap_index = 4264, .adv_w = 247, .box_w = 7, .box_h = 32, .ofs_x = 4, .ofs_y = -8},
    {.bitmap_index = 4313, .adv_w = 468, .box_w = 23, .box_h = 25, .ofs_x = 3, .ofs_y = 0},
    {.bitmap_index = 4471, .adv_w = 468, .box_w = 23, .box_h = 15, .ofs_x = 3, .ofs_y = 5},
    {.bitmap_index = 4505, .adv_w = 468, .box_w = 22, .box_h = 25, .ofs_x = 4, .ofs_y = 0},
    {.bitmap_index = 4664, .adv_w = 451, .box_w = 23, .box_h = 33, .ofs_x = 2, .ofs_y = 0},
    {.bitmap_index = 4852, .adv_w = 735, .box_w = 42, .box_h = 41, .ofs_x = 2, .ofs_y = -8},
    {.bitmap_index = 5397, .adv_w = 522, .box_w = 33, .box_h = 32, .ofs_x = 0, .ofs_y = 0},
    {.bitmap_index = 5675, .adv_w = 520, .box_w = 28, .box_h = 32, .ofs_x = 3, .ofs_y = 0},
    {.bitmap_index = 5867, .adv_w = 531, .box_w = 30, .box_h = 34, .ofs_x = 2, .ofs_y = -1},
    {.bitmap_index = 6151, .adv_w = 536, .box_w = 29, .box_h = 32, .ofs_x = 3, .ofs_y = 0},
    {.bitmap_index = 6339, .adv_w = 495, .box_w = 26, .box_h = 32, .ofs_x = 3, .ofs_y = 0},
    {.bitmap_index = 6414, .adv_w = 448, .box_w = 24, .box_h = 32, .ofs_x = 3, .ofs_y = 0},
    {.bitmap_index = 6474, .adv_w = 584, .box_w = 32, .box_h = 34, .ofs_x = 2, .ofs_y = -1},
    {.bitmap_index = 6768, .adv_w = 539, .box_w = 28, .box_h = 32, .ofs_x = 3, .ofs_y = 0},
    {.bitmap_index = 6830, .adv_w = 208, .box_w = 7, .box_h = 32, .ofs_x = 3, .ofs_y = 0},
    {.bitmap_index = 6842, .adv_w = 431, .box_w = 23, .box_h = 33, .ofs_x = 1, .ofs_y = -1},
    {.bitmap_index = 6960, .adv_w = 512, .box_w = 28, .box_h = 32, .ofs_x = 3, .ofs_y = 0},
    {.bitmap_index = 7180, .adv_w = 420, .box_w = 23, .box_h = 32, .ofs_x = 3, .ofs_y = 0},
    {.bitmap_index = 7224, .adv_w = 621, .box_w = 33, .box_h = 32, .ofs_x = 3, .ofs_y = 0},
    {.bitmap_index = 7489, .adv_w = 539, .box_w = 28, .box_h = 32, .ofs_x = 3, .ofs_y = 0},
    {.bitmap_index = 7655, .adv_w = 576, .box_w = 32, .box_h = 34, .ofs_x = 2, .ofs_y = -1},
    {.bitmap_index = 7969, .adv_w = 493, .box_w = 27, .box_h = 32, .ofs_x = 3, .ofs_y = 0},
    {.bitmap_index = 8109, .adv_w = 576, .box_w = 32, .box_h = 39, .ofs_x = 2, .ofs_y = -6},
    {.bitmap_index = 8458, .adv_w = 528, .box_w = 29, .box_h = 32, .ofs_x = 3, .ofs_y = 0},
    {.bitmap_index = 8644, .adv_w = 491, .box_w = 27, .box_h = 34, .ofs_x = 2, .ofs_y = -1},
    {.bitmap_index = 8933, .adv_w = 456, .box_w = 27, .box_h = 32, .ofs_x = 1, .ofs_y = 0},
    {.bitmap_index = 8987, .adv_w = 533, .box_w = 27, .box_h = 33, .ofs_x = 3, .ofs_y = -1},
    {.bitmap_index = 9127, .adv_w = 494, .box_w = 31, .box_h = 32, .ofs_x = 0, .ofs_y = 0},
    {.bitmap_index = 9408, .adv_w = 702, .box_w = 44, .box_h = 32, .ofs_x = 0, .ofs_y = 0},
    {.bitmap_index = 9859, .adv_w = 505, .box_w = 32, .box_h = 32, .ofs_x = 0, .ofs_y = 0},
    {.bitmap_index = 10159, .adv_w = 498, .box_w = 31, .box_h = 32, .ofs_x = 0, .ofs_y = 0},
    {.bitmap_index = 10354, .adv_w = 467, .box_w = 27, .box_h = 32, .ofs_x = 1, .ofs_y = 0},
    {.bitmap_index = 10533, .adv_w = 250, .box_w = 10, .box_h = 42, .ofs_x = 5, .ofs_y = -7},
    {.bitmap_index = 10563, .adv_w = 219, .box_w = 14, .box_h = 37, .ofs_x = 0, .ofs_y = -2},
    {.bitmap_index = 10724, .adv_w = 250, .box_w = 10, .box_h = 42, .ofs_x = 1, .ofs_y = -7},
    {.bitmap_index = 10753, .adv_w = 468, .box_w = 21, .box_h = 18, .ofs_x = 4, .ofs_y = 14},
    {.bitmap_index = 10885, .adv_w = 373, .box_w = 24, .box_h = 4, .ofs_x = 0, .ofs_y = -7},
    {.bitmap_index = 10895, .adv_w = 154, .box_w = 10, .box_h = 7, .ofs_x = 0, .ofs_y = 27},
    {.bitmap_index = 10923, .adv_w = 409, .box_w = 25, .box_h = 26, .ofs_x = 1, .ofs_y = -1},
    {.bitmap_index = 11127, .adv_w = 436, .box_w = 24, .box_h = 35, .ofs_x = 2, .ofs_y = -1},
    {.bitmap_index = 11323, .adv_w = 403, .box_w = 23, .box_h = 26, .ofs_x = 1, .ofs_y = -1},
    {.bitmap_index = 11513, .adv_w = 436, .box_w = 24, .box_h = 35, .ofs_x = 1, .ofs_y = -1},
    {.bitmap_index = 11714, .adv_w = 413, .box_w = 24, .box_h = 26, .ofs_x = 1, .ofs_y = -1},
    {.bitmap_index = 11910, .adv_w = 226, .box_w = 15, .box_h = 34, .ofs_x = 0, .ofs_y = 0},
    {.bitmap_index = 11984, .adv_w = 435, .box_w = 27, .box_h = 37, .ofs_x = 0, .ofs_y = -8},
    {.bitmap_index = 12281, .adv_w = 430, .box_w = 23, .box_h = 34, .ofs_x = 2, .ofs_y = 0},
    {.bitmap_index = 12384, .adv_w = 185, .box_w = 7, .box_h = 34, .ofs_x = 2, .ofs_y = 0},
    {.bitmap_index = 12408, .adv_w = 184, .box_w = 11, .box_h = 42, .ofs_x = -2, .ofs_y = -8},
    {.bitmap_index = 12462, .adv_w = 400, .box_w = 23, .box_h = 34, .ofs_x = 2, .ofs_y = 0},
    {.bitmap_index = 12628, .adv_w = 185, .box_w = 7, .box_h = 34, .ofs_x = 2, .ofs_y = 0},
    {.bitmap_index = 12642, .adv_w = 634, .box_w = 35, .box_h = 25, .ofs_x = 2, .ofs_y = 0},
    {.bitmap_index = 12797, .adv_w = 430, .box_w = 23, .box_h = 25, .ofs_x = 2, .ofs_y = 0},
    {.bitmap_index = 12895, .adv_w = 440, .box_w = 25, .box_h = 26, .ofs_x = 1, .ofs_y = -1},
    {.bitmap_index = 13101, .adv_w = 436, .box_w = 24, .box_h = 33, .ofs_x = 2, .ofs_y = -8},
    {.bitmap_index = 13301, .adv_w = 436, .box_w = 24, .box_h = 33, .ofs_x = 1, .ofs_y = -8},
    {.bitmap_index = 13503, .adv_w = 266, .box_w = 15, .box_h = 25, .ofs_x = 2, .ofs_y = 0},
    {.bitmap_index = 13569, .adv_w = 398, .box_w = 23, .box_h = 26, .ofs_x = 1, .ofs_y = -1},
    {.bitmap_index = 13773, .adv_w = 231, .box_w = 14, .box_h = 33, .ofs_x = 0, .ofs_y = -1},
    {.bitmap_index = 13866, .adv_w = 429, .box_w = 22, .box_h = 25, .ofs_x = 2, .ofs_y = -1},
    {.bitmap_index = 13962, .adv_w = 389, .box_w = 25, .box_h = 24, .ofs_x = 0, .ofs_y = 0},
    {.bitmap_index = 14153, .adv_w = 558, .box_w = 35, .box_h = 24, .ofs_x = 0, .ofs_y = 0},
    {.bitmap_index = 14449, .adv_w = 402, .box_w = 25, .box_h = 24, .ofs_x = 0, .ofs_y = 0},
    {.bitmap_index = 14645, .adv_w = 389, .box_w = 25, .box_h = 32, .ofs_x = 0, .ofs_y = -8},
    {.bitmap_index = 14889, .adv_w = 375, .box_w = 22, .box_h = 24, .ofs_x = 1, .ofs_y = 0},
    {.bitmap_index = 15023, .adv_w = 290, .box_w = 15, .box_h = 42, .ofs_x = 1, .ofs_y = -8},
    {.bitmap_index = 15178, .adv_w = 180, .box_w = 5, .box_h = 43, .ofs_x = 3, .ofs_y = -9},
    {.bitmap_index = 15192, .adv_w = 290, .box_w = 15, .box_h = 42, .ofs_x = 2, .ofs_y = -8},
    {.bitmap_index = 15352, .adv_w = 468, .box_w = 24, .box_h = 10, .ofs_x = 3, .ofs_y = 9}
};

/*---------------------
 *  CHARACTER MAPPING
 *--------------------*/



/*Collect the unicode lists and glyph_id offsets*/
static const lv_font_fmt_txt_cmap_t cmaps[] =
{
    {
        .range_start = 32, .range_length = 95, .glyph_id_start = 1,
        .unicode_list = NULL, .glyph_id_ofs_list = NULL, .list_length = 0, .type = LV_FONT_FMT_TXT_CMAP_FORMAT0_TINY
    }
};

/*-----------------
 *    KERNING
 *----------------*/


/*Pair left and right glyphs for kerning*/
static const uint8_t kern_pair_glyph_ids[] =
{
    1, 58,
    3, 13,
    3, 15,
    3, 21,
    3, 34,
    3, 43,
    3, 68,
    3, 69,
    3, 70,
    3, 80,
    3, 82,
    8, 13,
    8, 15,
    8, 21,
    8, 34,
    8, 43,
    8, 68,
    8, 69,
    8, 70,
    8, 80,
    8, 82,
    14, 17,
    14, 18,
    14, 19,
    14, 20,
    14, 21,
    14, 22,
    14, 23,
    14, 25,
    14, 26,
    14, 55,
    14, 56,
    14, 57,
    14, 58,
    14, 89,
    16, 43,
    17, 14,
    18, 3,
    18, 8,
    18, 14,
    19, 14,
    20, 14,
    21, 14,
    22, 14,
    23, 14,
    24, 10,
    24, 13,
    24, 14,
    24, 15,
    24, 24,
    24, 62,
    24, 94,
    25, 14,
    26, 14,
    34, 3,
    34, 8,
    34, 11,
    34, 16,
    34, 32,
    34, 36,
    34, 40,
    34, 48,
    34, 50,
    34, 53,
    34, 54,
    34, 55,
    34, 56,
    34, 57,
    34, 58,
    34, 86,
    34, 87,
    34, 88,
    34, 89,
    34, 90,
    35, 55,
    35, 56,
    35, 57,
    35, 58,
    36, 53,
    36, 55,
    36, 56,
    36, 57,
    36, 58,
    37, 3,
    37, 8,
    37, 13,
    37, 15,
    37, 27,
    37, 28,
    37, 34,
    37, 53,
    37, 55,
    37, 56,
    37, 57,
    37, 58,
    37, 59,
    38, 43,
    39, 1,
    39, 13,
    39, 14,
    39, 15,
    39, 27,
    39, 28,
    39, 34,
    39, 43,
    39, 57,
    39, 58,
    39, 59,
    39, 66,
    39, 68,
    39, 69,
    39, 70,
    39, 80,
    39, 82,
    40, 55,
    40, 56,
    44, 1,
    44, 3,
    44, 8,
    44, 11,
    44, 14,
    44, 16,
    44, 34,
    44, 36,
    44, 40,
    44, 43,
    44, 48,
    44, 50,
    44, 53,
    44, 55,
    44, 56,
    44, 57,
    44, 58,
    44, 59,
    44, 66,
    44, 68,
    44, 69,
    44, 70,
    44, 80,
    44, 82,
    44, 86,
    44, 87,
    44, 88,
    44, 90,
    45, 3,
    45, 8,
    45, 11,
    45, 14,
    45, 16,
    45, 32,
    45, 36,
    45, 40,
    45, 43,
    45, 48,
    45, 50,
    45, 53,
    45, 54,
    45, 55,
    45, 56,
    45, 57,
    45, 58,
    45, 59,
    45, 87,
    45, 88,
    45, 89,
    45, 90,
    48, 3,
    48, 8,
    48, 13,
    48, 15,
    48, 27,
    48, 28,
    48, 34,
    48, 53,
    48, 55,
    48, 56,
    48, 57,
    48, 58,
    48, 59,
    49, 1,
    49, 13,
    49, 15,
    49, 34,
    49, 43,
    49, 53,
    49, 57,
    49, 58,
    49, 59,
    49, 66,
    49, 68,
    49, 69,
    49, 70,
    49, 80,
    49, 82,
    50, 3,
    50, 8,
    50, 13,
    50, 15,
    50, 27,
    50, 28,
    50, 34,
    50, 53,
    50, 55,
    50, 56,
    50, 57,
    50, 58,
    50, 59,
    51, 36,
    51, 40,
    51, 43,
    51, 48,
    51, 50,
    51, 53,
    51, 54,
    51, 55,
    51, 56,
    51, 57,
    51, 58,
    51, 66,
    51, 68,
    51, 69,
    51, 70,
    51, 80,
    51, 82,
    51, 86,
    51, 87,
    51, 88,
    51, 90,
    52, 58,
    53, 13,
    53, 15,
    53, 16,
    53, 27,
    53, 28,
    53, 34,
    53, 36,
    53, 40,
    53, 43,
    53, 48,
    53, 50,
    53, 57,
    53, 58,
    53, 59,
    53, 66,
    53, 68,
    53, 69,
    53, 70,
    53, 78,
    53, 79,
    53, 80,
    53, 81,
    53, 82,
    53, 83,
    53, 84,
    53, 85,
    53, 86,
    53, 87,
    53, 88,
    53, 89,
    53, 90,
    53, 91,
    54, 34,
    55, 13,
    55, 14,
    55, 15,
    55, 27,
    55, 28,
    55, 34,
    55, 36,
    55, 40,
    55, 43,
    55, 48,
    55, 50,
    55, 57,
    55, 58,
    55, 66,
    55, 68,
    55, 69,
    55, 70,
    55, 78,
    55, 79,
    55, 80,
    55, 81,
    55, 82,
    55, 83,
    55, 84,
    55, 86,
    55, 87,
    55, 88,
    55, 89,
    55, 90,
    55, 91,
    56, 13,
    56, 14,
    56, 15,
    56, 27,
    56, 28,
    56, 34,
    56, 36,
    56, 40,
    56, 43,
    56, 48,
    56, 50,
    56, 57,
    56, 58,
    56, 66,
    56, 68,
    56, 69,
    56, 70,
    56, 78,
    56, 79,
    56, 80,
    56, 81,
    56, 82,
    56, 83,
    56, 84,
    56, 86,
    56, 87,
    56, 88,
    56, 89,
    56, 90,
    56, 91,
    57, 14,
    57, 34,
    57, 36,
    57, 40,
    57, 48,
    57, 50,
    57, 53,
    57, 55,
    57, 56,
    57, 58,
    57, 59,
    57, 66,
    57, 68,
    57, 69,
    57, 70,
    57, 80,
    57, 82,
    57, 84,
    57, 85,
    57, 86,
    57, 87,
    57, 88,
    57, 89,
    57, 90,
    57, 91,
    58, 1,
    58, 13,
    58, 14,
    58, 15,
    58, 16,
    58, 27,
    58, 28,
    58, 34,
    58, 36,
    58, 40,
    58, 43,
    58, 48,
    58, 50,
    58, 52,
    58, 53,
    58, 55,
    58, 56,
    58, 57,
    58, 66,
    58, 68,
    58, 69,
    58, 70,
    58, 71,
    58, 72,
    58, 78,
    58, 79,
    58, 80,
    58, 81,
    58, 82,
    58, 83,
    58, 84,
    58, 85,
    58, 86,
    58, 87,
    58, 88,
    58, 89,
    58, 91,
    59, 14,
    59, 36,
    59, 40,
    59, 48,
    59, 50,
    59, 53,
    59, 57,
    61, 24,
    61, 34,
    61, 58,
    61, 62,
    67, 3,
    67, 8,
    67, 89,
    67, 91,
    70, 3,
    70, 8,
    70, 89,
    71, 3,
    71, 8,
    71, 10,
    71, 11,
    71, 13,
    71, 14,
    71, 15,
    71, 24,
    71, 27,
    71, 28,
    71, 32,
    71, 62,
    71, 66,
    71, 68,
    71, 69,
    71, 70,
    71, 80,
    71, 82,
    71, 94,
    76, 1,
    76, 14,
    76, 66,
    76, 68,
    76, 69,
    76, 70,
    76, 80,
    76, 82,
    76, 84,
    76, 87,
    76, 88,
    76, 89,
    76, 90,
    76, 91,
    80, 3,
    80, 8,
    80, 89,
    80, 91,
    81, 3,
    81, 8,
    81, 89,
    81, 91,
    83, 1,
    83, 13,
    83, 15,
    83, 66,
    83, 68,
    83, 69,
    83, 70,
    83, 80,
    83, 82,
    84, 89,
    85, 10,
    87, 13,
    87, 15,
    87, 27,
    87, 28,
    87, 66,
    88, 13,
    88, 15,
    88, 27,
    88, 28,
    88, 66,
    89, 14,
    89, 66,
    89, 68,
    89, 69,
    89, 70,
    89, 80,
    89, 82,
    90, 13,
    90, 15,
    90, 27,
    90, 28,
    90, 66,
    91, 66,
    91, 68,
    91, 69,
    91, 70,
    91, 80,
    91, 82
};

/* Kerning between the respective left and right glyphs
 * 4.4 format which needs to scaled with `kern_scale`*/
static const int8_t kern_pair_values[] =
{
    -29, -29, -29, -6, -59, -59, -6, -6,
    -6, -6, -6, -29, -29, -6, -59, -59,
    -6, -6, -6, -6, -6, 24, 24, 24,
    24, 24, 24, 24, 18, 12, -29, -29,
    -29, -82, -18, -12, 24, -6, -6, 24,
    6, 24, 24, 24, 12, -6, -71, -24,
    -71, -6, -6, -6, 18, 24, -59, -59,
    -47, 18, -18, -9, -9, -9, -9, -50,
    -9, -21, -21, -15, -47, -6, -12, -12,
    -6, -15, -6, -6, -6, -9, -12, -3,
    -3, -6, -6, -6, -6, -18, -18, -6,
    -6, -9, -15, -9, -9, -9, -9, -6,
    -12, -18, -35, -12, -35, -6, -6, -32,
    -47, -18, -18, -24, -18, -18, -18, -18,
    -18, -18, -3, -3, -29, -12, -12, -18,
    -41, 18, -29, -32, -32, -24, -32, -32,
    -18, -41, -41, -12, -41, -6, -24, -24,
    -24, -24, -24, -24, -24, -35, -35, -35,
    -59, -59, -53, -47, 18, -29, -18, -18,
    -12, -18, -18, -53, -21, -53, -53, -100,
    -74, -12, -24, -24, -12, -24, -6, -6,
    -18, -18, -6, -6, -9, -15, -9, -9,
    -9, -9, -6, -29, -53, -53, -29, -41,
    -12, -18, -12, -18, -6, -6, -6, -6,
    -6, -6, -6, -6, -18, -18, -6, -6,
    -9, -15, -9, -9, -9, -9, -6, -3,
    -3, -18, -3, -3, -12, -6, -6, -6,
    -12, -12, -6, -6, -6, -6, -6, -6,
    -6, -6, -6, -6, -24, -29, -29, -24,
    -12, -12, -50, -15, -15, -65, -15, -15,
    -12, -12, -12, -47, -47, -47, -47, -41,
    -41, -47, -41, -47, -41, -47, -24, -41,
    -18, -18, -18, -18, -18, -9, -88, -29,
    -88, -6, -6, -21, -9, -9, -53, -9,
    -9, -12, -12, -29, -29, -29, -29, -12,
    -12, -29, -12, -29, -12, -24, -24, -12,
    -12, -18, -12, -18, -88, -29, -88, -6,
    -6, -21, -9, -9, -53, -9, -9, -12,
    -12, -29, -29, -29, -29, -12, -12, -29,
    -12, -29, -12, -24, -24, -12, -12, -18,
    -12, -18, -29, -15, -9, -9, -9, -9,
    -12, -12, -12, -18, -12, -9, -9, -9,
    -9, -9, -9, -9, -24, -12, -24, -24,
    -24, -24, -12, -29, -118, -82, -118, -24,
    -29, -29, -47, -9, -9, -77, -9, -9,
    -24, -12, -12, -12, -18, -59, -59, -59,
    -59, -35, -53, -35, -35, -59, -35, -59,
    -35, -53, -24, -41, -29, -29, -35, -38,
    -53, -6, -6, -6, -6, -12, -12, -12,
    12, -24, -12, -6, -6, -15, -12, -6,
    -6, -3, 6, 6, 18, 6, -24, -6,
    -24, 18, -6, -6, 12, 18, -3, -3,
    -3, -3, -3, -3, 18, -18, -29, -15,
    -21, -21, -21, -21, -21, -18, -12, -12,
    -24, -12, -12, -6, -6, -15, -12, -6,
    -6, -15, -12, -12, -65, -65, -6, -6,
    -6, -6, -6, -6, -12, 3, -71, -71,
    -6, -6, -3, -71, -71, -6, -6, -3,
    -18, -15, -15, -15, -15, -15, -15, -71,
    -71, -6, -6, -3, -12, -12, -12, -12,
    -12, -12
};

/*Collect the kern pair's data in one place*/
static const lv_font_fmt_txt_kern_pair_t kern_pairs =
{
    .glyph_ids = kern_pair_glyph_ids,
    .values = kern_pair_values,
    .pair_cnt = 482,
    .glyph_ids_size = 0
};

/*--------------------
 *  ALL CUSTOM DATA
 *--------------------*/

#if LVGL_VERSION_MAJOR == 8
/*Store all the custom data of the font*/
static  lv_font_fmt_txt_glyph_cache_t cache;
#endif

#if LVGL_VERSION_MAJOR >= 8
static const lv_font_fmt_txt_dsc_t font_dsc = {
#else
static lv_font_fmt_txt_dsc_t font_dsc = {
#endif
    .glyph_bitmap = glyph_bitmap,
    .glyph_dsc = glyph_dsc,
    .cmaps = cmaps,
    .kern_dsc = &kern_pairs,
    .kern_scale = 20,
    .cmap_num = 1,
    .bpp = 4,
    .kern_classes = 0,
    .bitmap_format = 1,
#if LVGL_VERSION_MAJOR == 8
    .cache = &cache
#endif
};



/*-----------------
 *  PUBLIC FONT
 *----------------*/

/*Initialize a public general font descriptor*/
#if LVGL_VERSION_MAJOR >= 8
const lv_font_t ui_font_archivo_800_46 = {
#else
lv_font_t ui_font_archivo_800_46 = {
#endif
    .get_glyph_dsc = lv_font_get_glyph_dsc_fmt_txt,    /*Function pointer to get glyph's data*/
    .get_glyph_bitmap = lv_font_get_bitmap_fmt_txt,    /*Function pointer to get glyph's bitmap*/
    .line_height = 44,          /*The maximum line height required by the font*/
    .base_line = 9,             /*Baseline measured from the bottom of the line*/
#if !(LVGL_VERSION_MAJOR == 6 && LVGL_VERSION_MINOR == 0)
    .subpx = LV_FONT_SUBPX_NONE,
#endif
#if LV_VERSION_CHECK(7, 4, 0) || LVGL_VERSION_MAJOR >= 8
    .underline_position = -7,
    .underline_thickness = 2,
#endif
    .dsc = &font_dsc,          /*The custom font data. Will be accessed by `get_glyph_bitmap/dsc` */
#if LV_VERSION_CHECK(8, 2, 0) || LVGL_VERSION_MAJOR >= 9
    .fallback = NULL,
#endif
    .user_data = NULL,
};



#endif /*#if UI_FONT_ARCHIVO_800_46*/

