/*******************************************************************************
 * Size: 70 px
 * Bpp: 4
 * Opts: --font firmware/tools/font_sources/archivo-800.ttf --size 70 --bpp 4 --format lvgl -r 0x20-0x7E --lv-font-name ui_font_archivo_800_70 -o firmware/src/ui/fonts/ui_font_archivo_800_70.c
 ******************************************************************************/

#ifdef LV_LVGL_H_INCLUDE_SIMPLE
#include "lvgl.h"
#else
#include "lvgl/lvgl.h"
#endif

#ifndef UI_FONT_ARCHIVO_800_70
#define UI_FONT_ARCHIVO_800_70 1
#endif

#if UI_FONT_ARCHIVO_800_70

/*-----------------
 *    BITMAPS
 *----------------*/

/*Store the image of the glyphs*/
static LV_ATTRIBUTE_LARGE_CONST const uint8_t glyph_bitmap[] = {
    /* U+0020 " " */

    /* U+0021 "!" */
    0x11, 0xff, 0x5, 0x77, 0x7f, 0x10, 0x80, 0x7f,
    0x19, 0x80, 0x3f, 0x84, 0x40, 0x1f, 0xef, 0x0,
    0xfc, 0x20, 0x20, 0x1f, 0x8c, 0xc, 0x3, 0xf0,
    0x80, 0x80, 0x7e, 0x60, 0x60, 0xf, 0xc6, 0x6,
    0x1, 0xf8, 0x40, 0x40, 0x3f, 0x78, 0x7, 0xf8,
    0x40, 0x2, 0x1, 0xf1, 0x80, 0xc, 0x3, 0xe1,
    0x0, 0x8, 0x7, 0xce, 0x0, 0x70, 0xf, 0x84,
    0x0, 0x20, 0x1f, 0x18, 0x0, 0xc0, 0x3e, 0x10,
    0x0, 0x80, 0x7f, 0xbc, 0x3, 0xc2, 0x1, 0x8,
    0x7, 0x8c, 0x2, 0x30, 0xf, 0x8, 0x4, 0x20,
    0x1e, 0x70, 0x9, 0xc0, 0x3c, 0x20, 0x10, 0x80,
    0x78, 0xc0, 0x23, 0x0, 0xf7, 0x0, 0x42, 0x1,
    0xe1, 0x0, 0xc2, 0x1, 0xc6, 0x1, 0x8c, 0x3,
    0x84, 0x3, 0x8, 0x7, 0x38, 0x6, 0x70, 0xe,
    0x10, 0xc, 0x20, 0x1c, 0x60, 0x18, 0xc0, 0x38,
    0x40, 0x30, 0x80, 0x7f, 0xbc, 0x3, 0x8, 0x7,
    0x3f, 0xfe, 0xe0, 0xf, 0xfe, 0xc1, 0xff, 0xfe,
    0xb0, 0xf, 0xff, 0xf8, 0x7, 0xff, 0x8,

    /* U+0022 "\"" */
    0x7b, 0xbf, 0xc6, 0x1, 0xa2, 0xef, 0xf0, 0xea,
    0x27, 0xe7, 0x0, 0xc8, 0x9f, 0xc6, 0x1, 0xff,
    0xff, 0x0, 0xff, 0xff, 0x80, 0x7f, 0xfd, 0x88,
    0x3, 0xf3, 0x0, 0x67, 0x0, 0xfc, 0x5e, 0x1,
    0xf8, 0x80, 0x31, 0x0, 0x7c, 0x40, 0x40, 0x1f,
    0x18, 0x7, 0x70, 0x7, 0xce, 0xc, 0x1, 0xf3,
    0x0, 0x71, 0x0, 0x7d, 0xa0, 0x40, 0x1f, 0x68,
    0x7, 0x30, 0x7, 0xc4, 0x2, 0x1, 0xf1, 0x80,
    0x71, 0x0, 0x7c, 0xe0, 0x2, 0x0, 0xf2, 0x80,
    0x70, 0x80, 0x7c, 0x40, 0x6, 0x0, 0xf0, 0x80,
    0x78, 0x80, 0x38, 0xc0, 0x22, 0x0, 0xe3, 0x0,
    0xf9, 0x80, 0x39, 0x80, 0x0,

    /* U+0023 "#" */
    0x0, 0xff, 0xe0, 0xb4, 0x47, 0x84, 0x3, 0xe2,
    0x88, 0xf2, 0x80, 0x7f, 0xf1, 0x21, 0xdf, 0xc0,
    0x1f, 0xa9, 0xdf, 0xda, 0x1, 0xff, 0xc3, 0x21,
    0x0, 0xe1, 0x10, 0x7, 0xc6, 0x1, 0xed, 0x0,
    0xff, 0xe1, 0xb8, 0x7, 0x90, 0x3, 0xf2, 0x80,
    0x79, 0xc0, 0x3f, 0xf8, 0x7a, 0x1, 0xed, 0x0,
    0xf8, 0x84, 0x3, 0x84, 0x80, 0x3f, 0xf8, 0x68,
    0x1, 0xe3, 0x0, 0xf9, 0xc0, 0x3c, 0xa0, 0x1f,
    0xfc, 0x43, 0x0, 0xf2, 0x80, 0x7d, 0xa0, 0x1e,
    0x30, 0xf, 0xfe, 0x19, 0x0, 0x78, 0x84, 0x3,
    0xe3, 0x0, 0xf6, 0x80, 0x7f, 0xf0, 0xd0, 0x3,
    0xce, 0x1, 0xf9, 0x0, 0x3c, 0xe0, 0x1f, 0xfc,
    0x3f, 0x0, 0xf6, 0x80, 0x7c, 0x40, 0x1e, 0x12,
    0x0, 0xff, 0xe1, 0xa8, 0x7, 0x8c, 0x3, 0xe7,
    0x0, 0xf2, 0x80, 0x7f, 0xf1, 0xc, 0x3, 0xc8,
    0x1, 0xf6, 0x80, 0x78, 0xc0, 0x3f, 0xf8, 0x66,
    0x1, 0xe2, 0x0, 0xfc, 0x80, 0x1e, 0xd0, 0xf,
    0xfe, 0x1a, 0x80, 0x79, 0xc0, 0x3f, 0x18, 0x7,
    0x90, 0x3, 0xff, 0x87, 0x80, 0x1e, 0xd0, 0xf,
    0x88, 0x3, 0xc2, 0x20, 0xf, 0xc3, 0xff, 0xe5,
    0x0, 0xf4, 0x7f, 0xfd, 0xa0, 0x1e, 0x1f, 0xfe,
    0x20, 0xf, 0xff, 0xf8, 0x7, 0xff, 0xfc, 0x3,
    0xff, 0xca, 0x23, 0x80, 0x3f, 0x8, 0xfe, 0x0,
    0xfc, 0x23, 0xe3, 0x0, 0x87, 0xbb, 0x50, 0x7,
    0x93, 0xbb, 0xf1, 0x80, 0x7a, 0xfb, 0xbc, 0x20,
    0x1f, 0xb4, 0x3, 0xc6, 0x1, 0xf8, 0xc0, 0x3c,
    0xa0, 0x1f, 0xfc, 0x33, 0x0, 0xf6, 0x80, 0x7c,
    0x60, 0x1e, 0x21, 0x0, 0xff, 0xe1, 0xa8, 0x7,
    0x90, 0x3, 0xe5, 0x0, 0xf3, 0x80, 0x7f, 0xf0,
    0xc8, 0x40, 0x38, 0x44, 0x1, 0xf6, 0x0, 0x7b,
    0x0, 0x3f, 0xf8, 0x6e, 0x1, 0xe4, 0x0, 0xfc,
    0xe0, 0x1e, 0x50, 0xf, 0xfe, 0x1e, 0x0, 0x7b,
    0x40, 0x3e, 0x12, 0x0, 0xf1, 0x80, 0x7f, 0xf0,
    0xd4, 0x3, 0xc8, 0x1, 0xf2, 0x80, 0x78, 0xc0,
    0x3f, 0xf8, 0x86, 0x1, 0xe3, 0x0, 0xfb, 0x0,
    0x3c, 0xa0, 0x1f, 0xc9, 0xdd, 0xe0, 0xf, 0xbb,
    0xbf, 0x38, 0x7, 0x9b, 0xbb, 0x68, 0x6, 0x11,
    0xf8, 0x3, 0xe1, 0x1f, 0xc0, 0x1f, 0x84, 0x71,
    0x80, 0x7f, 0xff, 0xc0, 0x3f, 0xff, 0xe0, 0x1f,
    0xfe, 0x55, 0xff, 0xca, 0x1, 0xe9, 0xff, 0xfb,
    0x40, 0x3c, 0x3f, 0xfe, 0xe0, 0xf, 0xe4, 0x0,
    0xf2, 0x80, 0x7c, 0xe0, 0x1e, 0x50, 0xf, 0xfe,
    0x18, 0x88, 0x3, 0xc6, 0x1, 0xf6, 0x80, 0x78,
    0xc0, 0x3f, 0xf8, 0x6a, 0x1, 0xe3, 0x0, 0xfc,
    0x80, 0x1e, 0xc0, 0xf, 0xfe, 0x19, 0x80, 0x79,
    0x40, 0x3f, 0x18, 0x7, 0x94, 0x3, 0xff, 0x87,
    0x80, 0x1e, 0xc0, 0xf, 0x8c, 0x3, 0xc2, 0x20,
    0xf, 0xfe, 0x1a, 0x80, 0x79, 0xc0, 0x3e, 0x50,
    0xf, 0x20, 0x7, 0xff, 0xc, 0x44, 0x1, 0xe2,
    0x0, 0xfb, 0xc0, 0x3d, 0xa0, 0x1f, 0xfc, 0x34,
    0x0, 0xf1, 0x80, 0x7e, 0x40, 0xf, 0x20, 0x7,
    0xff, 0xf, 0x40, 0x3c, 0x80, 0x1f, 0x88, 0x3,
    0xc6, 0x1, 0xff, 0xc3, 0x30, 0xf, 0x68, 0x7,
    0xc8, 0x1, 0xe2, 0x0, 0xff, 0xe2, 0x20, 0x7,
    0x9c, 0x3, 0xe3, 0x0, 0xf2, 0x0, 0x7f, 0xf1,
    0x1d, 0xfd, 0x4, 0x1, 0xf1, 0x3b, 0xfa, 0x80,
    0x3f, 0xf8, 0x20,

    /* U+0024 "$" */
    0x0, 0xff, 0xe1, 0xd7, 0xfc, 0x1, 0xff, 0xff,
    0x0, 0xff, 0xff, 0x80, 0x7f, 0xff, 0xc0, 0x38,
    0x4d, 0xa1, 0x40, 0x29, 0x85, 0x20, 0xf, 0xfe,
    0x39, 0x3e, 0x76, 0x4b, 0x80, 0x66, 0x7a, 0xde,
    0x93, 0x0, 0xff, 0xe1, 0x15, 0x6c, 0x18, 0x7,
    0xff, 0x0, 0x5b, 0x30, 0x60, 0x1f, 0xf3, 0x6a,
    0x80, 0x7f, 0xf1, 0x8f, 0x20, 0x3, 0xfa, 0x64,
    0x1, 0xff, 0xca, 0x7b, 0x0, 0xf9, 0x98, 0x1,
    0xff, 0xcc, 0x48, 0x0, 0xe2, 0x90, 0xf, 0xfe,
    0x73, 0x98, 0x6, 0x80, 0xf, 0xe3, 0x9c, 0x40,
    0xa, 0xdc, 0x40, 0x3f, 0xa4, 0x3, 0x28, 0x7,
    0xea, 0xc6, 0x31, 0x0, 0x92, 0x39, 0x40, 0x3f,
    0x20, 0x4, 0x60, 0x1f, 0x9d, 0x40, 0x3f, 0xd4,
    0x60, 0x1f, 0x8, 0x80, 0xc, 0x1, 0xfb, 0x0,
    0x3f, 0xf8, 0x14, 0x1, 0xf8, 0xc0, 0x3f, 0xe2,
    0x0, 0xff, 0xe0, 0x29, 0x17, 0xe3, 0x0, 0x8,
    0x7, 0xe8, 0x30, 0xf, 0xf8, 0xf7, 0x7f, 0x8,
    0x1, 0x80, 0x3f, 0xe, 0x49, 0x80, 0x7f, 0xf2,
    0x48, 0x80, 0x1f, 0xcd, 0x9a, 0xa0, 0x1f, 0xfc,
    0x8a, 0x0, 0xff, 0x88, 0x3, 0x28, 0x80, 0x7f,
    0xf0, 0xdc, 0xc0, 0x3f, 0xf8, 0x75, 0xd9, 0x6,
    0x1, 0xff, 0xc1, 0xe1, 0x0, 0xff, 0xe2, 0x1b,
    0xe7, 0x41, 0x0, 0x7f, 0x8b, 0x8, 0x3, 0xff,
    0x8c, 0x2f, 0xb6, 0x60, 0x1f, 0xc5, 0xae, 0x1,
    0xff, 0xc8, 0x4c, 0x80, 0xf, 0xf4, 0x73, 0x88,
    0x7, 0xff, 0x1d, 0xe8, 0x3, 0xfc, 0x31, 0xd6,
    0xc4, 0x1, 0xff, 0xc5, 0x59, 0x0, 0xff, 0xe0,
    0x24, 0xee, 0xa0, 0x3, 0xff, 0x88, 0xc6, 0x1,
    0xff, 0xc2, 0x27, 0x50, 0x8, 0x80, 0x3f, 0xf8,
    0x12, 0x1, 0xff, 0xc8, 0xdc, 0x60, 0xf, 0xf2,
    0x0, 0x7f, 0xf2, 0x4e, 0x74, 0xc0, 0x3f, 0x8,
    0xd1, 0x1f, 0x88, 0x3, 0xff, 0x80, 0x58, 0x20,
    0x1f, 0x8c, 0x9d, 0xff, 0x80, 0x3f, 0xf8, 0x4e,
    0x1, 0xfc, 0x20, 0x1f, 0xb4, 0x3, 0xff, 0x84,
    0x20, 0x1f, 0xc4, 0x1, 0xf9, 0x84, 0x3, 0xff,
    0x82, 0x80, 0x1f, 0x88, 0xc, 0x3, 0xe1, 0xc2,
    0x0, 0xff, 0xa0, 0xc0, 0x3e, 0x30, 0x5, 0x0,
    0x7e, 0x2d, 0x94, 0x0, 0xf1, 0x3e, 0xb8, 0x7,
    0xeb, 0x0, 0x30, 0x80, 0x7f, 0x35, 0xfa, 0x80,
    0x5f, 0xb0, 0x40, 0x1f, 0xcc, 0x1, 0x50, 0x7,
    0xff, 0x42, 0x44, 0x2, 0x48, 0x0, 0xff, 0xe7,
    0x2b, 0x0, 0x73, 0xc8, 0x7, 0xff, 0x31, 0xa8,
    0x3, 0xe6, 0xe4, 0x0, 0xff, 0xe4, 0x15, 0x48,
    0x7, 0xf0, 0xde, 0x30, 0x7, 0xff, 0x11, 0x2b,
    0x54, 0x3, 0xff, 0x80, 0x73, 0xf7, 0xa, 0x64,
    0x1, 0x84, 0xd6, 0x2b, 0xed, 0x40, 0x3f, 0xf8,
    0xa8, 0xf5, 0x9a, 0xa0, 0x17, 0x65, 0x3a, 0x80,
    0x7f, 0xff, 0xc0, 0x3f, 0xff, 0xe0, 0x1f, 0xff,
    0xf0, 0xf, 0xfe, 0xd7, 0xbb, 0xa0, 0x3, 0xff,
    0x86,

    /* U+0025 "%" */
    0x0, 0xfe, 0x12, 0x33, 0x10, 0x7, 0xff, 0x8c,
    0x5a, 0xff, 0xb7, 0x31, 0xbf, 0x90, 0x40, 0x1f,
    0xfc, 0xc5, 0x66, 0xe4, 0x0, 0xff, 0x9f, 0xa5,
    0x0, 0x3e, 0x37, 0xd9, 0x0, 0xff, 0xe5, 0x3d,
    0x4c, 0xf0, 0x80, 0x7f, 0xaa, 0x0, 0x3f, 0xf8,
    0x2d, 0xa2, 0x1, 0xff, 0xc7, 0x38, 0x0, 0xe6,
    0x50, 0xf, 0xe8, 0x50, 0xf, 0xfe, 0x19, 0x68,
    0x7, 0xff, 0x1f, 0x80, 0x38, 0xa4, 0x3, 0xf8,
    0xdc, 0x3, 0xff, 0x8a, 0x6c, 0x1, 0xff, 0xc5,
    0xa2, 0x0, 0xef, 0x0, 0xff, 0x48, 0x7, 0xd3,
    0xdf, 0xd4, 0x40, 0x1e, 0xb0, 0xf, 0xfe, 0x23,
    0x28, 0x7, 0x49, 0x0, 0x7f, 0x94, 0x3, 0xd8,
    0xc2, 0x2, 0xb8, 0x20, 0x1c, 0x46, 0x1, 0xff,
    0xc2, 0x29, 0x0, 0xe5, 0x60, 0xf, 0xf2, 0x0,
    0x79, 0x4c, 0x3, 0x86, 0x0, 0x3c, 0x80, 0x1f,
    0xfc, 0x2e, 0x0, 0xe1, 0xb0, 0xf, 0xf8, 0xc0,
    0x3d, 0xe0, 0x1f, 0x30, 0x7, 0xb4, 0x3, 0xff,
    0x83, 0x6, 0x1, 0xda, 0x20, 0x1f, 0xf7, 0x0,
    0x79, 0xc0, 0x3f, 0x10, 0x7, 0x30, 0x7, 0xff,
    0x1, 0x1c, 0x3, 0x9c, 0xc0, 0x3f, 0xf8, 0x4,
    0x1, 0xe2, 0x0, 0xfc, 0xc0, 0x1c, 0x40, 0x1f,
    0xf0, 0xd0, 0x7, 0x1c, 0x0, 0x7f, 0xf5, 0xc4,
    0x3, 0xfe, 0xa1, 0x0, 0xc3, 0xa0, 0x1f, 0xfc,
    0x27, 0x0, 0xff, 0xe1, 0x88, 0x7, 0xff, 0x11,
    0xd0, 0x3, 0xac, 0x40, 0x3f, 0xf8, 0x4e, 0x1,
    0xff, 0xc3, 0x10, 0xf, 0xfe, 0x19, 0xc0, 0x7,
    0x32, 0x80, 0x7f, 0xf6, 0x44, 0x3, 0xfb, 0x80,
    0x38, 0xa4, 0x3, 0xff, 0x88, 0x40, 0x1e, 0x20,
    0xf, 0xcc, 0x1, 0xc6, 0x1, 0xfa, 0x48, 0x3,
    0xbc, 0x3, 0xff, 0x8b, 0xc0, 0x1e, 0x70, 0xf,
    0xc4, 0x1, 0xce, 0x1, 0xf2, 0xb0, 0x7, 0x49,
    0x0, 0x7f, 0xf1, 0x4c, 0x3, 0xde, 0x1, 0xf2,
    0x80, 0x7b, 0x40, 0x3c, 0x34, 0x1, 0xca, 0xc0,
    0x1f, 0xfc, 0x64, 0x0, 0xf2, 0x98, 0x7, 0xa0,
    0x3, 0xc8, 0x1, 0xed, 0x0, 0xe1, 0xb0, 0xf,
    0xfe, 0x42, 0x80, 0x7b, 0x58, 0x40, 0x53, 0x8,
    0x3, 0x88, 0xc0, 0x3a, 0xc, 0x3, 0xb4, 0x40,
    0x3f, 0xf9, 0x12, 0x1, 0xe1, 0x9e, 0xfe, 0xb3,
    0x0, 0xf5, 0x80, 0x71, 0xb8, 0x7, 0x39, 0x80,
    0x7f, 0xf2, 0x4d, 0x80, 0x3f, 0xf8, 0xa6, 0xc0,
    0x18, 0x74, 0x3, 0x8e, 0x0, 0x3f, 0xf9, 0x72,
    0xa0, 0x1f, 0xfc, 0x32, 0xd0, 0xe, 0xb1, 0x0,
    0xc3, 0xa0, 0x1f, 0xfc, 0xda, 0x80, 0xf, 0xfe,
    0xa, 0xe0, 0x80, 0x66, 0x50, 0xe, 0xb1, 0x0,
    0xff, 0xe7, 0x3f, 0x4a, 0x0, 0x7c, 0x6f, 0xb4,
    0x20, 0x18, 0xa4, 0x3, 0x99, 0x40, 0x3f, 0x88,
    0xcc, 0x42, 0x1, 0xff, 0xc2, 0x16, 0xbf, 0xed,
    0xcd, 0xef, 0xc8, 0x20, 0xf, 0x78, 0x7, 0x14,
    0x80, 0x78, 0xe7, 0x7f, 0x73, 0x1b, 0xdc, 0xa5,
    0x0, 0xff, 0xe1, 0x89, 0x19, 0x8, 0x7, 0xf4,
    0x90, 0x7, 0x78, 0x7, 0x16, 0x61, 0x88, 0x3,
    0xc2, 0xb5, 0xca, 0x1, 0xff, 0xce, 0x46, 0x0,
    0xe9, 0x20, 0xc, 0x7a, 0x60, 0x1f, 0xfc, 0x1,
    0xa7, 0x0, 0xff, 0xe6, 0xd, 0x0, 0x72, 0xb0,
    0x6, 0x1d, 0x0, 0xff, 0xe2, 0x42, 0x80, 0x7f,
    0xf2, 0xe8, 0x40, 0x30, 0xd8, 0x7, 0x58, 0x80,
    0x7f, 0xf1, 0x6c, 0x3, 0xff, 0x94, 0xe8, 0x1,
    0xda, 0x20, 0x18, 0x94, 0x3, 0xc9, 0x9d, 0xfa,
    0xc0, 0x1e, 0x16, 0x0, 0xff, 0xe4, 0x1c, 0x0,
    0x73, 0x98, 0x7, 0x28, 0x7, 0x96, 0xcc, 0x40,
    0xa6, 0x0, 0x3d, 0xa0, 0x1f, 0xfc, 0x8e, 0x0,
    0xe3, 0x80, 0xf, 0x60, 0x7, 0xa0, 0x3, 0xce,
    0x20, 0x1c, 0x80, 0x1f, 0xfc, 0x7a, 0x20, 0xc,
    0x3a, 0x1, 0xf2, 0x80, 0x71, 0x10, 0x3, 0xe6,
    0x0, 0xf1, 0x0, 0x7f, 0xf1, 0x55, 0x40, 0x1d,
    0x62, 0x1, 0xf0, 0x80, 0x73, 0x80, 0x7e, 0xd0,
    0xf, 0x30, 0x7, 0xff, 0x10, 0xa8, 0x3, 0x99,
    0x40, 0x3e, 0x20, 0xf, 0x10, 0x7, 0xe1, 0x0,
    0xf1, 0x0, 0x7f, 0xf1, 0x38, 0x3, 0x8a, 0x40,
    0x3f, 0x8, 0x7, 0xff, 0xd, 0xc0, 0x3f, 0xf9,
    0x50, 0x60, 0x1d, 0xe0, 0x1f, 0xfd, 0x41, 0x0,
    0xff, 0xe1, 0x23, 0x80, 0x74, 0x90, 0x7, 0xf0,
    0x80, 0x7f, 0xf2, 0x84, 0x3, 0xff, 0x82, 0x34,
    0x1, 0xc8, 0xc0, 0x1f, 0xfc, 0x51, 0x0, 0xfc,
    0xe0, 0x1e, 0x30, 0xf, 0xfe, 0xd, 0x8, 0x6,
    0x1a, 0x0, 0xff, 0x88, 0x3, 0xc4, 0x1, 0xf8,
    0x80, 0x3c, 0x20, 0x1f, 0xfc, 0x7, 0x40, 0xe,
    0xd1, 0x0, 0xff, 0xe0, 0x8, 0x7, 0x28, 0x7,
    0xec, 0x0, 0xf3, 0x0, 0x7f, 0xc7, 0x0, 0x1c,
    0xe6, 0x1, 0xff, 0xc1, 0x50, 0xe, 0x14, 0x0,
    0xf9, 0x0, 0x38, 0x48, 0x3, 0xfe, 0xe0, 0xe,
    0x38, 0x0, 0xff, 0xe1, 0x68, 0x7, 0xa0, 0x3,
    0xd2, 0x20, 0x1c, 0x80, 0x1f, 0xf4, 0x90, 0x6,
    0x1d, 0x0, 0xff, 0xe1, 0xb8, 0x7, 0x8f, 0x5d,
    0x10, 0xd6, 0xc0, 0x1e, 0xf0, 0xf, 0xf2, 0xb0,
    0x7, 0x58, 0x80, 0x7f, 0xf0, 0xc5, 0xc0, 0x3c,
    0x51, 0x76, 0x94, 0x0, 0xf1, 0x28, 0x7, 0xf0,
    0xd8, 0x7, 0x32, 0x80, 0x7f, 0xf1, 0x60, 0x80,
    0x3f, 0xf8, 0xbc, 0x1, 0xfe, 0xd1, 0x0, 0xc5,
    0x20, 0x1f, 0xfc, 0x7c, 0x20, 0xf, 0xfe, 0x1d,
    0x18, 0x7, 0xf4, 0x18, 0x7, 0x78, 0x7, 0xff,
    0x20, 0x75, 0xc0, 0x3f, 0xf8, 0x9, 0x8a, 0x1,
    0xfe, 0xad, 0xde, 0xe2, 0x0, 0xff, 0xe5, 0x47,
    0xd2, 0x98, 0x80, 0x44, 0x91, 0xb6, 0x60, 0x18,

    /* U+0026 "&" */
    0x0, 0xff, 0xe4, 0x8, 0x7, 0xff, 0x64, 0x56,
    0x2f, 0x7f, 0xee, 0xff, 0x76, 0xd3, 0xa0, 0x7,
    0xff, 0x3c, 0x5f, 0x3a, 0x9d, 0x8, 0x3, 0xc2,
    0x4b, 0x17, 0xf4, 0x60, 0x1f, 0xfc, 0xa1, 0x9e,
    0x83, 0x0, 0xff, 0xe2, 0xae, 0x60, 0xc0, 0x3f,
    0xf8, 0xe9, 0xec, 0x1, 0xff, 0xca, 0x3c, 0x90,
    0xf, 0xfe, 0x2b, 0xd8, 0x80, 0x7f, 0xf3, 0x5b,
    0x4, 0x3, 0xff, 0x84, 0xf0, 0x1, 0xff, 0xd0,
    0x3d, 0x0, 0xff, 0xe0, 0x9c, 0x0, 0x7f, 0xf4,
    0x8e, 0x80, 0x3f, 0xf8, 0x1c, 0x1, 0xff, 0x24,
    0xe7, 0x7f, 0xbb, 0x72, 0x10, 0x3, 0xfc, 0xa8,
    0x1, 0xfe, 0x42, 0x0, 0xfe, 0x5e, 0xb6, 0x31,
    0x0, 0x9, 0x1b, 0xdf, 0x30, 0x7, 0xf4, 0x0,
    0x7f, 0xb8, 0x3, 0xfa, 0x68, 0x40, 0x3f, 0xe1,
    0x99, 0x0, 0x7e, 0x32, 0x0, 0xfe, 0x40, 0xf,
    0xcc, 0xc0, 0xf, 0xfe, 0x1b, 0x28, 0x7, 0xe4,
    0x0, 0xfe, 0x10, 0xf, 0xd0, 0x1, 0xff, 0xc5,
    0x80, 0xf, 0xde, 0x1, 0xf8, 0x80, 0x3f, 0x18,
    0x80, 0x7f, 0xf1, 0x48, 0x40, 0x3e, 0x30, 0xf,
    0xfe, 0x2b, 0x0, 0x7f, 0xf1, 0xcc, 0x3, 0xe1,
    0x0, 0xfc, 0x60, 0x1f, 0x8c, 0x3, 0xff, 0x8e,
    0xc2, 0x3f, 0x80, 0x3f, 0x8, 0x7, 0xe2, 0x0,
    0xff, 0xe3, 0xdf, 0x77, 0xd4, 0x1, 0xfc, 0x80,
    0x1f, 0x20, 0x7, 0xff, 0x67, 0x40, 0x3f, 0x38,
    0x7, 0xff, 0x61, 0x84, 0x3, 0xe8, 0x50, 0xf,
    0xfe, 0xc6, 0x80, 0x7e, 0xa7, 0x0, 0xff, 0xeb,
    0x9d, 0x0, 0x7e, 0x8e, 0x84, 0x10, 0xf, 0xfe,
    0xa2, 0xe1, 0x0, 0x7c, 0x2f, 0x7d, 0xff, 0xd0,
    0x1, 0xed, 0xff, 0xff, 0xe1, 0x10, 0x7, 0x1e,
    0xb0, 0x7, 0xff, 0x86, 0x75, 0x40, 0x3f, 0xfc,
    0x24, 0x1, 0xff, 0xde, 0x3b, 0xd7, 0x0, 0xff,
    0xee, 0xc6, 0x20, 0x7, 0xff, 0x7a, 0xdc, 0x3,
    0xff, 0xbf, 0x88, 0x1, 0xfc, 0xb1, 0x7b, 0xdd,
    0xd0, 0x1, 0xff, 0xc2, 0x4e, 0xef, 0x10, 0x2,
    0xc, 0x3, 0xf3, 0xf5, 0x3a, 0x10, 0x8f, 0x0,
    0x7f, 0xf1, 0x4, 0x7c, 0x0, 0x17, 0x0, 0xfd,
    0x70, 0x20, 0x1f, 0xfd, 0x59, 0x0, 0xfd, 0x28,
    0x1, 0xff, 0xd7, 0x50, 0xf, 0x85, 0x80, 0x3f,
    0xfa, 0xe2, 0x40, 0x1f, 0x28, 0x7, 0xff, 0x60,
    0xc0, 0x3f, 0x10, 0x7, 0xff, 0x61, 0x80, 0x3f,
    0x8, 0x7, 0xff, 0x40, 0x40, 0x3f, 0xf8, 0x82,
    0x1, 0xff, 0xc8, 0x30, 0xf, 0x8c, 0x3, 0xe7,
    0x0, 0xfc, 0xa0, 0x1f, 0xfc, 0x72, 0x10, 0xf,
    0x84, 0x3, 0xe2, 0x0, 0xfc, 0x64, 0x1, 0xff,
    0xc6, 0x50, 0xf, 0xda, 0x1, 0xf0, 0x90, 0x7,
    0xe9, 0x0, 0xff, 0xe2, 0x8c, 0x80, 0x7e, 0x40,
    0xf, 0xca, 0x1, 0xf9, 0x24, 0x3, 0xff, 0x86,
    0x3a, 0x20, 0x1f, 0x20, 0x80, 0x7e, 0x90, 0xf,
    0xe6, 0xc3, 0x0, 0xff, 0xe0, 0x2f, 0x98, 0x7,
    0xef, 0x0, 0xfe, 0x17, 0x0, 0xfe, 0x3c, 0xd9,
    0x63, 0x21, 0x18, 0xd6, 0x7a, 0x84, 0x3, 0xf1,
    0xa0, 0x7, 0xfa, 0x8, 0x3, 0xfc, 0x4d, 0x39,
    0xbd, 0xd6, 0x53, 0x8, 0x7, 0xfb, 0x80, 0x3f,
    0xf8, 0x18, 0x20, 0x1f, 0xfd, 0x2a, 0x20, 0xf,
    0xfe, 0x0, 0xe1, 0x0, 0x7f, 0xf4, 0x29, 0x40,
    0x3f, 0xf8, 0x45, 0xac, 0x1, 0xff, 0xcd, 0x2c,
    0x50, 0xf, 0xfe, 0x2c, 0xe2, 0x0, 0x7f, 0xf2,
    0x46, 0x34, 0xc0, 0x3f, 0xf8, 0xe7, 0x7a, 0xe4,
    0x1, 0xff, 0xc4, 0x39, 0xe7, 0x0, 0xff, 0xe5,
    0x94, 0x6e, 0xa9, 0x90, 0x84, 0x3, 0x9, 0xab,
    0xdf, 0x63, 0x0, 0x7f, 0xf1, 0x0,

    /* U+0027 "'" */
    0x7b, 0xbf, 0xc7, 0xa8, 0x9f, 0x9c, 0x3, 0xff,
    0xfe, 0x1, 0xff, 0xc3, 0x20, 0xf, 0xcd, 0xe0,
    0x1f, 0x88, 0x80, 0x1f, 0x18, 0x30, 0x7, 0xcc,
    0x4, 0x1, 0xf6, 0x80, 0x80, 0x7c, 0x60, 0x2,
    0x0, 0xf2, 0x80, 0x18, 0x3, 0xc2, 0x0, 0x20,
    0xe, 0x30, 0x0,

    /* U+0028 "(" */
    0x0, 0xff, 0xe0, 0x88, 0xf0, 0x7, 0xfc, 0x5f,
    0xdd, 0xa0, 0x3, 0xfe, 0xf0, 0xe, 0x80, 0xf,
    0xf5, 0x90, 0x6, 0x81, 0x0, 0xfe, 0x74, 0x0,
    0xc4, 0xe0, 0x1f, 0xc5, 0x0, 0x1d, 0x0, 0x1f,
    0xef, 0x0, 0xe2, 0x50, 0xf, 0xe8, 0x20, 0xe,
    0xb0, 0xf, 0xe1, 0x70, 0xe, 0x16, 0x0, 0xfe,
    0x80, 0xf, 0x30, 0x7, 0xf1, 0x30, 0x7, 0xa4,
    0x3, 0xfa, 0x40, 0x3c, 0xa2, 0x1, 0xf8, 0x90,
    0x3, 0xde, 0x1, 0xfd, 0x60, 0x1e, 0x15, 0x0,
    0xfe, 0x60, 0xf, 0x38, 0x7, 0xf3, 0x0, 0x7d,
    0x40, 0x1f, 0xd4, 0x1, 0xe1, 0x30, 0xf, 0xc2,
    0x60, 0x1e, 0x40, 0xf, 0xe7, 0x0, 0xfb, 0x0,
    0x3f, 0xb4, 0x3, 0xe4, 0x0, 0xfe, 0x40, 0xf,
    0x11, 0x0, 0x3f, 0x18, 0x7, 0xc8, 0x1, 0xfc,
    0x80, 0x1f, 0x78, 0x7, 0xf6, 0x80, 0x7c, 0xa0,
    0x1f, 0xce, 0x1, 0xf1, 0x0, 0x7f, 0x10, 0x7,
    0x84, 0x40, 0x1f, 0x84, 0x3, 0xe2, 0x0, 0xfe,
    0x20, 0xf, 0x9c, 0x3, 0xf9, 0x80, 0x3e, 0x20,
    0xf, 0xe3, 0x0, 0xf8, 0x40, 0x3f, 0xf9, 0xe2,
    0x1, 0xf7, 0x80, 0x7f, 0x78, 0x7, 0xff, 0x17,
    0xc0, 0x3f, 0xf8, 0xa2, 0x1, 0xf7, 0x80, 0x7f,
    0xf3, 0xcc, 0x3, 0xe2, 0x0, 0xfe, 0x60, 0xf,
    0x84, 0x3, 0xf8, 0x80, 0x3e, 0x60, 0xf, 0xe1,
    0x0, 0xf8, 0x80, 0x3f, 0xc6, 0x1, 0xf0, 0x80,
    0x7f, 0x28, 0x7, 0xca, 0x1, 0xfd, 0xe0, 0x1f,
    0x18, 0x7, 0xf2, 0x0, 0x7d, 0xa0, 0x1f, 0xc4,
    0x20, 0x1e, 0x40, 0xf, 0xf2, 0x0, 0x78, 0x48,
    0x3, 0xfb, 0xc0, 0x3e, 0x50, 0xf, 0xe5, 0x0,
    0xfb, 0x0, 0x3f, 0xc8, 0x1, 0xe4, 0x0, 0xff,
    0x70, 0x7, 0xc8, 0x1, 0xfc, 0xa2, 0x1, 0xee,
    0x0, 0xff, 0x48, 0x7, 0x94, 0x3, 0xfc, 0xc0,
    0x1f, 0x28, 0x7, 0xf0, 0xb0, 0x7, 0xb8, 0x3,
    0xfd, 0x0, 0x1e, 0x41, 0x0, 0xfe, 0x17, 0x0,
    0xf4, 0x80, 0x7f, 0xa0, 0x40, 0x39, 0xc0, 0x3f,
    0xe8, 0x0, 0xf3, 0x80, 0x7f, 0x99, 0x0, 0x3a,
    0x40, 0x3f, 0xea, 0x0, 0xe1, 0x60, 0xf, 0xf0,
    0xc8, 0x7, 0x40, 0x7, 0xfc, 0xcc, 0x0, 0xc3,
    0x0, 0x1f, 0xf4, 0x98, 0x6, 0x71, 0x0, 0xff,
    0xb4, 0x40, 0x35, 0x80,

    /* U+0029 ")" */
    0x11, 0xe0, 0xf, 0xfe, 0xc, 0x77, 0x71, 0x0,
    0x7f, 0xd0, 0x1, 0x87, 0xc0, 0x3f, 0xe1, 0x80,
    0xc, 0x54, 0x1, 0xff, 0x39, 0x0, 0x65, 0x70,
    0xf, 0xfa, 0x0, 0x3a, 0x8, 0x3, 0xfc, 0xa4,
    0x1, 0xdc, 0x1, 0xff, 0x58, 0x7, 0x1b, 0x80,
    0x7f, 0x98, 0x40, 0x3a, 0x4, 0x3, 0xfc, 0xc0,
    0x1e, 0x80, 0xf, 0xf4, 0x80, 0x79, 0x88, 0x3,
    0xf8, 0x50, 0x3, 0xd0, 0x1, 0xfe, 0xe0, 0xf,
    0x29, 0x0, 0x7f, 0x28, 0x7, 0xd4, 0x1, 0xfe,
    0x60, 0xf, 0x30, 0x7, 0xfb, 0x40, 0x3c, 0x2c,
    0x1, 0xfc, 0x80, 0x1f, 0x68, 0x7, 0xf9, 0x0,
    0x3c, 0x82, 0x1, 0xfd, 0x80, 0x1f, 0x38, 0x7,
    0xf2, 0x80, 0x7d, 0xa0, 0x1f, 0xc4, 0x20, 0x1e,
    0x40, 0xf, 0xf2, 0x0, 0x7c, 0x60, 0x1f, 0xda,
    0x1, 0xf2, 0x80, 0x7f, 0x18, 0x7, 0xd8, 0x1,
    0xfc, 0xa0, 0x1f, 0x38, 0x7, 0xf0, 0x80, 0x7c,
    0x40, 0x1f, 0xe2, 0x0, 0xf8, 0x40, 0x3f, 0x98,
    0x3, 0xe2, 0x0, 0xfe, 0x10, 0xf, 0x98, 0x3,
    0xf8, 0xc0, 0x3e, 0x30, 0xf, 0xe1, 0x0, 0xff,
    0xe6, 0x88, 0x7, 0xf7, 0x80, 0x7d, 0xe0, 0x1f,
    0xfc, 0x5f, 0x0, 0xfe, 0xf0, 0xf, 0x84, 0x3,
    0xf8, 0x40, 0x3f, 0xf8, 0xa6, 0x1, 0xf1, 0x80,
    0x7f, 0x8, 0x7, 0xcc, 0x1, 0xfc, 0xc0, 0x1f,
    0x10, 0x7, 0xf1, 0x0, 0x7c, 0x20, 0x1f, 0x84,
    0x3, 0xe2, 0x0, 0xfe, 0x50, 0xf, 0x9c, 0x3,
    0xf8, 0xc0, 0x3e, 0xc0, 0xf, 0xed, 0x0, 0xf9,
    0x40, 0x3f, 0x90, 0x3, 0xe3, 0x0, 0xfc, 0x42,
    0x1, 0xe4, 0x0, 0xfe, 0x50, 0xf, 0xb4, 0x3,
    0xfb, 0x0, 0x3e, 0x70, 0xf, 0xe4, 0x0, 0xf2,
    0x8, 0x7, 0xe4, 0x0, 0xfb, 0x40, 0x3f, 0xb4,
    0x3, 0xc2, 0xc0, 0x1f, 0xcc, 0x1, 0xe6, 0x0,
    0xfe, 0x50, 0xf, 0xa8, 0x3, 0xfb, 0x80, 0x3c,
    0xa4, 0x1, 0xf8, 0x50, 0x3, 0xd0, 0x1, 0xfd,
    0x20, 0x1e, 0x62, 0x0, 0xfe, 0x60, 0xf, 0x40,
    0x7, 0xf3, 0x8, 0x7, 0x40, 0x80, 0x7f, 0x40,
    0x7, 0x1b, 0x80, 0x7f, 0x28, 0x80, 0x77, 0x0,
    0x7f, 0xac, 0x3, 0xa4, 0x80, 0x3f, 0x9c, 0x40,
    0x32, 0xb0, 0x7, 0xf0, 0xc0, 0x6, 0x3a, 0x0,
    0xff, 0x58, 0x6, 0x1d, 0x0, 0xff, 0x80,

    /* U+002A "*" */
    0x0, 0xfe, 0x14, 0x4e, 0x0, 0xff, 0xe3, 0xad,
    0xde, 0x80, 0xf, 0xfe, 0x3b, 0x80, 0x67, 0x0,
    0xff, 0xe3, 0x88, 0x6, 0x10, 0xf, 0xfe, 0x8,
    0x80, 0x71, 0x80, 0x62, 0x0, 0xf0, 0x80, 0x72,
    0xfa, 0x0, 0x61, 0x0, 0xde, 0x1, 0xd3, 0xa0,
    0x1d, 0x63, 0x70, 0x1, 0x84, 0x2, 0x10, 0x8,
    0xb5, 0x8d, 0x80, 0x27, 0x10, 0x3, 0xe0, 0x80,
    0xc, 0x2, 0x20, 0x3, 0x69, 0x0, 0x20, 0x40,
    0x60, 0x3, 0x1f, 0xa0, 0x30, 0x4, 0xe3, 0x52,
    0x1, 0x86, 0x0, 0x88, 0x1, 0xc3, 0x70, 0x20,
    0x13, 0x7a, 0x80, 0x7e, 0x3d, 0xa2, 0x0, 0xe7,
    0x50, 0xa, 0x84, 0x3, 0x9b, 0xa4, 0x2, 0x5d,
    0xa2, 0x0, 0xff, 0xe0, 0xb7, 0x48, 0x80, 0x79,
    0x76, 0x88, 0x3, 0xf9, 0xba, 0x44, 0x3, 0xfc,
    0xbe, 0x20, 0x1f, 0x44, 0x88, 0x7, 0xfc, 0x55,
    0xa2, 0x1, 0xf4, 0x6b, 0x0, 0x7f, 0x1d, 0x6a,
    0x80, 0x7f, 0x8a, 0x79, 0x80, 0x38, 0xef, 0x14,
    0x3, 0x84, 0x2, 0x10, 0xc, 0x33, 0xce, 0x0,
    0x5c, 0x40, 0xe, 0x1b, 0x40, 0xb, 0x54, 0x3,
    0x86, 0x30, 0x14, 0x80, 0x39, 0x3d, 0x18, 0x3,
    0x54, 0x80, 0x7a, 0x40, 0x12, 0x1, 0xa2, 0xc4,
    0x4, 0x2, 0x60, 0x6d, 0x20, 0x8, 0xd4, 0x0,
    0x88, 0x1, 0xc7, 0x0, 0x8c, 0x2, 0x30, 0x1,
    0x6b, 0x0, 0x3c, 0x3, 0x4a, 0xf9, 0x80, 0x61,
    0x0, 0x84, 0x3, 0x4d, 0x31, 0x80, 0x62, 0xa1,
    0x0, 0xc2, 0x1, 0xb8, 0x3, 0x96, 0x40, 0x3f,
    0xf8, 0x6, 0x1, 0x8c, 0x3, 0xff, 0x8e, 0xc0,
    0x18, 0x40, 0x3f, 0xf8, 0xe2, 0x1, 0x98, 0x3,
    0xfc,

    /* U+002B "+" */
    0x0, 0xff, 0xe1, 0x8, 0xf8, 0x3, 0xff, 0x9e,
    0x5d, 0xde, 0xa0, 0xf, 0xff, 0xf8, 0x7, 0xff,
    0xfc, 0x3, 0xff, 0xfe, 0x1, 0xff, 0xff, 0x0,
    0xff, 0xff, 0x80, 0x7f, 0xff, 0xc0, 0x38, 0xfb,
    0xbf, 0xf8, 0x18, 0x1, 0xe5, 0xee, 0xff, 0xe0,
    0x5b, 0x88, 0xff, 0xf0, 0x40, 0x3e, 0x11, 0xff,
    0xe0, 0x38, 0x7, 0xff, 0xfc, 0x3, 0xff, 0xfe,
    0x1, 0xff, 0xc8, 0x4f, 0xff, 0xfe, 0x6, 0x80,
    0x79, 0x7f, 0xff, 0xf8, 0x18, 0x1, 0xff, 0xff,
    0x0, 0xff, 0xff, 0x80, 0x7f, 0xff, 0xc0, 0x3f,
    0xff, 0xe0, 0x1f, 0xff, 0xf0, 0xf, 0xff, 0xf8,
    0x7, 0xff, 0x38,

    /* U+002C "," */
    0x0, 0xff, 0xbb, 0xff, 0xee, 0x0, 0xff, 0xff,
    0x80, 0x7b, 0xbf, 0xe6, 0x0, 0x8c, 0x3, 0x8c,
    0x2, 0x10, 0xe, 0x70, 0x9, 0x80, 0x30, 0x90,
    0x5, 0x80, 0x19, 0x80, 0x32, 0x0, 0x43, 0x20,
    0x11, 0x90, 0x5, 0x42, 0x1, 0x78, 0xb, 0x6a,
    0x0, 0x4c, 0x60, 0xd2, 0x40, 0x12, 0xc8, 0x7,
    0xd1, 0x40, 0x1c, 0x2f, 0xce, 0x1, 0x93, 0x3a,
    0x4, 0x3, 0x80,

    /* U+002D "-" */
    0x2e, 0xef, 0xfe, 0x2b, 0x88, 0xff, 0xf1, 0xbc,
    0x3, 0xff, 0xfe, 0x1, 0xff, 0xdb,

    /* U+002E "." */
    0x0, 0xfe, 0xff, 0xfd, 0xc0, 0x1f, 0xff, 0xc0,

    /* U+002F "/" */
    0x0, 0xff, 0xe1, 0x14, 0x47, 0x30, 0x7, 0xff,
    0xa, 0xdd, 0xfb, 0xc0, 0x3f, 0xf8, 0x48, 0x1,
    0xd8, 0x1, 0xff, 0xc1, 0x12, 0x0, 0xe4, 0x0,
    0xff, 0xe0, 0xa0, 0x7, 0x18, 0x80, 0x7f, 0xf0,
    0x7c, 0x3, 0x90, 0x3, 0xff, 0x84, 0x80, 0x1d,
    0x80, 0x1f, 0xfc, 0x12, 0x10, 0xe, 0x40, 0xf,
    0xfe, 0xa, 0x0, 0x72, 0x0, 0x7f, 0xf0, 0xb0,
    0x3, 0xb0, 0x3, 0xff, 0x84, 0x80, 0x1c, 0x80,
    0x1f, 0xfc, 0x13, 0x10, 0xc, 0x26, 0x1, 0xff,
    0xc1, 0x40, 0xe, 0x40, 0xf, 0xfe, 0x16, 0x0,
    0x76, 0x0, 0x7f, 0xf0, 0x90, 0x3, 0x90, 0x3,
    0xff, 0x82, 0x80, 0x1c, 0x24, 0x1, 0xff, 0xc1,
    0xc0, 0xe, 0x70, 0xf, 0xfe, 0x12, 0x0, 0x76,
    0x0, 0x7f, 0xf0, 0x44, 0xc0, 0x39, 0x0, 0x3f,
    0xf8, 0x28, 0x1, 0xc4, 0x20, 0x1f, 0xfc, 0x1c,
    0x0, 0xe5, 0x0, 0xff, 0xe1, 0x20, 0x7, 0x60,
    0x7, 0xff, 0x4, 0x48, 0x3, 0x90, 0x3, 0xff,
    0x82, 0xe0, 0x1c, 0x60, 0x1f, 0xfc, 0x2c, 0x0,
    0xe4, 0x0, 0xff, 0xe1, 0x20, 0x7, 0x58, 0x7,
    0xff, 0x4, 0xc4, 0x3, 0x8c, 0x3, 0xff, 0x82,
    0x80, 0x1c, 0x80, 0x1f, 0xfc, 0x2c, 0x0, 0xec,
    0x0, 0xff, 0xe1, 0x20, 0x7, 0x28, 0x7, 0xff,
    0x4, 0xc0, 0x38, 0x48, 0x3, 0xff, 0x83, 0x60,
    0x1c, 0x80, 0x1f, 0xfc, 0x24, 0x0, 0xec, 0x0,
    0xff, 0xe1, 0x18, 0x7, 0x38, 0x7, 0xff, 0x5,
    0x0, 0x38, 0x84, 0x3, 0xff, 0x83, 0xa0, 0x1c,
    0x80, 0x1f, 0xfc, 0x24, 0x0, 0xec, 0x0, 0xff,
    0xe0, 0x89, 0x0, 0x72, 0x0, 0x7f, 0xf0, 0x50,
    0x3, 0x8c, 0x40, 0x3f, 0xf8, 0x3e, 0x1, 0xc8,
    0x1, 0xff, 0xc2, 0x40, 0xe, 0xc0, 0xf, 0xfe,
    0x9, 0x8, 0x7, 0x20, 0x7, 0xff, 0x5, 0x0,
    0x39, 0x0, 0x3f, 0xf8, 0x5a, 0x1, 0xd8, 0x1,
    0xff, 0xc2, 0x40, 0xe, 0x40, 0xf, 0xfe, 0x9,
    0x80, 0x70, 0x98, 0x7, 0xff, 0x5, 0x0, 0x39,
    0x0, 0x3f, 0xf8, 0x56, 0x1, 0xd8, 0x1, 0xff,
    0xc2, 0x30, 0xe, 0x40, 0xf, 0xfe, 0xa, 0x0,
    0x70, 0x90, 0x7, 0xff, 0x7, 0x0, 0x39, 0xc0,
    0x3f, 0xf8, 0x48, 0x1, 0xd8, 0x1, 0xff, 0xc1,
    0x13, 0x0, 0xe4, 0x0, 0xff, 0xe0, 0xa0, 0x7,
    0x10, 0x80, 0x7f, 0xf0, 0x70, 0x3, 0x94, 0x3,
    0xff, 0x84, 0x80, 0x1d, 0x80, 0x1f, 0xfc, 0x20,

    /* U+0030 "0" */
    0x0, 0xff, 0xe2, 0x88, 0x7, 0xff, 0x3d, 0x67,
    0x3b, 0xfd, 0xdf, 0xed, 0xa6, 0x10, 0xf, 0xfe,
    0x31, 0x4f, 0xd3, 0x18, 0x80, 0x71, 0x2c, 0xf5,
    0x98, 0x7, 0xff, 0xd, 0xf5, 0x80, 0x3f, 0xf8,
    0x49, 0x92, 0x1, 0xff, 0xc1, 0x98, 0x0, 0xff,
    0xe3, 0x36, 0x8, 0x7, 0xfa, 0x58, 0x3, 0xff,
    0x90, 0x7a, 0x1, 0xfc, 0xcc, 0x0, 0xff, 0xe5,
    0x1c, 0x80, 0x7c, 0x30, 0x1, 0xff, 0xcc, 0x64,
    0x0, 0xf4, 0x88, 0x7, 0xe2, 0x9d, 0xff, 0x75,
    0x28, 0x7, 0xf4, 0x0, 0x70, 0xb8, 0x7, 0xe6,
    0xd6, 0x20, 0x0, 0xad, 0x58, 0x7, 0xe3, 0x40,
    0xc, 0xe0, 0x1f, 0x96, 0x40, 0x3f, 0x24, 0x80,
    0x7e, 0xe0, 0xd, 0x40, 0x1f, 0xac, 0x3, 0xfc,
    0xc6, 0x1, 0xf2, 0x80, 0x42, 0x60, 0x1f, 0x30,
    0x80, 0x7f, 0xd4, 0x1, 0xf9, 0x0, 0x8, 0x1,
    0xfb, 0x40, 0x3f, 0xf8, 0xe, 0x1, 0xfb, 0x0,
    0x1a, 0x1, 0xf9, 0x0, 0x3f, 0xf8, 0x2, 0x40,
    0x1f, 0x20, 0x0, 0xc0, 0x3e, 0x20, 0xf, 0xfe,
    0x13, 0x80, 0x7c, 0x60, 0x5, 0x0, 0xf9, 0x80,
    0x3f, 0xf8, 0x5a, 0x1, 0xf8, 0x80, 0x40, 0x3e,
    0x20, 0xf, 0xfe, 0x10, 0x80, 0x7e, 0x62, 0x0,
    0xfc, 0x20, 0x1f, 0xfc, 0x22, 0x0, 0xfc, 0x42,
    0x1, 0xfb, 0xc0, 0x3f, 0xf8, 0x4e, 0x1, 0xf8,
    0x5c, 0x3, 0xf0, 0x80, 0x7f, 0xf0, 0x84, 0x3,
    0xf7, 0x90, 0x7, 0xe3, 0x0, 0xff, 0xe1, 0x18,
    0x7, 0xe1, 0x0, 0xff, 0xea, 0x98, 0x80, 0x7f,
    0xf5, 0x4, 0x3, 0xff, 0xfe, 0x1, 0xff, 0xff,
    0x0, 0xff, 0xe4, 0x8, 0x7, 0xff, 0x50, 0x4c,
    0x3, 0xff, 0xa8, 0x62, 0x1, 0xf8, 0xc0, 0x3f,
    0xf8, 0x46, 0x1, 0xf8, 0x5c, 0x3, 0xf0, 0x80,
    0x7f, 0xf0, 0x84, 0x3, 0xf7, 0x88, 0x7, 0xef,
    0x0, 0xff, 0xe1, 0x38, 0x7, 0xe2, 0x20, 0x7,
    0xe1, 0x0, 0xff, 0xe1, 0x8, 0x7, 0xe1, 0x1,
    0x0, 0xf8, 0x80, 0x3f, 0xf8, 0x44, 0x1, 0xf9,
    0x81, 0x40, 0x3e, 0x50, 0xf, 0xfe, 0x16, 0x80,
    0x7e, 0x20, 0x30, 0xf, 0x84, 0x40, 0x1f, 0xfc,
    0x17, 0x0, 0xf8, 0xc0, 0x18, 0x1, 0xf9, 0x0,
    0x3f, 0xf8, 0x2, 0x40, 0x1f, 0x20, 0x1, 0x0,
    0x3f, 0x78, 0x7, 0xff, 0x1, 0xc0, 0x3f, 0x60,
    0x4, 0x60, 0x1f, 0x29, 0x0, 0x7f, 0xd6, 0x1,
    0xf9, 0x0, 0x2a, 0x0, 0xfd, 0x20, 0x1f, 0xe6,
    0x20, 0xf, 0x94, 0x3, 0x30, 0x7, 0xe4, 0xa0,
    0xf, 0xcb, 0x20, 0x1f, 0xa4, 0x3, 0x9c, 0x3,
    0xf2, 0xf3, 0x98, 0x88, 0x96, 0xe8, 0x3, 0xf1,
    0x98, 0x3, 0xa4, 0x40, 0x3f, 0xc, 0x67, 0x73,
    0x69, 0x0, 0x3f, 0xbc, 0x3, 0xc3, 0x60, 0x1f,
    0xfc, 0xc6, 0x30, 0xf, 0x95, 0xc0, 0x3f, 0xf9,
    0x47, 0x20, 0x1f, 0xd0, 0xe0, 0x1f, 0xfc, 0x83,
    0xd0, 0xf, 0xfa, 0x24, 0x3, 0xff, 0x8c, 0xf8,
    0x20, 0x1f, 0xfc, 0x6, 0xe7, 0x10, 0xf, 0xfe,
    0xa, 0xe4, 0x0, 0x7f, 0xf0, 0xc6, 0x3a, 0xdd,
    0x8, 0x3, 0x9, 0xb5, 0x75, 0x18, 0x7, 0xe0,

    /* U+0031 "1" */
    0x0, 0xff, 0xe2, 0x2c, 0x46, 0x0, 0xff, 0xe6,
    0xa6, 0x53, 0xbe, 0x0, 0xff, 0xe5, 0xae, 0xd9,
    0x80, 0x7f, 0xf3, 0x4a, 0x3a, 0x88, 0x3, 0xff,
    0x98, 0x4f, 0x9a, 0xe2, 0x1, 0xff, 0xca, 0x25,
    0x9d, 0xd4, 0x18, 0x7, 0xff, 0x2c, 0xbf, 0x69,
    0x88, 0x3, 0xff, 0x9c, 0x20, 0x1f, 0xff, 0xf0,
    0xf, 0xff, 0x41, 0x3b, 0xff, 0xc6, 0x1, 0xff,
    0xc7, 0x18, 0x8f, 0xf9, 0x40, 0x3f, 0xff, 0xe0,
    0x1f, 0xff, 0xf0, 0xf, 0xff, 0xf8, 0x7, 0xff,
    0xfc, 0x3, 0xff, 0xfe, 0x1, 0xff, 0xff, 0x0,
    0xff, 0xff, 0x80, 0x7f, 0xff, 0xc0, 0x3f, 0xff,
    0xe0, 0x1f, 0xff, 0xf0, 0xf, 0xff, 0xf8, 0x7,
    0xff, 0xfc, 0x3, 0xff, 0x88, 0x23, 0xff, 0x0,
    0x7f, 0x8, 0xff, 0x80, 0xbb, 0xbf, 0xe6, 0x0,
    0xfd, 0xdd, 0xfe, 0xa0, 0xf, 0xff, 0xf8, 0x7,
    0xff, 0xfc, 0x3, 0xff, 0xbc,

    /* U+0032 "2" */
    0x0, 0xff, 0xe1, 0x89, 0x19, 0x88, 0x40, 0x3f,
    0xf9, 0xa9, 0x19, 0xdc, 0xdc, 0xc6, 0xf7, 0xec,
    0xa8, 0x7, 0xff, 0x18, 0xa7, 0xad, 0xcc, 0x40,
    0x3e, 0x26, 0xae, 0x80, 0xf, 0xfe, 0x1c, 0xeb,
    0x8, 0x7, 0xff, 0x8, 0x5f, 0x90, 0x3, 0xfe,
    0x3e, 0x60, 0xf, 0xfe, 0x38, 0xdb, 0x80, 0x7f,
    0x1e, 0x8, 0x7, 0xff, 0x2a, 0x18, 0x3, 0xe2,
    0xd0, 0xf, 0xfe, 0x6c, 0x98, 0x7, 0xb8, 0x40,
    0x3f, 0xf9, 0xdc, 0x1, 0xcc, 0x60, 0x1f, 0xc4,
    0xf9, 0xdf, 0xed, 0xa4, 0x0, 0xfe, 0x25, 0x0,
    0xd6, 0x1, 0xfc, 0xfb, 0x6, 0x20, 0x2, 0x5b,
    0x90, 0xf, 0xe9, 0x0, 0x8c, 0x80, 0x3f, 0x4c,
    0x0, 0x7f, 0x35, 0x0, 0x7e, 0x31, 0x0, 0x20,
    0x7, 0xe4, 0x60, 0xf, 0xf9, 0x50, 0x3, 0xf2,
    0x80, 0x34, 0x3, 0xf7, 0x0, 0x7f, 0xf0, 0x78,
    0x3, 0xf6, 0x0, 0x18, 0x3, 0xf2, 0x0, 0x7f,
    0xf0, 0x50, 0x3, 0xf1, 0x0, 0x4, 0x3, 0xf0,
    0x80, 0x7f, 0xf0, 0x44, 0x3, 0xf0, 0x80, 0x7f,
    0x84, 0x3, 0xff, 0x84, 0x20, 0x1f, 0xfd, 0x62,
    0x0, 0xfc, 0x20, 0x1, 0x0, 0xff, 0xe5, 0x20,
    0x7, 0xe2, 0x0, 0x7d, 0xdf, 0xda, 0x1, 0xff,
    0xc2, 0xb0, 0xf, 0xdc, 0x0, 0x34, 0x4f, 0x8c,
    0x3, 0xff, 0x82, 0x86, 0x1, 0xf9, 0x0, 0x3f,
    0xf9, 0x92, 0x1, 0xf8, 0x88, 0x1, 0xff, 0xcb,
    0x92, 0x0, 0xfd, 0x60, 0x1f, 0xfc, 0xb6, 0x60,
    0x7, 0xe2, 0x60, 0xf, 0xfe, 0x52, 0xc8, 0x7,
    0xf5, 0x80, 0x7f, 0xf2, 0x9a, 0x80, 0x3f, 0x91,
    0x80, 0x3f, 0xf9, 0x2f, 0x20, 0x1f, 0xc3, 0x40,
    0x1f, 0xfc, 0x9a, 0x80, 0xf, 0xf5, 0x8, 0x7,
    0xff, 0x1c, 0xb1, 0x40, 0x3f, 0xd4, 0x80, 0x1f,
    0xfc, 0x74, 0xd3, 0x0, 0xff, 0x4a, 0x80, 0x7f,
    0xf1, 0xe2, 0xc0, 0x3f, 0xea, 0x60, 0xf, 0xfe,
    0x30, 0xdb, 0x80, 0x7f, 0x87, 0x14, 0x3, 0xff,
    0x8c, 0x7e, 0x80, 0x1f, 0xe2, 0xc3, 0x0, 0xff,
    0xe3, 0x36, 0x8, 0x7, 0xf9, 0x74, 0x80, 0x3f,
    0xf8, 0xd1, 0x20, 0x1f, 0xf4, 0xd0, 0x7, 0xff,
    0x1e, 0x9c, 0x3, 0xfc, 0x5a, 0xc0, 0x1f, 0xfc,
    0x7b, 0x50, 0xf, 0xf3, 0x69, 0x0, 0x7f, 0xf1,
    0xe9, 0x0, 0x3f, 0x86, 0xa4, 0x3, 0xff, 0x91,
    0x2a, 0x1, 0xfc, 0x9e, 0xa0, 0x1f, 0xfc, 0x85,
    0x60, 0xf, 0xe7, 0xb1, 0x0, 0xff, 0xe4, 0xd,
    0x80, 0x7f, 0x4c, 0x0, 0x7f, 0xf2, 0xa0, 0x40,
    0x3f, 0x4b, 0x0, 0x7f, 0xf2, 0x85, 0x80, 0x3f,
    0x3b, 0x0, 0x7f, 0xf2, 0xe4, 0x3, 0xf9, 0x33,
    0x3f, 0xf9, 0x40, 0x5, 0x0, 0xfe, 0x33, 0xff,
    0xe5, 0x80, 0x90, 0x7, 0xff, 0x55, 0x40, 0x3f,
    0xfa, 0xc4, 0x1, 0xff, 0xf9, 0x10, 0xf, 0xff,
    0xc8,

    /* U+0033 "3" */
    0x0, 0xff, 0xf0, 0x8b, 0x4e, 0x77, 0xff, 0x6d,
    0x39, 0x80, 0x7f, 0xf1, 0xd2, 0xfa, 0x58, 0xc4,
    0x3, 0x89, 0x63, 0x35, 0xc0, 0x3f, 0xf8, 0x65,
    0x96, 0x80, 0x1f, 0xfc, 0x22, 0x8e, 0x60, 0xf,
    0xfe, 0x3, 0x69, 0x80, 0x7f, 0xf1, 0x86, 0x6c,
    0x3, 0xfc, 0xf2, 0x1, 0xff, 0xca, 0x4c, 0x0,
    0xfc, 0xb0, 0x1, 0xff, 0xcc, 0x3a, 0x0, 0xf0,
    0xd0, 0x7, 0xff, 0x39, 0x54, 0x1, 0xd0, 0x1,
    0xfe, 0x4a, 0xdf, 0xf6, 0xdb, 0x0, 0x7f, 0xa0,
    0x3, 0x98, 0x3, 0xf0, 0xe5, 0xa9, 0x0, 0x9,
    0x27, 0x48, 0x3, 0xf1, 0x20, 0x4, 0xa0, 0x1f,
    0xd8, 0x60, 0x1f, 0x8b, 0x4, 0x3, 0xf6, 0x80,
    0x58, 0x1, 0xf9, 0xc8, 0x3, 0xfc, 0x32, 0x1,
    0xf9, 0x40, 0x25, 0x0, 0xfd, 0x40, 0x1f, 0xfc,
    0x6, 0x0, 0xfc, 0x60, 0x10, 0x80, 0x7e, 0x20,
    0xf, 0xfe, 0x0, 0x88, 0x3, 0xff, 0x8e, 0x40,
    0x1f, 0xfc, 0x22, 0x0, 0xff, 0xe3, 0x88, 0x7,
    0xff, 0x3b, 0x7f, 0xfe, 0xc0, 0xf, 0xfe, 0x11,
    0x0, 0x7c, 0x40, 0x1f, 0xfc, 0xd2, 0x10, 0xf,
    0x90, 0x3, 0xff, 0x9b, 0x60, 0x1f, 0xb4, 0x3,
    0xff, 0x98, 0xac, 0x1, 0xf1, 0xa0, 0x7, 0xff,
    0x2d, 0xa8, 0x3, 0xf7, 0x0, 0x7f, 0xf2, 0x4,
    0x9f, 0x24, 0x3, 0xf5, 0x10, 0x7, 0xff, 0xe,
    0x3f, 0xf7, 0x6c, 0x18, 0x7, 0xea, 0x50, 0xf,
    0xfe, 0x99, 0xea, 0x80, 0x7f, 0xf4, 0x86, 0x70,
    0x80, 0x3f, 0xfa, 0x6a, 0xa0, 0xf, 0xfe, 0xaa,
    0x66, 0xc, 0x3, 0xff, 0xaa, 0x79, 0x0, 0x1f,
    0xfd, 0x67, 0xa0, 0xf, 0xfe, 0x24, 0x77, 0x6d,
    0xc9, 0x50, 0xf, 0xe5, 0x90, 0xf, 0xfe, 0x20,
    0x8e, 0x23, 0x6a, 0xe6, 0x0, 0xfc, 0xc8, 0x1,
    0xff, 0xcb, 0x19, 0x80, 0xf, 0xd2, 0x1, 0xff,
    0xcd, 0x75, 0x0, 0xf8, 0x90, 0x3, 0xff, 0x9b,
    0x20, 0x1f, 0xb0, 0x3, 0xff, 0x9a, 0x60, 0x1f,
    0x90, 0x22, 0x67, 0xe7, 0x0, 0xff, 0xe2, 0x10,
    0x7, 0xc4, 0xc, 0xdf, 0xac, 0x3, 0xff, 0x98,
    0x20, 0x60, 0x1f, 0x8, 0x7, 0xff, 0x10, 0xc0,
    0x3f, 0x84, 0x3, 0xe2, 0x0, 0xff, 0xe2, 0x8,
    0x7, 0xf3, 0x0, 0x7e, 0x30, 0xf, 0xfe, 0x12,
    0x0, 0x7e, 0x20, 0xc0, 0xf, 0xd2, 0x1, 0xff,
    0xc2, 0xf0, 0xf, 0xce, 0xe, 0x1, 0xf9, 0x58,
    0x3, 0xff, 0x80, 0xc8, 0x1, 0xfb, 0xc0, 0x4c,
    0x3, 0xf4, 0xc0, 0x7, 0xfa, 0x24, 0x3, 0xf9,
    0x40, 0x10, 0x1, 0xfc, 0xfd, 0xa, 0x42, 0x22,
    0x59, 0xe7, 0x0, 0xfe, 0x70, 0x9, 0x14, 0x3,
    0xf8, 0x5e, 0xb7, 0xb9, 0xb4, 0xc2, 0x1, 0xfc,
    0x50, 0x1, 0xac, 0x80, 0x3f, 0xf9, 0xfc, 0x1,
    0xc3, 0xe2, 0x1, 0xff, 0xcd, 0xb3, 0x0, 0xf1,
    0x79, 0x80, 0x7f, 0xf2, 0x8b, 0x10, 0x3, 0xf0,
    0xe4, 0x88, 0x7, 0xff, 0x1d, 0xf4, 0xc0, 0x3f,
    0xe6, 0xe9, 0x20, 0xf, 0xfe, 0x10, 0xbf, 0x40,
    0x7, 0xff, 0xd, 0xb7, 0x52, 0xc8, 0x42, 0x1,
    0x9, 0xac, 0x67, 0x40, 0x80, 0x7e,

    /* U+0034 "4" */
    0x0, 0xff, 0xe0, 0xbc, 0x47, 0xce, 0x1, 0xff,
    0xce, 0x38, 0x77, 0xfb, 0x0, 0x3f, 0xf9, 0xc8,
    0x1, 0xfb, 0x0, 0x3f, 0xf9, 0xd8, 0x1, 0xf9,
    0x0, 0x3f, 0xf9, 0xc8, 0x1, 0xf0, 0x98, 0x7,
    0xff, 0x35, 0x0, 0x3f, 0x38, 0x7, 0xff, 0x3b,
    0x0, 0x3f, 0x68, 0x7, 0xff, 0x39, 0x40, 0x3e,
    0x14, 0x0, 0xe1, 0x1c, 0x1, 0xff, 0xc4, 0x22,
    0x0, 0x7c, 0xe0, 0x1c, 0xdd, 0xd6, 0x0, 0x7f,
    0xf1, 0x28, 0x3, 0xf5, 0x0, 0x76, 0x80, 0x7f,
    0xf2, 0x14, 0x3, 0xe2, 0x30, 0xe, 0x40, 0xf,
    0xfe, 0x39, 0x10, 0x3, 0xea, 0x0, 0xe5, 0x0,
    0xff, 0xe4, 0x50, 0x7, 0xe6, 0x0, 0xee, 0x0,
    0xff, 0xe4, 0x30, 0x7, 0xca, 0x20, 0x18, 0x50,
    0x3, 0xff, 0x8e, 0x82, 0x1, 0xf4, 0x80, 0x73,
    0x0, 0x7f, 0xf2, 0x38, 0x3, 0xe3, 0x30, 0x7,
    0x50, 0x7, 0xff, 0x1c, 0x54, 0x3, 0xe9, 0x0,
    0xe3, 0x20, 0xf, 0xfe, 0x3b, 0x0, 0x7c, 0x4a,
    0x1, 0xd2, 0x1, 0xff, 0xc8, 0x90, 0xf, 0xac,
    0x3, 0x85, 0x40, 0x3f, 0xf8, 0xea, 0x20, 0x1e,
    0x16, 0x0, 0xe9, 0x0, 0xff, 0xe4, 0x48, 0x7,
    0xd2, 0x1, 0xe3, 0x0, 0xff, 0xe3, 0xa1, 0x80,
    0x78, 0x5c, 0x3, 0xff, 0x9d, 0xe0, 0x1f, 0x48,
    0x7, 0xff, 0x38, 0xd0, 0x3, 0xc2, 0xe0, 0x1f,
    0xfc, 0xe8, 0x0, 0xfa, 0x0, 0x3f, 0xf9, 0xc6,
    0x80, 0x1e, 0x26, 0x0, 0xff, 0xe7, 0x78, 0x7,
    0xd2, 0x1, 0xff, 0xce, 0x43, 0x0, 0xf2, 0x20,
    0x3, 0xff, 0x9d, 0x20, 0x1f, 0x48, 0x7, 0xff,
    0x39, 0x88, 0x3, 0xce, 0x40, 0x1f, 0xfc, 0xe8,
    0x0, 0xf1, 0x40, 0x7, 0xff, 0x3a, 0x4, 0x3,
    0xdc, 0x1, 0xff, 0xcf, 0x50, 0xf, 0xb3, 0xff,
    0xff, 0x80, 0x80, 0x1f, 0x17, 0xff, 0x60, 0x7,
    0xff, 0xfc, 0x3, 0xff, 0xfe, 0x1, 0xff, 0xf6,
    0xde, 0xef, 0xfe, 0x42, 0x0, 0x7c, 0x5d, 0xdd,
    0x80, 0x23, 0xff, 0xc8, 0x0, 0xfe, 0x11, 0xe0,
    0xf, 0xff, 0xf8, 0x7, 0xff, 0xfc, 0x3, 0xff,
    0xfe, 0x1, 0xff, 0xff, 0x0, 0xff, 0xe6, 0x80,

    /* U+0035 "5" */
    0x0, 0x8f, 0xff, 0xff, 0x9e, 0xc0, 0x1c, 0xc0,
    0x1f, 0xfd, 0x53, 0x0, 0xff, 0xea, 0x88, 0x7,
    0xff, 0x57, 0xc0, 0x3f, 0xfa, 0xa2, 0x1, 0xff,
    0xd5, 0x30, 0xf, 0xfe, 0xab, 0x0, 0x7c, 0x45,
    0xff, 0xc9, 0x0, 0xe1, 0x0, 0xfb, 0xf7, 0x7f,
    0xf8, 0xe8, 0x1, 0xc6, 0x1, 0xf1, 0x80, 0x7f,
    0xf3, 0x44, 0x3, 0xe1, 0x0, 0xff, 0xf7, 0x8,
    0x7, 0xc2, 0x1, 0xff, 0xcd, 0x20, 0xf, 0x8c,
    0x3, 0xff, 0x9a, 0xe0, 0x1f, 0x8, 0x7, 0xff,
    0x34, 0x40, 0x3e, 0x70, 0xf, 0xfe, 0x69, 0x80,
    0x7c, 0x20, 0x1f, 0xfc, 0xd1, 0x0, 0xf8, 0xc0,
    0x23, 0x8b, 0xef, 0xfb, 0xae, 0xc, 0x3, 0xfe,
    0xe0, 0xf, 0x84, 0x1b, 0x71, 0xd0, 0x40, 0x21,
    0x47, 0xce, 0x70, 0xf, 0xe3, 0x0, 0xf8, 0xb6,
    0x48, 0x3, 0xfe, 0x18, 0xd3, 0x0, 0xf8, 0x40,
    0x3e, 0x52, 0x0, 0xff, 0xe1, 0x96, 0x28, 0x7,
    0x9c, 0x3, 0xff, 0x9d, 0x4a, 0x1, 0xc2, 0x1,
    0xff, 0xcf, 0xa2, 0x0, 0xc6, 0x1, 0xff, 0xd0,
    0x90, 0xc, 0x20, 0x1f, 0xe3, 0x9e, 0xff, 0xb1,
    0x84, 0x3, 0xf9, 0xc, 0x0, 0x20, 0x1f, 0xe9,
    0xc6, 0x10, 0x8, 0xe7, 0xcc, 0x3, 0xfa, 0x40,
    0x21, 0x0, 0xf8, 0x71, 0x80, 0x3f, 0xe, 0x18,
    0x7, 0xe5, 0x0, 0xf, 0x7e, 0xdc, 0xba, 0x15,
    0x18, 0x7, 0xfd, 0xc0, 0x1f, 0xc8, 0x1, 0x89,
    0x1a, 0x2f, 0x50, 0x3, 0xff, 0x80, 0x4a, 0x1,
    0xf8, 0xc0, 0x3f, 0xf9, 0x9e, 0x1, 0xfb, 0x80,
    0x3f, 0xf9, 0x8e, 0x1, 0xf8, 0x80, 0x3f, 0xf9,
    0x84, 0x1, 0xf9, 0xc0, 0x3f, 0xfa, 0xd1, 0x77,
    0xf8, 0x3, 0xff, 0x9a, 0x68, 0x9f, 0x88, 0x3,
    0xff, 0x84, 0x40, 0x1f, 0x9c, 0x40, 0x3f, 0x30,
    0x7, 0xff, 0x9, 0x80, 0x3f, 0x11, 0x0, 0x3f,
    0x60, 0x7, 0xff, 0xb, 0x0, 0x3f, 0x76, 0x80,
    0x7e, 0x50, 0xf, 0xfe, 0x13, 0x0, 0x7e, 0x34,
    0x0, 0xfc, 0x4c, 0x1, 0xff, 0xc0, 0x61, 0x0,
    0xfc, 0x82, 0x80, 0x1f, 0xa4, 0x80, 0x3f, 0xc7,
    0x20, 0x1f, 0x94, 0x1, 0xe0, 0x1f, 0xda, 0xa0,
    0x1f, 0x93, 0x40, 0x3f, 0xa4, 0x0, 0x86, 0x1,
    0xfd, 0x58, 0xc6, 0x22, 0x26, 0xbb, 0x8, 0x7,
    0xe4, 0x30, 0xb, 0x80, 0x3f, 0xc7, 0x39, 0xdc,
    0xd9, 0x40, 0xf, 0xf4, 0x80, 0x62, 0x90, 0xf,
    0xfe, 0x74, 0x90, 0x7, 0x34, 0x0, 0x7f, 0xf3,
    0x1d, 0x80, 0x3e, 0x7a, 0x0, 0xff, 0xe5, 0x4c,
    0x0, 0x7f, 0x2e, 0xa0, 0x7, 0xff, 0x18, 0xf1,
    0x80, 0x3f, 0xe2, 0xbc, 0x50, 0xf, 0xfe, 0x12,
    0x56, 0x18, 0x7, 0xff, 0x8, 0xeb, 0xed, 0xd0,
    0x84, 0x2, 0x14, 0x6a, 0xeb, 0x50, 0xf, 0xc0,

    /* U+0036 "6" */
    0x0, 0xff, 0xf1, 0xb, 0x56, 0xff, 0xf7, 0x64,
    0xa0, 0x7, 0xff, 0x20, 0xef, 0xa5, 0x48, 0x3,
    0x84, 0xda, 0xfa, 0x4, 0x3, 0xff, 0x89, 0x58,
    0x80, 0x1f, 0xfc, 0x11, 0x7f, 0x40, 0xf, 0xfe,
    0x8, 0xea, 0x80, 0x7f, 0xf1, 0x46, 0xd8, 0x3,
    0xfe, 0x1f, 0x20, 0xf, 0xfe, 0x44, 0xb0, 0x7,
    0xfb, 0x44, 0x3, 0xff, 0x95, 0x26, 0x1, 0xf9,
    0xcc, 0x3, 0xff, 0x99, 0xe0, 0x1f, 0xc, 0x0,
    0x7e, 0x18, 0xce, 0xfe, 0xb6, 0x0, 0xfe, 0x34,
    0x0, 0xf4, 0x80, 0x7e, 0x4e, 0x73, 0x10, 0x14,
    0x9c, 0x10, 0xf, 0xdc, 0x1, 0xe7, 0x0, 0xf8,
    0xec, 0x3, 0xf1, 0xe8, 0x7, 0xe5, 0x0, 0xe5,
    0x0, 0xfd, 0xe0, 0x1f, 0xe3, 0x40, 0xf, 0xc8,
    0x1, 0xbc, 0x3, 0xe4, 0x30, 0xf, 0xfb, 0x80,
    0x3f, 0x18, 0x6, 0x40, 0xf, 0xb4, 0x3, 0xff,
    0x80, 0x80, 0x1f, 0xb8, 0x2, 0x31, 0x0, 0xf9,
    0x0, 0x3f, 0xf8, 0x2, 0x1, 0xf8, 0x80, 0x25,
    0x0, 0xf8, 0x48, 0x3, 0xff, 0x82, 0x20, 0x1f,
    0xf7, 0x80, 0x7c, 0x40, 0x1f, 0xfc, 0x2e, 0xff,
    0xfa, 0xc0, 0x25, 0x0, 0xf9, 0x80, 0x3f, 0xf9,
    0xc4, 0x1, 0xf1, 0x80, 0x7f, 0xf3, 0x84, 0x3,
    0xee, 0x0, 0xe4, 0x8b, 0xde, 0xe6, 0xdc, 0x28,
    0x7, 0xf8, 0x80, 0x3f, 0x8, 0x0, 0x63, 0xed,
    0xd0, 0x84, 0x44, 0x8f, 0x5f, 0x44, 0x1, 0xf0,
    0x80, 0x7e, 0x30, 0x7e, 0x70, 0xf, 0xfe, 0x2,
    0xec, 0x0, 0x79, 0xc0, 0x3f, 0x1d, 0xc0, 0x7,
    0xff, 0x11, 0xec, 0x3, 0x84, 0x3, 0xf4, 0x20,
    0x7, 0xff, 0x19, 0x2c, 0x3, 0x18, 0x7, 0xe1,
    0x0, 0xff, 0xe4, 0x23, 0x80, 0x7f, 0xf5, 0xa0,
    0x80, 0x3f, 0xf8, 0x8d, 0x7d, 0xfe, 0xd9, 0x30,
    0xf, 0xf4, 0x0, 0x7f, 0xf0, 0x8b, 0x65, 0x4,
    0x0, 0x4d, 0x90, 0x1, 0xfc, 0xa2, 0x1, 0xff,
    0xc0, 0x2c, 0x20, 0xf, 0xcf, 0x0, 0x1f, 0xce,
    0x1, 0xff, 0xc0, 0x91, 0x0, 0xff, 0x39, 0x80,
    0x7e, 0xd0, 0x30, 0xf, 0xe3, 0x40, 0xf, 0xfe,
    0x4, 0x0, 0x7e, 0x50, 0x10, 0xf, 0xeb, 0x0,
    0xff, 0xe0, 0xa0, 0x80, 0x7c, 0x22, 0x70, 0xf,
    0xe4, 0x0, 0xff, 0xe1, 0x20, 0x7, 0xe2, 0x10,
    0xf, 0xe2, 0x0, 0xff, 0xe1, 0x18, 0x7, 0xe7,
    0x20, 0xf, 0xe1, 0x0, 0xff, 0xe1, 0x70, 0x7,
    0xe1, 0x2, 0x0, 0xff, 0xeb, 0x30, 0x7, 0xe1,
    0x0, 0xff, 0xe1, 0x70, 0x7, 0xe1, 0xc, 0x0,
    0xfc, 0x40, 0x1f, 0xfc, 0x22, 0x0, 0xfc, 0xe0,
    0x60, 0x1f, 0x90, 0x3, 0xff, 0x84, 0x80, 0x1f,
    0x8c, 0x10, 0x3, 0xf5, 0x80, 0x7f, 0xf0, 0x54,
    0x3, 0xf1, 0x0, 0x4a, 0x1, 0xf1, 0xa8, 0x7,
    0xff, 0x2, 0x0, 0x3f, 0x28, 0x5, 0xc0, 0x1f,
    0xac, 0x40, 0x3f, 0xd0, 0x40, 0x1f, 0xac, 0x2,
    0x42, 0x0, 0xf8, 0x7c, 0xc0, 0x3f, 0x4b, 0x80,
    0x7e, 0x33, 0x0, 0x68, 0x0, 0xfc, 0x39, 0x4a,
    0x42, 0x23, 0x7d, 0x60, 0xf, 0xe8, 0x0, 0xe5,
    0x30, 0xf, 0xe5, 0xad, 0xee, 0x64, 0x10, 0x7,
    0xf3, 0x20, 0x7, 0xb4, 0x40, 0x3f, 0xf9, 0x85,
    0x20, 0x1f, 0xe, 0x80, 0x7f, 0xf2, 0xcb, 0x0,
    0x3f, 0x8f, 0x4, 0x3, 0xff, 0x90, 0x78, 0x20,
    0x1f, 0xe3, 0xf5, 0x0, 0xff, 0xe3, 0x46, 0x8,
    0x7, 0xff, 0x0, 0x6b, 0x14, 0x3, 0xff, 0x82,
    0x2f, 0xce, 0x1, 0xff, 0xc4, 0x3a, 0xfa, 0x74,
    0x21, 0x0, 0x9, 0x23, 0xdf, 0x40, 0x80, 0x7e,

    /* U+0037 "7" */
    0xad, 0xdf, 0xfe, 0xab, 0x30, 0x8b, 0xff, 0xab,
    0xc0, 0x1f, 0xff, 0xf0, 0xf, 0xff, 0xf8, 0x7,
    0xff, 0x2c, 0x64, 0x3, 0xff, 0xab, 0xa3, 0x9f,
    0xff, 0xfc, 0xac, 0x0, 0xfd, 0x26, 0x1, 0xff,
    0xcb, 0x1d, 0x0, 0xf9, 0x98, 0x1, 0xff, 0xcc,
    0xa1, 0x0, 0xf1, 0x48, 0x7, 0xff, 0x32, 0x50,
    0x3, 0xef, 0x0, 0xff, 0xe6, 0x23, 0x0, 0x7d,
    0x44, 0x1, 0xff, 0xcb, 0x1a, 0x0, 0xf9, 0x54,
    0x1, 0xff, 0xcc, 0xa1, 0x0, 0xf0, 0xd8, 0x7,
    0xff, 0x31, 0x90, 0x3, 0xea, 0x10, 0xf, 0xfe,
    0x59, 0x48, 0x7, 0xca, 0x80, 0x1f, 0xfc, 0xc9,
    0x0, 0xf8, 0x6c, 0x3, 0xff, 0x98, 0x88, 0x0,
    0xfa, 0xc4, 0x3, 0xff, 0x99, 0x20, 0x1f, 0x22,
    0x80, 0x7f, 0xf3, 0x20, 0x80, 0x3e, 0x90, 0xf,
    0xfe, 0x60, 0xb8, 0x7, 0xcc, 0x40, 0x1f, 0xfc,
    0xc8, 0x0, 0xfd, 0x0, 0x1f, 0xfc, 0xc1, 0x60,
    0xf, 0xa0, 0x40, 0x3f, 0xf9, 0x90, 0x1, 0xf9,
    0x80, 0x3f, 0xf9, 0x84, 0xc0, 0x1f, 0x38, 0x80,
    0x7f, 0xf3, 0x2c, 0x3, 0xf4, 0x80, 0x7f, 0xf3,
    0x5, 0x80, 0x3e, 0x61, 0x0, 0xff, 0xe6, 0x30,
    0x7, 0xeb, 0x0, 0xff, 0xe6, 0xd0, 0x7, 0xc6,
    0x40, 0x1f, 0xfc, 0xc4, 0x20, 0xf, 0xa4, 0x3,
    0xff, 0x9b, 0xc0, 0x1f, 0x94, 0x3, 0xff, 0x9a,
    0xa0, 0x1f, 0x28, 0x7, 0xff, 0x35, 0x0, 0x3f,
    0x78, 0x7, 0xff, 0x37, 0x40, 0x3f, 0x20, 0x7,
    0xff, 0x35, 0xc0, 0x3e, 0x31, 0x0, 0xff, 0xe6,
    0x10, 0x80, 0x7c, 0x80, 0x1f, 0xfc, 0xd4, 0x0,
    0xfd, 0x80, 0x1f, 0xfc, 0xdc, 0x0, 0xfc, 0xa0,
    0x1f, 0xfc, 0xd7, 0x0, 0xfc, 0x20, 0x1f, 0xfc,
    0xd2, 0x0, 0xf8, 0xc0, 0x3f, 0xf9, 0xa4, 0x1,
    0xf9, 0xc0, 0x3f, 0xf9, 0xae, 0x1, 0xf8, 0x80,
    0x3f, 0xf9, 0xa6, 0x1, 0xff, 0xd6, 0xe0, 0xf,
    0xc2, 0x1, 0xff, 0xcd, 0x10, 0xf, 0xfe, 0xb1,
    0x80, 0x7f, 0xfe, 0x7d, 0xdf, 0xf6, 0x0, 0x7f,
    0xf1, 0x80,

    /* U+0038 "8" */
    0x0, 0xff, 0x92, 0x2f, 0x7b, 0xfd, 0xdc, 0xc9,
    0x61, 0x0, 0xff, 0xe3, 0x9d, 0x7d, 0xba, 0x10,
    0x80, 0x4, 0x46, 0xd3, 0xd8, 0xa0, 0x1f, 0xfc,
    0x31, 0xac, 0x50, 0xf, 0xfe, 0x11, 0xd6, 0x18,
    0x7, 0xff, 0x0, 0xfd, 0x40, 0x3f, 0xf8, 0xc7,
    0x8c, 0x1, 0xfe, 0x3c, 0x10, 0xf, 0xfe, 0x4c,
    0xb8, 0x7, 0xe2, 0xc0, 0xf, 0xfe, 0x64, 0x28,
    0x7, 0xdc, 0x1, 0xff, 0xce, 0xb1, 0x0, 0xe4,
    0x30, 0xf, 0xe3, 0x9d, 0xff, 0x75, 0xa8, 0x7,
    0xf0, 0xc0, 0x7, 0x78, 0x7, 0xf5, 0x63, 0x10,
    0x0, 0x52, 0xb4, 0x80, 0x3f, 0x30, 0x80, 0x42,
    0x80, 0x1f, 0xa9, 0x40, 0x3f, 0x17, 0x88, 0x7,
    0xe7, 0x0, 0x90, 0x3, 0xf2, 0x28, 0x7, 0xf8,
    0xa0, 0x3, 0xf6, 0x0, 0x5a, 0x1, 0xfb, 0x80,
    0x3f, 0xf8, 0xc, 0x1, 0xf9, 0xc0, 0x21, 0x0,
    0xfc, 0x80, 0x1f, 0xfc, 0x13, 0x0, 0xf8, 0xc0,
    0x23, 0x0, 0xfc, 0x20, 0x1f, 0xfc, 0x16, 0x0,
    0xf8, 0x40, 0x23, 0x0, 0xff, 0xe9, 0x8, 0x5,
    0xc0, 0x1f, 0x84, 0x3, 0xff, 0x82, 0xc0, 0x1f,
    0x10, 0x4, 0x60, 0x1f, 0x94, 0x3, 0xff, 0x82,
    0x60, 0x1f, 0x28, 0x4, 0x80, 0x1f, 0xb8, 0x3,
    0xff, 0x80, 0xa0, 0x1f, 0xb0, 0x3, 0x28, 0x7,
    0xca, 0x80, 0x1f, 0xe1, 0xb0, 0xf, 0x85, 0x40,
    0x34, 0x0, 0x7e, 0xb4, 0x0, 0xfc, 0x58, 0x20,
    0x1f, 0x48, 0x7, 0x13, 0x80, 0x7e, 0xbb, 0x29,
    0x0, 0x5, 0x27, 0x48, 0x3, 0xe3, 0x70, 0xf,
    0x41, 0x80, 0x7e, 0x4a, 0xdf, 0xf7, 0x5b, 0x0,
    0x7e, 0x1e, 0x0, 0xfd, 0xa6, 0x1, 0xff, 0xca,
    0x1c, 0x20, 0xf, 0xc3, 0x8e, 0x1, 0xff, 0xc8,
    0x4f, 0x20, 0xf, 0xfa, 0x14, 0x3, 0xff, 0x8c,
    0x74, 0x20, 0x1f, 0xf3, 0x72, 0x80, 0x7f, 0xf1,
    0x8f, 0xa4, 0x3, 0xfd, 0x72, 0x20, 0x1f, 0xfc,
    0x96, 0xe3, 0x0, 0xfb, 0x10, 0x3, 0xff, 0x98,
    0x38, 0x60, 0x1d, 0x46, 0x1, 0xf8, 0x5e, 0xfb,
    0xfd, 0xd9, 0x4, 0x1, 0xfd, 0xa2, 0x1, 0x2a,
    0x80, 0x3f, 0x37, 0x42, 0x8, 0x0, 0x4d, 0xf6,
    0x40, 0x3f, 0xc, 0x0, 0x50, 0x1, 0xf9, 0xe4,
    0x3, 0xfc, 0xd6, 0x1, 0xf9, 0x84, 0xc, 0x80,
    0x3e, 0x28, 0x0, 0xff, 0xe0, 0x23, 0x0, 0x7e,
    0x60, 0xb0, 0xf, 0xd6, 0x1, 0xff, 0xc2, 0xb0,
    0xf, 0xd6, 0x6, 0x1, 0xf9, 0xc0, 0x3f, 0xf8,
    0x44, 0x40, 0xf, 0x8c, 0x18, 0x3, 0xf0, 0x80,
    0x7f, 0xf0, 0xd8, 0x3, 0xf0, 0x98, 0x7, 0xc2,
    0x1, 0xff, 0xc4, 0x10, 0xf, 0xc6, 0x1, 0xf8,
    0x40, 0x3f, 0xf8, 0x82, 0x1, 0xfc, 0x60, 0x1f,
    0x88, 0x3, 0xff, 0x86, 0xa0, 0x1f, 0x8d, 0x80,
    0x3f, 0x20, 0x7, 0xff, 0x8, 0x84, 0x3, 0xe1,
    0x16, 0x0, 0x7e, 0xb0, 0xf, 0xfe, 0x15, 0x80,
    0x7e, 0x50, 0x40, 0xf, 0xc5, 0x20, 0x1f, 0xfc,
    0x5, 0x60, 0xf, 0xd8, 0x6, 0x40, 0x1f, 0x9a,
    0x80, 0x3f, 0xcd, 0x40, 0x1f, 0xca, 0x0, 0xb0,
    0xf, 0xe5, 0xe8, 0x41, 0x0, 0x9, 0xbe, 0xc8,
    0x7, 0xf2, 0x90, 0x1, 0x88, 0x3, 0xf8, 0x5e,
    0xfb, 0xfd, 0xd9, 0x4, 0x1, 0xfe, 0x80, 0xd,
    0xc0, 0x1f, 0xfd, 0x9, 0x20, 0xc, 0x76, 0x1,
    0xff, 0xce, 0x76, 0x0, 0xf2, 0x60, 0x80, 0x7f,
    0xf2, 0xe6, 0x0, 0x3f, 0x1f, 0xb0, 0x7, 0xff,
    0x20, 0xf1, 0x80, 0x3f, 0xc3, 0x3a, 0xc0, 0x1f,
    0xfc, 0x44, 0xbc, 0x30, 0xf, 0xfe, 0x9, 0x4f,
    0xe4, 0x29, 0x88, 0x80, 0x21, 0x25, 0x7b, 0xfb,
    0x40, 0xf, 0xc0,

    /* U+0039 "9" */
    0x0, 0xff, 0xf1, 0x1c, 0x5f, 0x7f, 0xf6, 0xd3,
    0x90, 0x7, 0xff, 0x21, 0xfb, 0x1d, 0x4, 0x3,
    0x89, 0x63, 0x74, 0xc0, 0x1f, 0xfc, 0x45, 0xe8,
    0x10, 0xf, 0xfe, 0x9, 0x4e, 0xa0, 0x7, 0xff,
    0x6, 0x68, 0x40, 0x3f, 0xf8, 0xa5, 0x6e, 0x1,
    0xff, 0x5b, 0x0, 0x7f, 0xf2, 0x62, 0x0, 0x1f,
    0xd2, 0x80, 0x1f, 0xfc, 0xb7, 0x60, 0xf, 0x95,
    0x80, 0x3f, 0xf9, 0xb2, 0x40, 0x1c, 0x36, 0x1,
    0xfc, 0x2f, 0x9d, 0xfe, 0xc8, 0x10, 0xf, 0xe9,
    0x0, 0xe9, 0x10, 0xf, 0xc7, 0xf0, 0x62, 0x0,
    0x37, 0xe5, 0x0, 0xfc, 0x86, 0x1, 0x98, 0x3,
    0xf1, 0xe0, 0x80, 0x7e, 0xa5, 0x0, 0xfd, 0x20,
    0x12, 0x8, 0x7, 0xee, 0x0, 0xff, 0xac, 0x40,
    0x3e, 0x50, 0xb, 0x40, 0x3f, 0x31, 0x0, 0x7f,
    0xc3, 0x20, 0x1f, 0x94, 0x0, 0xa0, 0x1f, 0xb4,
    0x3, 0xff, 0x82, 0xa0, 0x1f, 0xb0, 0x0, 0x40,
    0x1f, 0x90, 0x3, 0xff, 0x82, 0x44, 0x0, 0xf9,
    0x0, 0x2, 0x1, 0xf0, 0x80, 0x7f, 0xf0, 0xc4,
    0x3, 0xe2, 0x0, 0xff, 0x10, 0x7, 0xff, 0xd,
    0x80, 0x3f, 0x18, 0x7, 0xff, 0x59, 0x80, 0x3f,
    0x88, 0x3, 0xff, 0x86, 0xc0, 0x1f, 0x88, 0x4,
    0x3, 0xe1, 0x0, 0xff, 0xe1, 0x90, 0x7, 0xef,
    0x2, 0x0, 0xfc, 0x80, 0x1f, 0xfc, 0x12, 0x10,
    0xf, 0xc2, 0xa, 0x1, 0xfb, 0x40, 0x3f, 0xf8,
    0x2a, 0x1, 0xfc, 0x61, 0x80, 0x1f, 0x98, 0x80,
    0x3f, 0xe1, 0x90, 0xf, 0xe1, 0x4, 0x0, 0xfe,
    0x90, 0xf, 0xfa, 0xc4, 0x3, 0xfe, 0x14, 0x0,
    0xfc, 0x96, 0x20, 0x1f, 0xa9, 0x40, 0x3f, 0xf8,
    0x3e, 0x1, 0xfc, 0x9f, 0x6, 0x1, 0x1b, 0xf2,
    0x80, 0x7f, 0xf0, 0x90, 0xc0, 0x3f, 0x85, 0xf3,
    0xfe, 0xc8, 0x10, 0xf, 0xfe, 0x27, 0x0, 0x7f,
    0xf5, 0x8a, 0x80, 0x3f, 0xf9, 0x2, 0x1, 0xf8,
    0x40, 0x32, 0xc8, 0x7, 0xff, 0x18, 0xa8, 0x3,
    0xf1, 0x80, 0x73, 0x60, 0x80, 0x7f, 0xf0, 0xdb,
    0x18, 0x3, 0xf0, 0x80, 0x78, 0xfa, 0x4, 0x3,
    0xfe, 0x4c, 0x91, 0x0, 0xfe, 0xf0, 0xf, 0xcf,
    0xd9, 0xa, 0x64, 0x24, 0x6b, 0x3d, 0x66, 0x0,
    0x10, 0xf, 0xc4, 0x1, 0xfe, 0x37, 0xac, 0xde,
    0xdc, 0xa6, 0x10, 0xc, 0xc0, 0x1f, 0x98, 0x3,
    0xff, 0x9a, 0x60, 0x1f, 0x88, 0x3, 0xff, 0x9b,
    0xc0, 0x1f, 0x8, 0x80, 0xd, 0xff, 0xf9, 0x0,
    0x3f, 0xf8, 0x26, 0x1, 0xf2, 0x80, 0x7f, 0xf0,
    0x4, 0x3, 0xff, 0x82, 0xa0, 0x1f, 0x18, 0x4,
    0x40, 0x1f, 0x88, 0x3, 0xff, 0x80, 0x42, 0x1,
    0xf5, 0x80, 0x4c, 0x1, 0xfb, 0x0, 0x3f, 0xf8,
    0xa, 0x1, 0xf8, 0xc0, 0x22, 0x10, 0xf, 0x90,
    0x40, 0x3f, 0xe9, 0x0, 0xf9, 0x80, 0x39, 0x0,
    0x3f, 0x40, 0x7, 0xfa, 0x44, 0x3, 0xed, 0x0,
    0xef, 0x0, 0xfc, 0xce, 0x1, 0xfa, 0x18, 0x3,
    0xe2, 0x40, 0xe, 0x51, 0x0, 0xfd, 0x18, 0xc6,
    0x22, 0x37, 0xd7, 0x0, 0xfd, 0x0, 0x1f, 0x48,
    0x7, 0xf1, 0xce, 0x77, 0x32, 0x8, 0x3, 0xf2,
    0x28, 0x7, 0xce, 0x60, 0x1f, 0xfc, 0xb1, 0x90,
    0xf, 0xee, 0x10, 0xf, 0xfe, 0x55, 0x10, 0x7,
    0xf1, 0x60, 0x80, 0x7f, 0xf2, 0x2d, 0x0, 0x3f,
    0xe2, 0xf4, 0x0, 0xff, 0xe2, 0x9e, 0xa0, 0x7,
    0xff, 0x4, 0x6e, 0xc6, 0x1, 0xff, 0xc1, 0x3a,
    0xc2, 0x0, 0xff, 0xe2, 0x26, 0x6c, 0x29, 0x88,
    0x4, 0x26, 0xb3, 0xd8, 0xa0, 0x1f, 0xc0,

    /* U+003A ":" */
    0x0, 0xff, 0x57, 0xff, 0xe2, 0x0, 0xff, 0xff,
    0x80, 0x75, 0x7f, 0xfe, 0x20, 0xf, 0xff, 0xf8,
    0x7, 0xff, 0xfc, 0x3, 0xff, 0xa5, 0x5f, 0xff,
    0x88, 0x3, 0xff, 0xfe, 0x1, 0xc0,

    /* U+003B ";" */
    0x0, 0xff, 0xe0, 0x47, 0xff, 0xe5, 0x0, 0xff,
    0xff, 0x80, 0x7f, 0xf0, 0xa3, 0xff, 0xf2, 0x80,
    0x7f, 0xff, 0xc0, 0x3f, 0xff, 0xe0, 0x1f, 0xfe,
    0x58, 0xff, 0xfc, 0xa0, 0x1f, 0xff, 0xf0, 0xf,
    0xfe, 0x0, 0x84, 0x7f, 0xd8, 0x1, 0xfe, 0x70,
    0xc, 0xc0, 0x1c, 0x60, 0x18, 0x80, 0x3b, 0x40,
    0x22, 0x0, 0xe1, 0x50, 0x9, 0x40, 0x3a, 0x0,
    0x35, 0x0, 0x66, 0x60, 0x4, 0xa4, 0x0, 0x4a,
    0x90, 0x8, 0x6c, 0x0, 0x36, 0xa0, 0x10, 0xe0,
    0x80, 0x7c, 0x9e, 0x40, 0x1e, 0x4b, 0xb0, 0x80,
    0x61, 0xae, 0xb4, 0x0, 0xf0,

    /* U+003C "<" */
    0x0, 0xff, 0xea, 0x98, 0x80, 0x7f, 0xf4, 0xdb,
    0x70, 0xc0, 0x3f, 0xfa, 0x5, 0x3f, 0x24, 0x1,
    0xff, 0xd0, 0x4b, 0xd6, 0x0, 0xff, 0xe8, 0xb,
    0xf5, 0xa0, 0x7, 0xff, 0x40, 0xeb, 0xa0, 0x40,
    0x3f, 0xfa, 0xb, 0x98, 0x50, 0xf, 0xfe, 0x81,
    0x47, 0x51, 0x80, 0x7f, 0xf4, 0x12, 0xf5, 0xc4,
    0x3, 0xff, 0x82, 0x2e, 0x40, 0x1f, 0xf0, 0xbe,
    0xda, 0x0, 0x7f, 0xf0, 0x96, 0xfa, 0x0, 0x3f,
    0xc5, 0x3d, 0x4, 0x1, 0xff, 0xc1, 0x28, 0xea,
    0x40, 0xf, 0xf2, 0xe6, 0xb0, 0x7, 0xff, 0x9,
    0x6f, 0x5c, 0x40, 0x3f, 0x86, 0x3a, 0x8c, 0x3,
    0xff, 0x82, 0x53, 0xd4, 0x80, 0x1f, 0xe3, 0xae,
    0x71, 0x0, 0xff, 0xe0, 0xb6, 0x6b, 0x8, 0x7,
    0xfd, 0xb8, 0xa0, 0x1f, 0xfc, 0x13, 0x9f, 0x93,
    0x0, 0xff, 0xe1, 0x10, 0x7, 0xff, 0x0, 0x5f,
    0x71, 0x80, 0x3f, 0xfa, 0x9, 0x5d, 0x4, 0x1,
    0xff, 0xcf, 0x17, 0xdb, 0x50, 0xf, 0xfe, 0x8d,
    0x74, 0x10, 0x7, 0xff, 0x4e, 0xa4, 0xc0, 0x3f,
    0xfa, 0xad, 0x9a, 0xc2, 0x1, 0xff, 0xd4, 0x29,
    0xea, 0x40, 0xf, 0xfe, 0xaa, 0xde, 0xb8, 0x80,
    0x7f, 0xf1, 0x75, 0x80, 0x3f, 0xf8, 0x25, 0x1d,
    0x48, 0x1, 0xff, 0xc3, 0x29, 0xf9, 0x20, 0xf,
    0xfe, 0xa, 0xdf, 0x38, 0x80, 0x7f, 0xf0, 0xdb,
    0x71, 0x40, 0x3f, 0xf8, 0x23, 0x1d, 0x6a, 0x1,
    0xff, 0xc3, 0x3a, 0xe8, 0x10, 0xf, 0xfe, 0xa,
    0x57, 0x41, 0x0, 0x7f, 0xf0, 0x85, 0xfa, 0x90,
    0x3, 0xff, 0x82, 0x2f, 0xb6, 0xa0, 0x1f, 0xfc,
    0x35, 0xbd, 0x60, 0xf, 0xfe, 0x12, 0x57, 0x41,
    0x0, 0x7f, 0xf0, 0x8a, 0x7e, 0x48, 0x3, 0xff,
    0x82, 0x2f, 0xa4, 0x1, 0xff, 0xc4, 0x6d, 0xb5,
    0x0, 0xff, 0xea, 0xa5, 0x73, 0x88, 0x7, 0xff,
    0x50, 0x63, 0xa8, 0xc0, 0x3f, 0xfa, 0xab, 0x9a,
    0xc0, 0x1f, 0xfd, 0x52, 0x9f, 0x92, 0x0, 0xff,
    0xea, 0xb6, 0xda, 0x80, 0x7f, 0xf5, 0x52, 0xb9,
    0xcc,

    /* U+003D "=" */
    0x3e, 0xef, 0xfe, 0xa5, 0xb8, 0x8f, 0xff, 0x51,
    0xc0, 0x3f, 0xff, 0xe0, 0x1f, 0xff, 0xf0, 0xf,
    0xfe, 0x42, 0x7f, 0xff, 0xf5, 0x30, 0x3, 0xff,
    0xfe, 0x1, 0xff, 0xff, 0x0, 0xff, 0xff, 0x80,
    0x7f, 0xf0, 0x4f, 0x77, 0xff, 0xa9, 0x4e, 0x45,
    0xff, 0xd4, 0x60, 0xf, 0xff, 0xf8, 0x7, 0xff,
    0xfc, 0x3, 0xff, 0x90,

    /* U+003E ">" */
    0x31, 0x0, 0xff, 0xea, 0x4f, 0x49, 0x80, 0x7f,
    0xf5, 0x1b, 0x30, 0xa0, 0x1f, 0xfd, 0x43, 0xae,
    0x81, 0x0, 0xff, 0xe9, 0x8b, 0xf5, 0xa0, 0x7,
    0xff, 0x51, 0x2f, 0x58, 0x3, 0xff, 0xa8, 0x53,
    0xf2, 0x40, 0x1f, 0xfd, 0x46, 0xdc, 0x50, 0xf,
    0xfe, 0x24, 0xa0, 0x7, 0xff, 0x8, 0xeb, 0x9c,
    0x40, 0x3f, 0xf8, 0x27, 0x7d, 0x4, 0x1, 0xff,
    0xc1, 0x18, 0xea, 0x30, 0xf, 0xfe, 0x8, 0xbe,
    0xda, 0x80, 0x7f, 0xf0, 0x97, 0x35, 0x80, 0x3f,
    0xf8, 0x49, 0x5d, 0x24, 0x1, 0xff, 0xc1, 0x29,
    0xe8, 0x20, 0xf, 0xfe, 0x8, 0xb6, 0xe3, 0x0,
    0x7f, 0xf0, 0x45, 0xf6, 0xd0, 0x3, 0xff, 0x84,
    0x73, 0xf2, 0x60, 0x1f, 0xfc, 0x14, 0xbd, 0x71,
    0x0, 0xff, 0xe1, 0x36, 0x6b, 0x8, 0x7, 0xff,
    0x0, 0xa3, 0x98, 0x3, 0xff, 0x86, 0x53, 0xd4,
    0x80, 0x1f, 0xfc, 0x1e, 0x0, 0xff, 0xe3, 0x2d,
    0xeb, 0x88, 0x7, 0xff, 0x4c, 0xa3, 0xad, 0x0,
    0x3f, 0xfa, 0x89, 0x7c, 0xa0, 0x1f, 0xfd, 0x36,
    0xd5, 0x0, 0xff, 0xe8, 0x1c, 0xfc, 0x98, 0x7,
    0xff, 0x38, 0x5f, 0x71, 0x80, 0x3f, 0xf9, 0xe9,
    0x5d, 0x4, 0x1, 0xff, 0xce, 0x17, 0xdb, 0x50,
    0xf, 0xfe, 0x9, 0xcc, 0x0, 0x7f, 0xc9, 0x5d,
    0x4, 0x1, 0xff, 0xc1, 0x5c, 0xc3, 0x0, 0x7f,
    0xb, 0xf5, 0xa8, 0x7, 0xff, 0x4, 0xa3, 0xa8,
    0xc0, 0x3f, 0x96, 0xfa, 0x4, 0x3, 0xff, 0x82,
    0x97, 0xae, 0x20, 0x1f, 0x8a, 0x3a, 0x90, 0x3,
    0xff, 0x82, 0x2f, 0xb6, 0x80, 0x1f, 0xcb, 0x7a,
    0xe2, 0x1, 0xff, 0xc1, 0x39, 0xe8, 0x20, 0xf,
    0xf4, 0xd2, 0x0, 0x7f, 0xf0, 0x97, 0x30, 0xc0,
    0x1f, 0xfc, 0x13, 0x0, 0xff, 0xe0, 0x8c, 0x75,
    0x18, 0x7, 0xff, 0x3d, 0x2f, 0x9c, 0x40, 0x3f,
    0xf9, 0xc2, 0xfb, 0x68, 0x1, 0xff, 0xcf, 0x39,
    0xe8, 0x20, 0xf, 0xfe, 0x7a, 0xe6, 0x18, 0x3,
    0xff, 0x9e, 0x31, 0xd4, 0x60, 0x1f, 0xfc, 0xfc,
    0xae, 0x71, 0x0, 0xff, 0xe8, 0x80,

    /* U+003F "?" */
    0x0, 0xff, 0x8d, 0xa7, 0x37, 0xbf, 0xdd, 0xb7,
    0x2c, 0x40, 0x1f, 0xfc, 0x52, 0x8e, 0xc9, 0x63,
    0x21, 0x0, 0x9, 0x23, 0x4e, 0xe9, 0x80, 0x3f,
    0xf8, 0x23, 0x3a, 0xe2, 0x1, 0xff, 0xc2, 0x29,
    0xe6, 0x0, 0xff, 0x2f, 0xb0, 0x7, 0xff, 0x1c,
    0x66, 0xc0, 0x3f, 0x3d, 0x8, 0x7, 0xff, 0x29,
    0x30, 0x3, 0xcd, 0x0, 0x1f, 0xfc, 0xd3, 0x90,
    0xc, 0x52, 0x1, 0xff, 0xcf, 0x64, 0x0, 0xb8,
    0x3, 0xff, 0x80, 0x6a, 0xa4, 0x20, 0xf, 0xfe,
    0x4, 0x0, 0xc, 0xc0, 0x1f, 0xc5, 0x7f, 0x95,
    0x4b, 0xde, 0x80, 0xf, 0xf1, 0x90, 0x48, 0x7,
    0xf3, 0x6a, 0x0, 0x78, 0x5f, 0x44, 0x3, 0xf9,
    0x41, 0x40, 0x3f, 0x24, 0x80, 0x7f, 0x8b, 0x40,
    0x3f, 0xb4, 0xc0, 0x3f, 0xa0, 0x3, 0xff, 0x80,
    0x66, 0x0, 0xfc, 0x2c, 0x1, 0xf8, 0x8c, 0x3,
    0xff, 0x82, 0x80, 0x1f, 0x9c, 0xc0, 0x3f, 0x20,
    0x7, 0xff, 0xb, 0xc0, 0x3f, 0x38, 0x80, 0x7e,
    0xe0, 0xf, 0xfe, 0x17, 0x80, 0x7e, 0x12, 0x0,
    0xff, 0xe5, 0x98, 0x7, 0xe2, 0x76, 0x6f, 0xc6,
    0x1, 0xff, 0xc1, 0x24, 0x0, 0xfd, 0x85, 0x33,
    0xf9, 0x0, 0x3f, 0xf8, 0x3c, 0x1, 0xfc, 0x80,
    0x1f, 0xfc, 0xaa, 0x30, 0xf, 0xcc, 0x1, 0xff,
    0xca, 0xb5, 0x0, 0xfe, 0xb0, 0xf, 0xfe, 0x41,
    0x6a, 0x0, 0x7f, 0x41, 0x0, 0x7f, 0xf1, 0xd3,
    0x48, 0x3, 0xf9, 0x1c, 0x3, 0xff, 0x8e, 0xf6,
    0x1, 0xfe, 0x4b, 0x0, 0xff, 0xe3, 0xbc, 0x0,
    0x7f, 0x92, 0xc0, 0x3f, 0xf8, 0xeb, 0x0, 0x1f,
    0xe7, 0xb0, 0xf, 0xfe, 0x38, 0xd0, 0x7, 0xfa,
    0xa0, 0x3, 0xff, 0x91, 0x60, 0x1f, 0xc5, 0xaa,
    0x1, 0xff, 0xc8, 0x15, 0x0, 0xfc, 0x7a, 0x40,
    0x1f, 0xfc, 0x97, 0x0, 0xfc, 0x78, 0x1, 0xff,
    0xcb, 0xc0, 0xf, 0xdc, 0x1, 0xff, 0xcc, 0x60,
    0xf, 0x98, 0x80, 0x3f, 0xf9, 0x82, 0x1, 0xf6,
    0x80, 0x7f, 0xf3, 0x4c, 0x3, 0xe6, 0x0, 0xff,
    0xea, 0x98, 0x7, 0xff, 0xbe, 0x62, 0x3e, 0x10,
    0xf, 0xfe, 0x6b, 0xbf, 0xe0, 0xf, 0xff, 0xf8,
    0x7, 0xff, 0xa1, 0x7f, 0xff, 0x38, 0x7, 0xff,
    0xfc, 0x3, 0xff, 0xfe, 0x1, 0xff, 0xff, 0x0,
    0xff, 0xf7, 0x80,

    /* U+0040 "@" */
    0x0, 0xff, 0xea, 0x8, 0x80, 0x3f, 0xfd, 0x24,
    0xb1, 0x59, 0xdf, 0xf7, 0x73, 0xfe, 0xdc, 0xa8,
    0x52, 0x0, 0xff, 0xee, 0x13, 0xdf, 0x6d, 0x3a,
    0x98, 0x80, 0x7e, 0x23, 0x57, 0xad, 0xfb, 0x72,
    0x0, 0xff, 0xea, 0x8b, 0xe6, 0xc2, 0x8, 0x7,
    0xff, 0x25, 0x23, 0x71, 0x80, 0x3f, 0xfa, 0x25,
    0x3d, 0x6, 0x1, 0xff, 0xd0, 0x39, 0xf8, 0x10,
    0xf, 0xfe, 0x6c, 0x6b, 0x0, 0x7f, 0xf5, 0x9f,
    0xdc, 0x3, 0xff, 0x94, 0x9c, 0xe0, 0x1f, 0xe2,
    0x57, 0xac, 0xde, 0xe7, 0xfb, 0xb9, 0xb7, 0x2e,
    0x82, 0x1, 0xfc, 0x31, 0x84, 0x1, 0xff, 0xc7,
    0x9b, 0x10, 0xf, 0xcb, 0x5d, 0xb5, 0xa, 0x64,
    0x22, 0x0, 0x8, 0x89, 0x1a, 0x2f, 0xb6, 0xc,
    0x3, 0xf1, 0xea, 0x80, 0x7f, 0xf1, 0x71, 0x80,
    0x3e, 0x29, 0xea, 0x51, 0x0, 0xff, 0xe3, 0x13,
    0xe7, 0x38, 0x7, 0xea, 0x70, 0xf, 0xfe, 0x10,
    0xe9, 0x80, 0x78, 0x6b, 0x58, 0x40, 0x3f, 0xf9,
    0x83, 0x1c, 0xe0, 0x1f, 0x43, 0x80, 0x7f, 0xf0,
    0x74, 0x80, 0x3c, 0xfc, 0xa0, 0x1f, 0xfd, 0x11,
    0x8d, 0x30, 0xf, 0x42, 0x80, 0x7f, 0xd6, 0x60,
    0x1c, 0x37, 0x0, 0x1f, 0xfd, 0x52, 0xc5, 0x0,
    0xf5, 0x10, 0x7, 0xf3, 0xa0, 0x7, 0x16, 0x20,
    0x7, 0xff, 0x62, 0x98, 0x3, 0xdc, 0x1, 0xf8,
    0xa0, 0x3, 0x87, 0xc8, 0x3, 0xff, 0x80, 0x2b,
    0x39, 0xdf, 0xf7, 0x6d, 0xca, 0x80, 0x7f, 0xf0,
    0x65, 0x40, 0x38, 0xd8, 0x3, 0xee, 0x0, 0xf6,
    0x10, 0x7, 0xfc, 0x97, 0xd4, 0xc6, 0x20, 0x10,
    0x92, 0x35, 0x7c, 0x90, 0x7, 0xfd, 0x46, 0x1,
    0xd0, 0x1, 0xe5, 0x30, 0xe, 0x92, 0x0, 0xff,
    0xd, 0x5a, 0x0, 0x7f, 0xf0, 0x9b, 0x58, 0x3,
    0xfe, 0xe0, 0xe, 0x16, 0x0, 0xe8, 0x0, 0xe4,
    0x60, 0xf, 0xf1, 0x62, 0x80, 0x7f, 0xf1, 0xa6,
    0x0, 0x3f, 0xc4, 0xc0, 0x1d, 0x40, 0x19, 0x8,
    0x3, 0xa8, 0x3, 0xfe, 0xf2, 0x0, 0xff, 0xe4,
    0x3a, 0x80, 0x7f, 0xa0, 0x3, 0x8c, 0x80, 0x2e,
    0x0, 0xe6, 0x10, 0xf, 0xf4, 0x90, 0x7, 0xff,
    0x2a, 0xc0, 0x3f, 0xc2, 0xc0, 0x1d, 0x40, 0x1,
    0x50, 0xe, 0x80, 0xf, 0xf0, 0xb0, 0x7, 0xe4,
    0x9c, 0xdd, 0x5b, 0x88, 0x7, 0xc2, 0xa0, 0x1f,
    0xed, 0x0, 0xe4, 0x0, 0x38, 0x7, 0x28, 0x80,
    0x7f, 0x90, 0x3, 0xf5, 0xd9, 0x8c, 0x88, 0x91,
    0x84, 0x1, 0xf7, 0x80, 0x7f, 0x90, 0x40, 0x31,
    0x80, 0x30, 0x3, 0xbc, 0x3, 0xfe, 0xd0, 0xf,
    0xa5, 0x0, 0x3e, 0x29, 0x0, 0xf9, 0xc0, 0x3f,
    0xe5, 0x0, 0xe3, 0x4, 0x0, 0xe5, 0x0, 0xff,
    0x84, 0x3, 0xe7, 0x0, 0xfe, 0x40, 0xf, 0x88,
    0x3, 0xfe, 0x30, 0xe, 0x61, 0x10, 0x6, 0x40,
    0xf, 0xfe, 0x40, 0x80, 0x7f, 0x8c, 0x3, 0xff,
    0x8d, 0xa0, 0x1c, 0x4a, 0x1, 0xc6, 0x1, 0xff,
    0xc0, 0x9f, 0xff, 0x80, 0x3f, 0xe7, 0x0, 0xf8,
    0x40, 0x3f, 0xcc, 0x1, 0xdc, 0x40, 0x1d, 0xa0,
    0x1f, 0xfe, 0x61, 0x0, 0xf7, 0x0, 0x73, 0x0,
    0x7f, 0xf9, 0x8c, 0x3, 0x8c, 0x80, 0x38, 0xc0,
    0x3f, 0xf9, 0x82, 0x6a, 0xcc, 0x77, 0x30, 0x7,
    0xff, 0x18, 0x40, 0x38, 0x44, 0x1, 0xff, 0xcd,
    0x26, 0x9d, 0xfe, 0xca, 0x99, 0x44, 0x8, 0x3,
    0xff, 0x8c, 0x20, 0x1c, 0x2e, 0x1, 0x84, 0x3,
    0xff, 0x8a, 0x2d, 0x9b, 0x2c, 0x40, 0x1f, 0xfd,
    0xb3, 0x0, 0xff, 0xe2, 0x3f, 0x49, 0x80, 0x7f,
    0xf4, 0xcc, 0x3, 0x8c, 0x40, 0x3f, 0xf8, 0xe3,
    0x90, 0x1, 0xff, 0xd6, 0x10, 0xe, 0xe1, 0x0,
    0xff, 0xe3, 0xe, 0x18, 0x7, 0xff, 0x5d, 0x80,
    0x38, 0x40, 0x3f, 0xf8, 0xf4, 0x40, 0x1f, 0xc8,
    0xf3, 0x7b, 0xdc, 0xf4, 0x0, 0xff, 0xe3, 0x68,
    0x7, 0x2b, 0x80, 0x63, 0x0, 0xff, 0xe0, 0x22,
    0x0, 0x3e, 0x18, 0xeb, 0x86, 0x42, 0x11, 0x0,
    0x7f, 0xf2, 0xc, 0x3, 0x8c, 0x40, 0x30, 0x80,
    0x7f, 0xf0, 0x38, 0x3, 0xe2, 0xf7, 0x10, 0xf,
    0xce, 0x1, 0xff, 0xc6, 0x50, 0xc, 0x60, 0x60,
    0x1c, 0x20, 0x1f, 0xf2, 0x80, 0x7d, 0xe2, 0x1,
    0xfe, 0x20, 0xf, 0xfe, 0x2a, 0x8, 0x6, 0x40,
    0xe0, 0xe, 0x20, 0xf, 0xf1, 0x0, 0x7c, 0x64,
    0x1, 0xfe, 0x11, 0x0, 0x7f, 0xf1, 0x7c, 0x3,
    0xa8, 0x8, 0x3, 0x94, 0x3, 0xfc, 0x20, 0x1f,
    0x30, 0x7, 0xfc, 0xc0, 0x1f, 0xfc, 0x53, 0x40,
    0xc, 0x64, 0xe, 0x1, 0xdc, 0x1, 0xfe, 0x70,
    0xf, 0x84, 0x3, 0xfe, 0x90, 0xf, 0xfe, 0x2f,
    0x80, 0x74, 0x80, 0x8, 0x3, 0x90, 0x3, 0xfc,
    0xe0, 0x1f, 0x20, 0x80, 0x7f, 0x58, 0x80, 0x7e,
    0x30, 0xf, 0xa4, 0xc0, 0x31, 0x28, 0x4, 0x60,
    0x18, 0xc4, 0x3, 0xf8, 0x80, 0x3f, 0x50, 0x7,
    0xc5, 0x88, 0x1, 0xfc, 0xe0, 0x1e, 0xa6, 0x0,
    0xe9, 0x0, 0xd6, 0x1, 0xc8, 0x1, 0xfc, 0x22,
    0x0, 0xf9, 0x3a, 0x15, 0x15, 0xef, 0x4c, 0x3,
    0xfd, 0x6a, 0x20, 0x4f, 0xca, 0x1, 0xce, 0x80,
    0x19, 0x0, 0x3a, 0x40, 0x3f, 0xce, 0x1, 0xf8,
    0x5e, 0xae, 0xa1, 0x0, 0x3f, 0xf8, 0x3, 0x5d,
    0xfb, 0x2, 0x1, 0xc9, 0x0, 0x1c, 0x62, 0x1,
    0x8c, 0x80, 0x3f, 0xac, 0x3, 0xff, 0x8e, 0x82,
    0x1, 0xff, 0xc5, 0x3b, 0x0, 0xf9, 0x80, 0x3a,
    0x0, 0x3f, 0x8a, 0x80, 0x3f, 0xf8, 0xa9, 0x76,
    0x0, 0xff, 0xe2, 0x2e, 0x0, 0x7e, 0x90, 0xe,
    0x53, 0x0, 0xfe, 0x59, 0x0, 0xff, 0xe1, 0xbd,
    0x82, 0xb8, 0x7, 0xff, 0x4, 0x6a, 0x80, 0x1f,
    0xc2, 0xc0, 0x1d, 0xc0, 0x1f, 0xe6, 0xd5, 0x0,
    0xff, 0x93, 0x60, 0x2, 0x8a, 0x10, 0xf, 0xe2,
    0x8e, 0x50, 0xf, 0xfa, 0xc0, 0x38, 0xa4, 0x3,
    0xfc, 0x55, 0xd2, 0xc6, 0x44, 0x34, 0x69, 0xeb,
    0x20, 0xe, 0x5e, 0xa5, 0x32, 0x21, 0xac, 0x66,
    0xb8, 0x7, 0xff, 0x4, 0xa0, 0x3, 0x99, 0xc0,
    0x3f, 0xe1, 0x69, 0xcd, 0xd6, 0x5c, 0xb0, 0x80,
    0x7f, 0x2d, 0x66, 0xeb, 0x29, 0xcc, 0x3, 0xff,
    0x88, 0xe6, 0x1, 0xd0, 0xe0, 0x1f, 0xfe, 0xce,
    0x10, 0xe, 0x89, 0x0, 0xff, 0xf5, 0x96, 0x80,
    0x79, 0xb5, 0x0, 0x3f, 0xfd, 0x47, 0x60, 0x1e,
    0x2b, 0xc5, 0x0, 0xff, 0xe6, 0x88, 0x7, 0xff,
    0x3d, 0x30, 0x40, 0x3c, 0x75, 0xd2, 0x80, 0x1f,
    0xfc, 0x62, 0x6a, 0xe6, 0x0, 0xff, 0xe8, 0x1f,
    0x98, 0x7, 0xc2, 0xd7, 0xf9, 0x2e, 0xa8, 0x44,
    0x11, 0x11, 0xa3, 0x45, 0xef, 0xec, 0xa8, 0x80,
    0x7f, 0xf4, 0x87, 0x20, 0x40, 0x3f, 0x8d, 0xa2,
    0xaf, 0x75, 0xdc, 0xdc, 0xb9, 0x74, 0x20, 0xf,
    0xfe, 0xcb, 0xfb, 0x80, 0x7f, 0xfc, 0x86, 0x3a,
    0x4c, 0x3, 0xff, 0xe2, 0x2d, 0x9b, 0x8, 0x1,
    0xff, 0xc8, 0x25, 0xa6, 0x0, 0xff, 0xec, 0x93,
    0xdf, 0xe5, 0x3a, 0x99, 0x8, 0x80, 0x21, 0x24,
    0x68, 0xac, 0xfd, 0xa5, 0x10, 0xf, 0xfe, 0x40,

    /* U+0041 "A" */
    0x0, 0xff, 0xe3, 0x17, 0xff, 0xfd, 0x60, 0x1f,
    0xfd, 0x9a, 0x0, 0xff, 0x90, 0x40, 0x3f, 0xfb,
    0xc, 0x1, 0xff, 0xc0, 0x60, 0xf, 0xfe, 0xba,
    0x8, 0x7, 0xff, 0x2, 0x80, 0x3f, 0xfa, 0xfe,
    0x1, 0xff, 0xc1, 0x24, 0x0, 0xff, 0xea, 0x8a,
    0x0, 0x7f, 0xf0, 0xb8, 0x3, 0xff, 0xaa, 0xc0,
    0x1f, 0xfc, 0x35, 0x10, 0xf, 0xfe, 0xa5, 0x0,
    0x7f, 0xf1, 0x1c, 0x3, 0xff, 0xa6, 0x64, 0x1,
    0xf5, 0x80, 0x7e, 0xa0, 0xf, 0xfe, 0x9d, 0x0,
    0x7c, 0x48, 0x60, 0x1f, 0x19, 0x80, 0x3f, 0xfa,
    0x4c, 0x1, 0xf2, 0x85, 0x80, 0x7e, 0xa0, 0xf,
    0xfe, 0x8b, 0x0, 0x7e, 0xb0, 0x50, 0xf, 0xce,
    0x1, 0xff, 0xd1, 0xa0, 0xf, 0x84, 0xc0, 0x88,
    0x1, 0xf0, 0xa8, 0x7, 0xff, 0x3c, 0x8c, 0x3,
    0xe7, 0x0, 0x94, 0x3, 0xf7, 0x0, 0x7f, 0xf3,
    0xe8, 0x3, 0xf5, 0x0, 0x54, 0x1, 0xf9, 0x8,
    0x3, 0xff, 0x9c, 0xc0, 0x1f, 0x11, 0x80, 0x44,
    0x40, 0xf, 0xd4, 0x1, 0xff, 0xcd, 0x51, 0x0,
    0xf9, 0x40, 0x3a, 0x80, 0x3f, 0x30, 0x7, 0xff,
    0x37, 0x80, 0x3f, 0x50, 0x7, 0x30, 0x7, 0xe1,
    0x40, 0xf, 0xfe, 0x58, 0xa0, 0x7, 0xc6, 0x40,
    0x1c, 0x28, 0x1, 0xfb, 0x80, 0x3f, 0xf9, 0x6c,
    0x1, 0xfa, 0x80, 0x3e, 0xe0, 0xf, 0xca, 0x20,
    0x1f, 0xfc, 0xaa, 0x0, 0xfc, 0xe0, 0x1f, 0x28,
    0x80, 0x7e, 0x60, 0xf, 0xfe, 0x49, 0x90, 0x7,
    0xca, 0x20, 0x1f, 0x9c, 0x3, 0xf5, 0x0, 0x7f,
    0xf2, 0x64, 0x3, 0xf7, 0x0, 0x7f, 0x50, 0x7,
    0xe2, 0x30, 0xf, 0xfe, 0x42, 0x80, 0x7c, 0x28,
    0x1, 0xfc, 0x64, 0x1, 0xfa, 0x80, 0x3f, 0xf8,
    0xec, 0x1, 0xf9, 0xc0, 0x3f, 0xea, 0x0, 0xfc,
    0xc0, 0x1f, 0xfc, 0x7a, 0x0, 0xfd, 0x40, 0x1f,
    0xf2, 0x80, 0x7f, 0x30, 0x7, 0xff, 0x14, 0x8c,
    0x3, 0xe2, 0x30, 0xf, 0xf8, 0x8c, 0x3, 0xf5,
    0x0, 0x7f, 0xf1, 0x68, 0x3, 0xf5, 0x0, 0x7f,
    0xf0, 0x68, 0x3, 0xf1, 0x90, 0x7, 0xff, 0x11,
    0x80, 0x3f, 0x30, 0x7, 0xff, 0x5, 0x80, 0x3f,
    0xa8, 0x3, 0xff, 0x86, 0xa2, 0x1, 0xf2, 0x8,
    0x7, 0xff, 0x9, 0x40, 0x3f, 0x30, 0x7, 0xff,
    0xf, 0x80, 0x3f, 0x2e, 0x67, 0xff, 0xd, 0xc0,
    0x3f, 0xa, 0x80, 0x7f, 0xf0, 0x45, 0x0, 0x3f,
    0x9, 0x9f, 0xff, 0xc, 0x80, 0x3f, 0xb8, 0x3,
    0xff, 0x82, 0xc0, 0x1f, 0xfd, 0x74, 0x10, 0xf,
    0xfe, 0x5, 0x0, 0x7f, 0xf6, 0x18, 0x3, 0xfe,
    0x42, 0x0, 0xff, 0xec, 0x50, 0x7, 0xfd, 0xc0,
    0x1f, 0xfd, 0x92, 0x30, 0xf, 0xe1, 0x50, 0xf,
    0xfe, 0xd4, 0x80, 0x7f, 0x38, 0x7, 0xff, 0x6d,
    0x40, 0x3f, 0xa8, 0x3, 0xf4, 0xff, 0xff, 0xf2,
    0x6c, 0x3, 0xf9, 0x80, 0x3e, 0x23, 0x0, 0xfc,
    0xc0, 0x1f, 0xfc, 0x94, 0x10, 0xf, 0xd4, 0x1,
    0xf5, 0x80, 0x7e, 0x50, 0xf, 0xfe, 0x5b, 0x0,
    0x7e, 0x32, 0x0, 0xf3, 0x80, 0x7e, 0xe0, 0xf,
    0xfe, 0x5d, 0x0, 0x7f, 0x58, 0x7, 0x28, 0x80,
    0x7c, 0x28, 0x1, 0xff, 0xcb, 0x23, 0x0, 0xfc,
    0xe0, 0x1d, 0xc0, 0x1f, 0x9c, 0x3, 0xff, 0x9b,
    0x40, 0x1f, 0x85, 0x40, 0x21, 0x40, 0xf, 0xd4,
    0x1, 0xff, 0xcd, 0x70, 0xf, 0xee, 0x0, 0xa4,
    0x3, 0xf1, 0x18, 0x7, 0xff, 0x34, 0x50, 0x3,
    0xf2, 0x10, 0x1, 0x80, 0x3f, 0x50, 0x7, 0xff,
    0x3f, 0x80, 0x3f, 0xa8, 0x10, 0x40, 0x3f, 0x30,
    0x7, 0xff, 0x3d, 0x44, 0x3, 0xf3, 0x0, 0x1d,
    0xff, 0x48, 0x80, 0x7f, 0xf4, 0x2d, 0xdf, 0xf3,
    0x8,

    /* U+0042 "B" */
    0x9d, 0xdf, 0xfe, 0x76, 0x5c, 0x28, 0x80, 0x7f,
    0x88, 0xbf, 0xf9, 0xe6, 0x8f, 0x5d, 0x46, 0x1,
    0xff, 0xdc, 0x5c, 0xa1, 0x0, 0xff, 0xee, 0x2f,
    0x90, 0x7, 0xff, 0x70, 0x70, 0x80, 0x3f, 0xfb,
    0x83, 0xe0, 0x1f, 0xfd, 0xd2, 0x70, 0xf, 0xfe,
    0xec, 0x0, 0x7f, 0xf0, 0x27, 0xff, 0xff, 0x87,
    0xd6, 0xc0, 0x1f, 0xf2, 0x80, 0x7f, 0xf3, 0xc5,
    0x27, 0x0, 0x3f, 0xd8, 0x1, 0xff, 0xd2, 0x3a,
    0x0, 0xfe, 0x50, 0xf, 0xfe, 0x9a, 0x90, 0x7,
    0xe2, 0x0, 0xff, 0xea, 0x20, 0x7, 0xff, 0x77,
    0x80, 0x3f, 0x18, 0x7, 0xff, 0x75, 0x80, 0x3f,
    0xfa, 0x9c, 0x1, 0xf8, 0xc0, 0x3f, 0xfa, 0x88,
    0x1, 0xfa, 0xc0, 0x3f, 0xfa, 0x6a, 0x40, 0x1f,
    0x19, 0x80, 0x3f, 0xfa, 0x45, 0x60, 0x1f, 0xbc,
    0x3, 0xff, 0xa2, 0x2f, 0xa2, 0x1, 0xf3, 0x18,
    0x7, 0xff, 0x2, 0xef, 0xff, 0x89, 0xbd, 0x0,
    0x1f, 0x92, 0x40, 0x3f, 0xf8, 0x24, 0x89, 0xff,
    0xc3, 0x20, 0xf, 0xe5, 0xb0, 0xf, 0xfe, 0xd1,
    0x55, 0x0, 0x3f, 0xfb, 0x53, 0xaa, 0x1, 0xff,
    0xdb, 0x9b, 0x50, 0xf, 0xfe, 0xe2, 0x56, 0x18,
    0x7, 0xff, 0x70, 0xf1, 0x40, 0x3f, 0xfb, 0xb4,
    0xa0, 0x1f, 0xfc, 0x9, 0xff, 0xff, 0xe1, 0xf6,
    0xca, 0x0, 0x7f, 0x51, 0x0, 0x7f, 0xf3, 0xc4,
    0x9a, 0xe8, 0x3, 0xfa, 0x40, 0x3f, 0xfa, 0x6b,
    0x40, 0x1f, 0x91, 0x0, 0x1f, 0xfd, 0x35, 0x30,
    0xf, 0xdc, 0x1, 0xff, 0xd4, 0xa0, 0xf, 0xc8,
    0x1, 0xff, 0xd4, 0x50, 0xf, 0xc2, 0x20, 0xf,
    0xfe, 0x98, 0x80, 0x7f, 0x10, 0x7, 0xff, 0x75,
    0xc0, 0x3f, 0xfa, 0x6c, 0x1, 0xfc, 0xe0, 0x1f,
    0xfd, 0x3d, 0x0, 0xfe, 0x10, 0xf, 0xfe, 0x90,
    0xb0, 0x7, 0xf1, 0x0, 0x7f, 0xf4, 0x47, 0x0,
    0x3f, 0x88, 0x3, 0xff, 0xa0, 0x4f, 0xe4, 0x1,
    0xfc, 0xa0, 0x1f, 0xe8, 0xdd, 0xff, 0xe2, 0x76,
    0xc0, 0x80, 0x7f, 0xa8, 0x3, 0xfc, 0x24, 0x5f,
    0xfc, 0x41, 0x0, 0xff, 0xe0, 0x31, 0x0, 0x7f,
    0xf6, 0xc6, 0x0, 0x3f, 0xfb, 0x9a, 0x20, 0x1f,
    0xfd, 0xa1, 0xc3, 0x0, 0xff, 0xed, 0x27, 0x98,
    0x7, 0xff, 0x65, 0x2e, 0xc2, 0x1, 0xff, 0xd5,
    0x13, 0x69, 0xeb, 0x40, 0xf, 0x80,

    /* U+0043 "C" */
    0x0, 0xff, 0xe2, 0x23, 0xd6, 0x6f, 0x7f, 0xdd,
    0xb7, 0x2c, 0x40, 0x1f, 0xfc, 0xf6, 0xbf, 0xb8,
    0x53, 0x21, 0x0, 0x84, 0x91, 0xa7, 0x7a, 0x4c,
    0x3, 0xff, 0x92, 0x31, 0xd2, 0x80, 0x1f, 0xfc,
    0x41, 0x6c, 0xc2, 0x0, 0x7f, 0xf1, 0x9b, 0xdc,
    0x40, 0x3f, 0xf9, 0x27, 0x78, 0x40, 0x1f, 0xfc,
    0x21, 0xb9, 0x10, 0xf, 0xfe, 0x69, 0xea, 0x80,
    0x7f, 0xf0, 0x7, 0x10, 0x3, 0xff, 0xa3, 0x4e,
    0x1, 0xfe, 0x1f, 0x20, 0xf, 0xfe, 0x9c, 0x38,
    0x7, 0xf6, 0x8, 0x7, 0xff, 0x8, 0x48, 0xc8,
    0x40, 0x3f, 0xf8, 0x50, 0x80, 0x1f, 0x51, 0x0,
    0x7f, 0xc7, 0x19, 0xfd, 0xb9, 0xbd, 0xf6, 0xc2,
    0x1, 0xff, 0x50, 0x80, 0x72, 0x28, 0x7, 0xf8,
    0xef, 0x1c, 0xc0, 0x3e, 0x49, 0xe7, 0x0, 0xff,
    0xc, 0x80, 0x74, 0x80, 0x7f, 0xa3, 0x10, 0x3,
    0xff, 0x83, 0x18, 0x20, 0x1f, 0xce, 0x20, 0x12,
    0x90, 0x7, 0xf4, 0xb8, 0x7, 0xff, 0x10, 0xf0,
    0x40, 0x3f, 0x98, 0x2, 0x90, 0xf, 0xe7, 0x60,
    0xf, 0xfe, 0x31, 0x58, 0x7, 0xf5, 0x0, 0x8,
    0xc0, 0x3f, 0x14, 0x0, 0x7f, 0xf2, 0x14, 0xc0,
    0x3f, 0x10, 0x82, 0x80, 0x7f, 0x40, 0x7, 0xff,
    0x2a, 0x40, 0x3f, 0x94, 0x30, 0x3, 0xf0, 0xa8,
    0x7, 0xff, 0x29, 0x40, 0x3f, 0x8c, 0x10, 0x3,
    0xf3, 0x80, 0x7f, 0xf3, 0x8, 0x3, 0xf7, 0x90,
    0x7, 0xf6, 0x80, 0x7f, 0xf3, 0x18, 0x3, 0xf0,
    0xb8, 0x7, 0xf2, 0x80, 0x7f, 0xf3, 0x31, 0x57,
    0xf7, 0xe8, 0x7, 0xe1, 0x10, 0x7, 0xff, 0x31,
    0xea, 0xbf, 0x30, 0x80, 0x7e, 0x20, 0xf, 0xfe,
    0xb9, 0x0, 0x7e, 0x60, 0xf, 0xfe, 0xbb, 0x80,
    0x7e, 0x30, 0xf, 0xff, 0x0, 0x80, 0x7f, 0xf5,
    0xc4, 0x3, 0xff, 0xfe, 0x1, 0xff, 0xc2, 0x10,
    0xf, 0xff, 0x3, 0x80, 0x7e, 0x10, 0xf, 0xff,
    0x1, 0x80, 0x7f, 0xf5, 0xc4, 0x3, 0xf3, 0x0,
    0x7f, 0xf5, 0xf4, 0x3, 0xf0, 0x80, 0x7f, 0xf5,
    0xc8, 0x3, 0xf1, 0x0, 0x7f, 0xf3, 0x4a, 0x67,
    0xf3, 0x30, 0x3, 0xf9, 0x0, 0x3f, 0xf9, 0x8e,
    0xcd, 0xfb, 0xcc, 0x3, 0xfb, 0x0, 0x3f, 0xf9,
    0x84, 0x1, 0xf8, 0x40, 0xc0, 0x3f, 0x30, 0x7,
    0xff, 0x33, 0x40, 0x3f, 0x78, 0x58, 0x7, 0xe1,
    0x50, 0xf, 0xfe, 0x5a, 0x0, 0x7e, 0x30, 0x40,
    0xf, 0xe8, 0x0, 0xff, 0xe5, 0x28, 0x80, 0x7e,
    0x50, 0x33, 0x0, 0x7e, 0x28, 0x0, 0xff, 0xe4,
    0xc0, 0x7, 0xe2, 0x10, 0x5, 0x0, 0x7f, 0x3a,
    0x80, 0x7f, 0xf1, 0xe8, 0x80, 0x3f, 0x28, 0x4,
    0xc2, 0x1, 0xfd, 0x4c, 0x1, 0xff, 0xc5, 0xa5,
    0x0, 0xfe, 0xa0, 0xd, 0x60, 0x1f, 0xe9, 0xb3,
    0x0, 0xff, 0xe0, 0xa6, 0xa8, 0x7, 0xf2, 0x90,
    0x6, 0x54, 0x0, 0xff, 0x26, 0x5b, 0x10, 0x7,
    0xc6, 0xf9, 0x64, 0x1, 0xfe, 0xb0, 0xf, 0x50,
    0x80, 0x7f, 0xc9, 0x3b, 0xfb, 0xac, 0xc6, 0xfe,
    0x41, 0x80, 0x7f, 0xd4, 0x20, 0x1e, 0x1d, 0x0,
    0xff, 0xe1, 0x91, 0xc, 0xc4, 0x1, 0xff, 0xc2,
    0x65, 0x0, 0xfc, 0x76, 0x1, 0xff, 0xd4, 0x69,
    0x0, 0xff, 0x26, 0x88, 0x7, 0xff, 0x46, 0x24,
    0x3, 0xff, 0x80, 0x5c, 0xc0, 0x1f, 0xfc, 0xe2,
    0xc7, 0x0, 0xff, 0xe1, 0xce, 0xa8, 0x7, 0xff,
    0x28, 0xa7, 0x4c, 0x3, 0xff, 0x8a, 0x55, 0xd0,
    0x60, 0x1f, 0xfc, 0x41, 0x5b, 0xd6, 0x0, 0xff,
    0xe4, 0x8b, 0xe7, 0xdc, 0x29, 0x90, 0x80, 0x42,
    0x48, 0xd3, 0xbd, 0x48, 0x1, 0xff, 0x0,

    /* U+0044 "D" */
    0x9d, 0xdf, 0xfe, 0x3e, 0x5d, 0x4b, 0xa0, 0x80,
    0x7f, 0xf1, 0x8, 0xbf, 0xf9, 0x6, 0x8a, 0xd1,
    0x7d, 0xb0, 0x60, 0x1f, 0xfd, 0xc2, 0x7c, 0xd6,
    0x0, 0xff, 0xee, 0x94, 0xea, 0x0, 0x7f, 0xf7,
    0x4a, 0xe8, 0x3, 0xff, 0xbc, 0xb8, 0x20, 0x1f,
    0xfd, 0xd3, 0xc1, 0x0, 0xff, 0xee, 0x95, 0x0,
    0x7f, 0xf0, 0xa7, 0xff, 0xfd, 0xdb, 0x90, 0x80,
    0x1f, 0xfc, 0x4, 0x90, 0xf, 0xfe, 0x60, 0x91,
    0xbd, 0xfb, 0x80, 0x7f, 0xcc, 0x60, 0x1f, 0xfd,
    0x18, 0xe4, 0x0, 0xff, 0x78, 0x7, 0xff, 0x48,
    0x6d, 0x40, 0x3f, 0x8d, 0x0, 0x3f, 0xfa, 0x74,
    0x60, 0x1f, 0xde, 0x1, 0xff, 0xd4, 0xe0, 0xf,
    0xe4, 0x20, 0xf, 0xfe, 0x99, 0x40, 0x7, 0xf2,
    0x80, 0x7f, 0xf5, 0x18, 0x3, 0xfb, 0x0, 0x3f,
    0xfa, 0x82, 0xa0, 0x1f, 0x90, 0x3, 0xff, 0xab,
    0xe0, 0x1f, 0xc6, 0x1, 0xff, 0xd4, 0x40, 0xf,
    0xe6, 0x0, 0xff, 0xea, 0x8, 0x80, 0x3f, 0x10,
    0x7, 0xff, 0x54, 0x80, 0x3f, 0x70, 0x7, 0xff,
    0x55, 0x80, 0x3f, 0x18, 0x7, 0xff, 0x54, 0xc0,
    0x3f, 0x8, 0x7, 0xff, 0x79, 0xc0, 0x3f, 0xff,
    0xe0, 0x1f, 0xfe, 0x3, 0x0, 0xfc, 0xe0, 0x1f,
    0xfd, 0x51, 0x0, 0xfc, 0x20, 0x1f, 0xfd, 0x57,
    0x0, 0xff, 0xef, 0x10, 0x7, 0xed, 0x0, 0xff,
    0xea, 0x8, 0x80, 0x3f, 0x10, 0x7, 0xff, 0x51,
    0x0, 0x3f, 0x98, 0x3, 0xff, 0xa9, 0x80, 0x1f,
    0xc6, 0x1, 0xff, 0xd4, 0x60, 0xf, 0xc6, 0x1,
    0xff, 0xd4, 0x60, 0xf, 0xeb, 0x0, 0xff, 0xe9,
    0x8c, 0x0, 0x7f, 0x28, 0x7, 0xff, 0x4e, 0xc4,
    0x3, 0xf1, 0x90, 0x7, 0xff, 0x49, 0xd4, 0x3,
    0xfa, 0x40, 0x3f, 0xfa, 0x53, 0x0, 0x1f, 0xc4,
    0xa0, 0x1f, 0xfd, 0x5, 0xd6, 0x0, 0xff, 0x48,
    0x7, 0xff, 0x34, 0x52, 0x36, 0x88, 0x3, 0xfc,
    0xa8, 0x1, 0xff, 0xc0, 0x8d, 0xdf, 0xf7, 0x7f,
    0x5b, 0x90, 0x7, 0xfc, 0x54, 0x1, 0xff, 0xc1,
    0x12, 0x2f, 0xf0, 0x80, 0x7f, 0xf0, 0xc7, 0xc0,
    0x3f, 0xfb, 0x83, 0x84, 0x1, 0xff, 0xdb, 0x3f,
    0x20, 0xf, 0xfe, 0xdc, 0x60, 0x80, 0x7f, 0xf6,
    0x9b, 0x9c, 0x3, 0xff, 0xb2, 0x93, 0xf2, 0x20,
    0x1f, 0xfd, 0x31, 0x23, 0x68, 0xbf, 0xb6, 0x0,
    0xff, 0xe0, 0x80,

    /* U+0045 "E" */
    0x9d, 0xdf, 0xfe, 0xc5, 0x1, 0x17, 0xff, 0x65,
    0x80, 0x3f, 0xff, 0xe0, 0x1f, 0xff, 0xf0, 0xf,
    0xff, 0xf8, 0x7, 0xff, 0x1e, 0x7f, 0xff, 0xf9,
    0xf8, 0x1, 0xff, 0xff, 0x0, 0xff, 0xff, 0x80,
    0x7f, 0xff, 0xc0, 0x3f, 0xff, 0xe0, 0x1f, 0xff,
    0xf0, 0xf, 0xff, 0xa4, 0x6e, 0xff, 0xf3, 0x24,
    0x3, 0xff, 0x82, 0x24, 0x5f, 0xfc, 0xd0, 0xf,
    0xff, 0xf8, 0x7, 0xff, 0xfc, 0x3, 0xff, 0xfe,
    0x1, 0xff, 0xca, 0x9f, 0xff, 0xfe, 0x65, 0x80,
    0x7f, 0xff, 0xc0, 0x3f, 0xff, 0xe0, 0x1f, 0xff,
    0xf0, 0xf, 0xff, 0xf8, 0x7, 0xff, 0xfc, 0x3,
    0xff, 0xfe, 0x1, 0xff, 0xd3, 0x8d, 0xdf, 0xfe,
    0x81, 0x0, 0x7f, 0x9, 0x17, 0xff, 0x40, 0x40,
    0x3f, 0xff, 0xe0, 0x1f, 0xff, 0xf0, 0xf, 0xff,
    0xf8, 0x7, 0xf0,

    /* U+0046 "F" */
    0x9d, 0xdf, 0xfe, 0xad, 0x11, 0x7f, 0xf5, 0x9c,
    0x3, 0xff, 0xfe, 0x1, 0xff, 0xff, 0x0, 0xff,
    0xfc, 0xcf, 0xff, 0xff, 0x33, 0x40, 0x3f, 0xff,
    0xe0, 0x1f, 0xff, 0xf0, 0xf, 0xff, 0xf8, 0x7,
    0xff, 0xfc, 0x3, 0xff, 0xfe, 0x1, 0xff, 0xea,
    0x8d, 0xdf, 0xfe, 0x52, 0x0, 0x7f, 0xc2, 0x45,
    0xff, 0xca, 0x10, 0xf, 0xff, 0xf8, 0x7, 0xff,
    0xfc, 0x3, 0xff, 0xf7, 0x3f, 0xff, 0xfc, 0xa5,
    0x0, 0xff, 0xff, 0x80, 0x7f, 0xff, 0xc0, 0x3f,
    0xff, 0xe0, 0x1f, 0xff, 0xf0, 0xf, 0xff, 0xf8,
    0x7, 0xff, 0xfc, 0x3, 0xff, 0xfe, 0x1, 0xff,
    0xff, 0x0, 0xff, 0xfb, 0x80,

    /* U+0047 "G" */
    0x0, 0xff, 0xe2, 0x93, 0x45, 0x6e, 0xbb, 0xfe,
    0xed, 0xb9, 0x73, 0x0, 0xff, 0xe8, 0xa5, 0x76,
    0xcb, 0xa9, 0x10, 0x40, 0x21, 0x24, 0x68, 0xcf,
    0xc7, 0x10, 0xf, 0xfe, 0x5b, 0xf5, 0xa8, 0x80,
    0x7f, 0xf1, 0x4e, 0x3a, 0xcc, 0x3, 0xff, 0x8e,
    0xdd, 0x2, 0x1, 0xff, 0xcb, 0x4c, 0xb2, 0x0,
    0xff, 0xe1, 0x8e, 0x48, 0x80, 0x7f, 0xf3, 0xd3,
    0x58, 0x3, 0xff, 0x82, 0x5e, 0x60, 0x1f, 0xfd,
    0x39, 0x90, 0x7, 0xfc, 0x7a, 0x20, 0x1f, 0xfd,
    0x56, 0xa0, 0xf, 0xe1, 0xd0, 0xf, 0xfe, 0x21,
    0x10, 0xc8, 0x40, 0x3f, 0xf8, 0x6b, 0x0, 0x1f,
    0xb0, 0x40, 0x3f, 0xe1, 0x6b, 0xef, 0xdd, 0x66,
    0xf7, 0xe4, 0x98, 0x7, 0xff, 0x1, 0xcc, 0x3,
    0xce, 0x40, 0x1f, 0xe2, 0xae, 0x94, 0x10, 0xf,
    0x8d, 0xb3, 0x54, 0x3, 0xfe, 0xe0, 0xe, 0x28,
    0x0, 0xff, 0x3e, 0xa8, 0x7, 0xff, 0x8, 0xab,
    0x4, 0x3, 0xf8, 0x94, 0x3, 0x58, 0x7, 0xfa,
    0xa0, 0x3, 0xff, 0x8c, 0x78, 0x20, 0x1f, 0xd2,
    0x1, 0xb, 0x0, 0x7f, 0x4a, 0x80, 0x7f, 0xf2,
    0xb, 0x40, 0x3f, 0x8c, 0x40, 0xc, 0x1, 0xfc,
    0xac, 0x1, 0xff, 0xca, 0x36, 0x0, 0xfe, 0x50,
    0x5, 0x0, 0x7f, 0x58, 0x7, 0xff, 0x32, 0xc0,
    0x3f, 0x8c, 0x4, 0x80, 0x3f, 0x30, 0x80, 0x7f,
    0xf3, 0x8, 0x40, 0x3f, 0x70, 0x20, 0x7, 0xf5,
    0x0, 0x7f, 0xf3, 0x94, 0x3, 0xf1, 0x86, 0x0,
    0x7e, 0x13, 0x0, 0xff, 0xe7, 0x4d, 0xdf, 0xe8,
    0x5, 0x0, 0xfc, 0x80, 0x1f, 0xfc, 0xf2, 0x44,
    0xfc, 0x40, 0x40, 0x1f, 0xb4, 0x3, 0xff, 0xb4,
    0x20, 0x1f, 0x88, 0x3, 0xff, 0xb2, 0x40, 0x1f,
    0xcc, 0x1, 0xff, 0xd9, 0x10, 0xf, 0xe1, 0x0,
    0xff, 0xf1, 0x98, 0x7, 0xff, 0x2, 0xfb, 0xbf,
    0xf9, 0x74, 0xe0, 0x1f, 0xfc, 0xa7, 0x11, 0xff,
    0xe6, 0x0, 0x7f, 0xff, 0xc0, 0x3f, 0xf9, 0x2e,
    0x1, 0xfc, 0x60, 0x1f, 0xfd, 0x91, 0x0, 0xfe,
    0x10, 0xf, 0xfe, 0xc9, 0x80, 0x7f, 0x30, 0x7,
    0xff, 0x64, 0x40, 0x3f, 0x88, 0x3, 0xff, 0xb4,
    0x40, 0x1f, 0xb8, 0x3, 0xff, 0x81, 0x9f, 0xff,
    0xfc, 0x28, 0x0, 0xff, 0x38, 0x7, 0xe4, 0x0,
    0xff, 0xe7, 0xf8, 0x7, 0xfb, 0x40, 0x3f, 0x10,
    0x80, 0x7f, 0xf3, 0x8c, 0x3, 0xfc, 0x80, 0x1f,
    0xcc, 0x1, 0xff, 0xce, 0x50, 0xf, 0xf1, 0x80,
    0x7f, 0x48, 0x7, 0xff, 0x35, 0x44, 0x3, 0xfe,
    0x50, 0xf, 0xc2, 0xc0, 0x1f, 0xfc, 0xc8, 0x0,
    0xff, 0xe0, 0x70, 0x7, 0xf4, 0x90, 0x7, 0xff,
    0x2a, 0x8, 0x3, 0xff, 0x80, 0x84, 0x1, 0xfd,
    0xe2, 0x1, 0xff, 0xc8, 0x67, 0x0, 0xff, 0xe1,
    0x58, 0x7, 0xf1, 0x61, 0x80, 0x7f, 0xf1, 0xa2,
    0x40, 0x3f, 0xf8, 0x6c, 0x40, 0x1f, 0xc5, 0x90,
    0x20, 0x1f, 0xfc, 0x25, 0xd7, 0x0, 0xff, 0xe2,
    0xf0, 0x7, 0xfc, 0xfd, 0x4c, 0x40, 0x1f, 0xa,
    0xcf, 0x51, 0x0, 0x7f, 0xf1, 0x8e, 0x0, 0x3f,
    0xf8, 0xb, 0x3b, 0xfb, 0xac, 0xc6, 0xff, 0x53,
    0x8, 0x7, 0xff, 0x25, 0xd8, 0x3, 0xff, 0x86,
    0x44, 0x33, 0x10, 0x7, 0xff, 0x3e, 0x5c, 0x3,
    0xff, 0xa6, 0xce, 0x1, 0xff, 0xc2, 0x89, 0x0,
    0xff, 0xe8, 0xc4, 0xe8, 0x7, 0xff, 0xd, 0xb5,
    0x0, 0x3f, 0xf9, 0xa5, 0x8e, 0xc, 0x1, 0xff,
    0xc4, 0x2b, 0xb1, 0x80, 0x7f, 0xf2, 0x46, 0x34,
    0xc0, 0x4, 0x1, 0xff, 0xc6, 0x4c, 0xd7, 0x20,
    0xf, 0xfe, 0x21, 0xcf, 0x38, 0x6, 0x11, 0x0,
    0x7f, 0xf1, 0xca, 0x37, 0x54, 0xe8, 0x62, 0x1,
    0x84, 0x91, 0xeb, 0xb1, 0x80, 0x3e, 0xcd, 0xde,
    0xa0,

    /* U+0048 "H" */
    0x47, 0x7f, 0xc6, 0x1, 0xff, 0xc9, 0x17, 0x7f,
    0xcd, 0xf1, 0x1f, 0x94, 0x3, 0xff, 0x92, 0x51,
    0x1f, 0xc0, 0x1f, 0xff, 0xf0, 0xf, 0xff, 0xf8,
    0x7, 0xff, 0xfc, 0x3, 0xff, 0xfe, 0x1, 0xff,
    0xff, 0x0, 0xff, 0xff, 0x80, 0x7f, 0xff, 0xc0,
    0x3f, 0xff, 0xe0, 0x1f, 0xff, 0xf0, 0xf, 0xff,
    0xe4, 0xf7, 0x7f, 0xf2, 0x74, 0x3, 0xff, 0x8e,
    0x23, 0xff, 0xca, 0x0, 0xff, 0xff, 0x80, 0x7f,
    0xff, 0xc0, 0x3f, 0xff, 0xe0, 0x1f, 0xfd, 0xb9,
    0xff, 0xff, 0xe4, 0xe0, 0x7, 0xff, 0xfc, 0x3,
    0xff, 0xfe, 0x1, 0xff, 0xff, 0x0, 0xff, 0xff,
    0x80, 0x7f, 0xff, 0xc0, 0x3f, 0xff, 0xe0, 0x1f,
    0xff, 0xf0, 0xf, 0xff, 0xf8, 0x7, 0xff, 0xfc,
    0x3, 0xff, 0xfe, 0x1, 0xff, 0xff, 0x0, 0xc0,

    /* U+0049 "I" */
    0x47, 0x7f, 0xc7, 0xf1, 0x1f, 0x94, 0x3, 0xff,
    0xfe, 0x1, 0xff, 0xff, 0x0, 0xff, 0xff, 0x80,
    0x7f, 0xff, 0xc0, 0x3f, 0xff, 0xe0, 0x1f, 0xff,
    0xf0, 0xf, 0xfe, 0x40,

    /* U+004A "J" */
    0x0, 0xff, 0xe6, 0x14, 0x47, 0xe7, 0x0, 0xff,
    0xe6, 0x33, 0xbf, 0xe9, 0x0, 0xff, 0xff, 0x80,
    0x7f, 0xff, 0xc0, 0x3f, 0xff, 0xe0, 0x1f, 0xff,
    0xf0, 0xf, 0xff, 0xf8, 0x7, 0xff, 0xfc, 0x3,
    0xff, 0xfe, 0x1, 0xff, 0xff, 0x0, 0xff, 0xff,
    0x80, 0x7f, 0xff, 0xc0, 0x3f, 0xff, 0xe0, 0x1f,
    0xff, 0xf0, 0xf, 0xff, 0xf8, 0x7, 0xff, 0xfc,
    0x3, 0x3f, 0xff, 0xe8, 0x0, 0xff, 0xe1, 0x8,
    0x7, 0xe3, 0x0, 0xff, 0xe6, 0x18, 0x7, 0xff,
    0x57, 0x80, 0x3f, 0x30, 0x7, 0xf0, 0x80, 0x7f,
    0xf0, 0x8c, 0x3, 0xf1, 0x8, 0x7, 0xe2, 0x0,
    0xff, 0xe0, 0x8a, 0x0, 0x7e, 0xe2, 0x0, 0xfc,
    0x82, 0x1, 0xff, 0xc0, 0x60, 0xf, 0xe4, 0x50,
    0xf, 0xe8, 0x0, 0xff, 0x86, 0x0, 0x3f, 0x8c,
    0x48, 0x3, 0xf3, 0x38, 0x7, 0xf0, 0xe0, 0x7,
    0xf2, 0x80, 0x14, 0x3, 0xfa, 0x31, 0x40, 0x38,
    0x5f, 0xc8, 0x3, 0xfa, 0x40, 0x12, 0x1, 0xfe,
    0x3a, 0xfe, 0xcc, 0x77, 0x20, 0x40, 0x3f, 0x8c,
    0xc0, 0x1, 0x70, 0xf, 0xfe, 0x0, 0x99, 0x84,
    0x3, 0xff, 0x81, 0xc0, 0x1a, 0x8, 0x3, 0xff,
    0x9d, 0x4, 0x1, 0xde, 0x40, 0x1f, 0xfc, 0xc6,
    0x70, 0xf, 0x16, 0x18, 0x7, 0xff, 0x29, 0xe4,
    0x3, 0xf0, 0xe4, 0x0, 0x7f, 0xf1, 0xca, 0xe0,
    0x3, 0xfe, 0x7e, 0x82, 0x0, 0xff, 0xe1, 0x14,
    0xea, 0x0, 0x7f, 0xf0, 0x45, 0xf7, 0x52, 0xc8,
    0x42, 0x1, 0x9, 0xb4, 0xee, 0x98, 0x3, 0xf0,

    /* U+004B "K" */
    0x47, 0x7f, 0xc6, 0x1, 0xff, 0xc8, 0x37, 0x7f,
    0xf2, 0x7, 0xc4, 0x7e, 0x50, 0xf, 0xfe, 0x39,
    0xe4, 0x47, 0xf5, 0x28, 0x7, 0xff, 0x44, 0xf0,
    0x3, 0xf8, 0xb0, 0x40, 0x3f, 0xfa, 0x5, 0xa0,
    0x1f, 0xc3, 0xe2, 0x1, 0xff, 0xd0, 0x2c, 0x10,
    0xf, 0xc3, 0x84, 0x1, 0xff, 0xd0, 0x1c, 0x10,
    0xf, 0xed, 0x20, 0xf, 0xfe, 0x80, 0xe0, 0x80,
    0x7f, 0x61, 0x80, 0x7f, 0xf4, 0x7, 0x8, 0x3,
    0xfa, 0xcc, 0x3, 0xff, 0xa3, 0xa4, 0x1, 0xfd,
    0x68, 0x1, 0xff, 0xd1, 0xb3, 0x0, 0xfe, 0xa4,
    0x0, 0xff, 0xe8, 0xda, 0x0, 0x7f, 0x4a, 0x80,
    0x7f, 0xf4, 0x69, 0x0, 0x3f, 0xa1, 0x80, 0x3f,
    0xfa, 0x32, 0xa0, 0x1f, 0xd0, 0xe0, 0x1f, 0xfd,
    0x19, 0x60, 0xf, 0xe7, 0x70, 0x7, 0xff, 0x46,
    0x18, 0x3, 0xf9, 0xa0, 0x3, 0xff, 0xa2, 0xee,
    0x0, 0xfe, 0x59, 0x0, 0xff, 0xe8, 0xb4, 0x0,
    0x7f, 0x2d, 0x0, 0x7f, 0xf4, 0x56, 0x40, 0x3f,
    0x92, 0x80, 0x3f, 0xfa, 0x2b, 0x40, 0x1f, 0xc7,
    0x60, 0x1f, 0xfd, 0x14, 0xa0, 0xf, 0xe3, 0xc0,
    0xf, 0xfe, 0x89, 0xd8, 0x7, 0xfa, 0x80, 0x3f,
    0xfa, 0x27, 0x80, 0x1f, 0xf4, 0x88, 0x7, 0xff,
    0x3f, 0xf4, 0x3, 0xff, 0x83, 0x40, 0x1f, 0xfc,
    0xf6, 0x10, 0xf, 0xfe, 0xa, 0x30, 0x7, 0xff,
    0x7a, 0x44, 0x3, 0xff, 0xbd, 0x40, 0x1f, 0xfd,
    0x41, 0x10, 0x7, 0xe4, 0x50, 0xf, 0xfe, 0x90,
    0xe4, 0x0, 0x7f, 0x58, 0x80, 0x7f, 0xf4, 0xb,
    0xc9, 0x90, 0x3, 0xf0, 0xd8, 0x7, 0xff, 0x3d,
    0x34, 0x40, 0x12, 0x1, 0xfc, 0xaa, 0x0, 0xff,
    0xe6, 0xad, 0x80, 0x62, 0x80, 0xf, 0xeb, 0x10,
    0xf, 0xfe, 0x5b, 0xd0, 0x7, 0x9c, 0xc0, 0x3f,
    0xd, 0x80, 0x7f, 0xf2, 0xa6, 0x0, 0x3f, 0x78,
    0x7, 0xf2, 0xa8, 0x3, 0xff, 0x90, 0xec, 0x1,
    0xfc, 0x6e, 0x1, 0xfd, 0x62, 0x1, 0xff, 0xc7,
    0xe0, 0xf, 0xfa, 0x8, 0x3, 0xf0, 0xd8, 0x7,
    0xff, 0x52, 0x40, 0x3f, 0x95, 0x0, 0x3f, 0xfa,
    0x68, 0xc0, 0x1f, 0xd4, 0x1, 0xff, 0xd4, 0x81,
    0x0, 0xfc, 0x32, 0x1, 0xff, 0xd3, 0x1b, 0x0,
    0xfe, 0x64, 0x0, 0xff, 0xe9, 0xaa, 0x80, 0x3f,
    0xa8, 0x3, 0xff, 0xa9, 0x60, 0x1f, 0xc3, 0x20,
    0x1f, 0xfd, 0x31, 0x90, 0xf, 0xe6, 0x40, 0xf,
    0xfe, 0x9b, 0x18, 0x7, 0xf4, 0x80, 0x7f, 0xf5,
    0x38, 0x3, 0xf8, 0xa0, 0x3, 0xff, 0xa6, 0x50,
    0x1, 0xfc, 0xe6, 0x1, 0xff, 0xd3, 0x72, 0x0,
    0xfe, 0xe0, 0xf, 0xfe, 0xa7, 0x0, 0x7f, 0x14,
    0x0, 0x7f, 0xf4, 0xcd, 0xc0, 0x3f, 0x9c, 0xc0,
    0x3f, 0xfa, 0x70, 0x40, 0x1f, 0xdc, 0x0,

    /* U+004C "L" */
    0x58, 0x8f, 0xc6, 0x1, 0xff, 0xcc, 0xe7, 0x7f,
    0xca, 0x1, 0xff, 0xff, 0x0, 0xff, 0xff, 0x80,
    0x7f, 0xff, 0xc0, 0x3f, 0xff, 0xe0, 0x1f, 0xff,
    0xf0, 0xf, 0xff, 0xf8, 0x7, 0xff, 0xfc, 0x3,
    0xff, 0xfe, 0x1, 0xff, 0xff, 0x0, 0xff, 0xff,
    0x80, 0x7f, 0xff, 0xc0, 0x3f, 0xff, 0xe0, 0x1f,
    0xff, 0xf0, 0xf, 0xff, 0xf8, 0x7, 0xff, 0xfc,
    0x3, 0xff, 0xfe, 0x1, 0xff, 0xff, 0x0, 0xff,
    0xff, 0x80, 0x7f, 0x4f, 0xff, 0xff, 0x2d, 0xc0,
    0x3f, 0xfa, 0xbe, 0x1, 0xff, 0xff, 0x0, 0xff,
    0xff, 0x80, 0x7f, 0xfa, 0x80,

    /* U+004D "M" */
    0x47, 0x7f, 0xfe, 0xa, 0x80, 0x7f, 0xf1, 0xcd,
    0xdf, 0xff, 0x82, 0xbf, 0x11, 0xff, 0xc1, 0xb0,
    0xf, 0xfe, 0x3c, 0x47, 0xff, 0xa, 0x40, 0x3f,
    0xf8, 0x42, 0x60, 0x1f, 0xfc, 0x64, 0x0, 0xff,
    0xe8, 0xa0, 0x7, 0xff, 0x15, 0x0, 0x3f, 0xfa,
    0x56, 0x1, 0xff, 0xc5, 0xd0, 0xf, 0xfe, 0x91,
    0x88, 0x7, 0xff, 0x11, 0x0, 0x3f, 0xfa, 0x68,
    0x1, 0xff, 0xc3, 0x22, 0x0, 0x7f, 0xf4, 0xf0,
    0x3, 0xff, 0x86, 0x80, 0x1f, 0xfd, 0x47, 0x0,
    0xff, 0xe1, 0xe8, 0x7, 0xff, 0x30, 0x44, 0x1,
    0xe1, 0x20, 0xf, 0xfe, 0x12, 0x0, 0x78, 0xc0,
    0x3f, 0xf8, 0xaa, 0xc0, 0x1f, 0x28, 0x7, 0xff,
    0x5, 0x0, 0x3e, 0x80, 0xf, 0xfe, 0x2b, 0xe0,
    0x7, 0xd8, 0x1, 0xff, 0xc1, 0xc0, 0xf, 0x94,
    0x3, 0xff, 0x8c, 0x80, 0x1f, 0x20, 0x7, 0xff,
    0x5, 0x40, 0x3c, 0x80, 0x1f, 0xfc, 0x61, 0x3,
    0x0, 0xf9, 0x0, 0x3f, 0xe1, 0x20, 0xf, 0x61,
    0x80, 0x7f, 0xf1, 0xd0, 0x3, 0xed, 0x0, 0xff,
    0x9c, 0x3, 0xe4, 0x0, 0xff, 0xe3, 0x18, 0x60,
    0x7, 0xc8, 0x1, 0xff, 0x60, 0x7, 0x84, 0xc4,
    0x3, 0xff, 0x8e, 0x80, 0x1f, 0x11, 0x0, 0x3f,
    0xc8, 0x1, 0xe5, 0x0, 0xff, 0xe3, 0x88, 0x0,
    0xc0, 0x3e, 0x40, 0xf, 0xe3, 0x10, 0xf, 0x68,
    0x38, 0x7, 0xff, 0x21, 0x0, 0x3e, 0xd0, 0xf,
    0xeb, 0x0, 0xf9, 0x0, 0x3f, 0xf9, 0x58, 0x1,
    0xf2, 0x0, 0x7f, 0x20, 0x7, 0x84, 0x80, 0x3f,
    0xf9, 0x48, 0x1, 0xf9, 0x0, 0x3e, 0x13, 0x0,
    0xf2, 0x0, 0x7f, 0xf3, 0x10, 0x3, 0xec, 0x0,
    0xf9, 0x0, 0x3e, 0xf0, 0x0, 0x80, 0x7f, 0xf2,
    0x70, 0x3, 0xe5, 0x0, 0xfb, 0xc0, 0x3e, 0x40,
    0xf, 0xfe, 0x62, 0x80, 0x7c, 0x42, 0x1, 0xe4,
    0x0, 0xf1, 0x88, 0x7, 0xff, 0x30, 0x88, 0x1,
    0xf3, 0x80, 0x71, 0x88, 0x7, 0x90, 0x3, 0xff,
    0x94, 0x20, 0x12, 0x0, 0x7d, 0x80, 0x1c, 0x80,
    0x1f, 0x58, 0x7, 0xff, 0x3b, 0x40, 0x3e, 0x40,
    0xe, 0xb0, 0xf, 0x9, 0x80, 0x7f, 0xf3, 0x90,
    0x3, 0xe1, 0x30, 0xc, 0x60, 0x1e, 0x40, 0xf,
    0xfe, 0x82, 0x0, 0x7d, 0x60, 0x12, 0x0, 0x7d,
    0xe0, 0x1f, 0xfd, 0xc, 0x0, 0xf9, 0x0, 0x2c,
    0x0, 0xf9, 0x0, 0x3f, 0xfa, 0xa, 0x1, 0xf1,
    0x80, 0x48, 0x1, 0xe3, 0x10, 0xf, 0xfe, 0x81,
    0x10, 0x3, 0xe4, 0x0, 0x18, 0x7, 0x90, 0x3,
    0xff, 0xa4, 0x80, 0x1f, 0x18, 0x18, 0x7, 0xd6,
    0x1, 0xff, 0xd2, 0xd0, 0xf, 0xb0, 0x14, 0x3,
    0xc2, 0x60, 0x1f, 0xfd, 0x24, 0x0, 0xf9, 0x3,
    0xc0, 0x3c, 0x80, 0x1f, 0xfd, 0x44, 0x0, 0xf8,
    0xd4, 0x3, 0xde, 0x1, 0xff, 0xd4, 0xc0, 0xf,
    0x94, 0x80, 0x3c, 0x80, 0x1f, 0xfd, 0x45, 0x0,
    0xfa, 0x44, 0x3, 0x8c, 0x40, 0x3f, 0xfa, 0x84,
    0x40, 0xf, 0xfe, 0xa, 0x0, 0x7f, 0xf5, 0x90,
    0x3, 0xff, 0x83, 0x60, 0x1f, 0xfd, 0x6d, 0x0,
    0xff, 0xe0, 0x9, 0x80, 0x7f, 0xf5, 0x90, 0x3,
    0xff, 0x80, 0x80, 0x1f, 0xfd, 0x84, 0x0, 0xff,
    0xb0, 0x3, 0xff, 0xb1, 0x80, 0x1f, 0xf3, 0x80,
    0x7f, 0xf6, 0x14, 0x3, 0xfc, 0x62, 0x1, 0xff,
    0xd8, 0x21, 0x0, 0xfe, 0x40, 0xf, 0xfe, 0xd3,
    0x80, 0x7f, 0x58, 0x7, 0xff, 0x6b, 0x40, 0x3f,
    0x8c, 0x3, 0xff, 0xb4, 0x80, 0x1f, 0x94, 0x3,
    0xff, 0x90,

    /* U+004E "N" */
    0x47, 0x7f, 0xc2, 0x1, 0xff, 0xca, 0x67, 0x7f,
    0x9b, 0xe2, 0x3f, 0x58, 0x7, 0xff, 0x2a, 0xe2,
    0x3f, 0x0, 0x7f, 0x2b, 0x0, 0x7f, 0xf7, 0x24,
    0x80, 0x3f, 0xfb, 0x9c, 0x1, 0xff, 0xdc, 0x38,
    0x0, 0xff, 0xee, 0x3a, 0x0, 0x7f, 0xf7, 0x28,
    0x40, 0x3f, 0xfb, 0x63, 0x40, 0x1f, 0xfd, 0xc4,
    0x60, 0xf, 0xfe, 0xe4, 0x90, 0x7, 0xff, 0x73,
    0xc0, 0x3f, 0xfb, 0x85, 0x20, 0x1f, 0xfd, 0xc6,
    0x40, 0xf, 0xfe, 0xe5, 0x8, 0x7, 0xff, 0x6c,
    0x68, 0x3, 0xff, 0xa4, 0xa0, 0x1f, 0xc8, 0xe0,
    0x1f, 0xfd, 0x1b, 0x10, 0xf, 0xe8, 0x20, 0xf,
    0xfe, 0x8d, 0x80, 0x7f, 0xbc, 0x3, 0xff, 0xa2,
    0xa8, 0x1, 0xfc, 0x52, 0x1, 0xff, 0xd1, 0xa1,
    0x0, 0xfe, 0x64, 0x0, 0xff, 0xe8, 0xd, 0x80,
    0x7f, 0xa8, 0x40, 0x3f, 0xfa, 0xa, 0xc0, 0x1f,
    0xc3, 0x40, 0x1f, 0xfd, 0x19, 0x20, 0xf, 0xe4,
    0x70, 0xf, 0xfe, 0x8f, 0x0, 0x7f, 0xa0, 0xc0,
    0x3f, 0xfa, 0x7, 0x0, 0x1f, 0xee, 0x0, 0xff,
    0xe8, 0xba, 0x0, 0x7f, 0x14, 0x80, 0x7f, 0xf4,
    0x68, 0x40, 0x3f, 0x99, 0x40, 0x3f, 0xfa, 0x3,
    0x60, 0x1f, 0xeb, 0x10, 0xf, 0xfe, 0x82, 0xb0,
    0x7, 0xf0, 0xe8, 0x7, 0xff, 0x46, 0x48, 0x3,
    0xf8, 0xdc, 0x3, 0xff, 0xa3, 0xc0, 0x1f, 0xe8,
    0x20, 0xf, 0xfe, 0x81, 0xc0, 0x7, 0xfa, 0x0,
    0x3f, 0xfa, 0x2e, 0x80, 0x1f, 0xca, 0x40, 0x1f,
    0xfd, 0x1a, 0x10, 0xf, 0xfe, 0xd8, 0xd8, 0x7,
    0xff, 0x71, 0x58, 0x3, 0xff, 0xb9, 0x24, 0x1,
    0xff, 0xdc, 0xe0, 0xf, 0xfe, 0xe1, 0xc0, 0x7,
    0xff, 0x71, 0xd0, 0x3, 0xff, 0xb9, 0x42, 0x1,
    0xff, 0xdb, 0x1b, 0x0, 0xff, 0xee, 0x2b, 0x0,
    0x7f, 0xf7, 0x24, 0x80, 0x3f, 0xfb, 0x9c, 0x1,
    0xff, 0xdc, 0x38, 0x0, 0xff, 0xee, 0x39, 0x80,
    0x7f, 0xf7, 0x34, 0x40, 0x3f, 0x0,

    /* U+004F "O" */
    0x0, 0xff, 0xe2, 0xa, 0xbd, 0x66, 0xf7, 0xfd,
    0xdb, 0x92, 0xe8, 0x1, 0xff, 0xd2, 0x28, 0xce,
    0xa8, 0x53, 0x21, 0x0, 0x84, 0x8d, 0xa2, 0xfe,
    0xdc, 0x40, 0x3f, 0xf9, 0x89, 0x7a, 0xe6, 0x1,
    0xff, 0xc5, 0x48, 0xea, 0x30, 0xf, 0xfe, 0x41,
    0x5d, 0x90, 0x3, 0xff, 0x96, 0xb9, 0x22, 0x1,
    0xff, 0xc5, 0x7d, 0x40, 0xf, 0xfe, 0x7b, 0x7a,
    0x0, 0x7f, 0xf0, 0xe6, 0x0, 0x3f, 0xfa, 0x43,
    0x6c, 0x1, 0xff, 0xc1, 0xb6, 0x0, 0xff, 0xea,
    0xcb, 0x80, 0x7f, 0xd2, 0x80, 0x1f, 0xfc, 0x32,
    0x21, 0x90, 0x80, 0x7f, 0xf0, 0xe1, 0x40, 0x3f,
    0x99, 0x80, 0x1f, 0xfc, 0x5, 0xad, 0xfd, 0xd6,
    0x6f, 0x7e, 0x4a, 0x0, 0x7f, 0xf0, 0x28, 0x80,
    0x3e, 0x19, 0x0, 0xff, 0x9f, 0xa9, 0x48, 0x3,
    0xe3, 0x6b, 0xd5, 0x0, 0xff, 0xb8, 0x3, 0xeb,
    0x0, 0xff, 0x1e, 0xc0, 0x80, 0x7f, 0xf0, 0x4a,
    0xac, 0x40, 0x3f, 0x8d, 0x80, 0x38, 0x94, 0x3,
    0xf9, 0x30, 0x80, 0x3f, 0xf8, 0xa9, 0x82, 0x1,
    0xfd, 0x0, 0x1d, 0x60, 0x1f, 0xc5, 0x60, 0x1f,
    0xfc, 0x82, 0xc0, 0xf, 0xe1, 0x50, 0x8, 0x58,
    0x3, 0xfb, 0xc0, 0x3f, 0xf9, 0x45, 0x20, 0x1f,
    0xd2, 0x1, 0x38, 0x7, 0xf3, 0x90, 0x7, 0xff,
    0x2d, 0x8c, 0x3, 0xf1, 0x88, 0x3, 0x0, 0x3f,
    0xa4, 0x3, 0xff, 0x9b, 0x20, 0x1f, 0xce, 0x0,
    0x40, 0xf, 0xc8, 0x20, 0x1f, 0xfc, 0xd5, 0x10,
    0xf, 0xd8, 0x4, 0x20, 0x1f, 0xb4, 0x3, 0xff,
    0x9e, 0xe0, 0x1f, 0x90, 0x18, 0x3, 0xf9, 0x0,
    0x3f, 0xf9, 0xfe, 0x1, 0xf8, 0x40, 0xc0, 0x3f,
    0x88, 0x3, 0xff, 0x9e, 0x80, 0x1f, 0xc7, 0xc0,
    0x1f, 0x8c, 0x3, 0xff, 0xa0, 0x40, 0x1f, 0xcc,
    0x40, 0x1f, 0x9c, 0x3, 0xff, 0xa2, 0x20, 0x1f,
    0x8c, 0x3, 0xf8, 0x40, 0x3f, 0xfa, 0x26, 0x1,
    0xf8, 0x5c, 0x3, 0xf1, 0x80, 0x7f, 0xf4, 0x44,
    0x3, 0xf7, 0x88, 0x7, 0xe1, 0x0, 0xff, 0xe8,
    0xb8, 0x7, 0xe1, 0x0, 0xff, 0xf2, 0x88, 0x7,
    0xe1, 0x0, 0xff, 0xe8, 0xb8, 0x7, 0xe1, 0x70,
    0xf, 0xc6, 0x1, 0xff, 0xd1, 0x10, 0xf, 0xde,
    0x1, 0xfc, 0x20, 0x1f, 0xfd, 0x13, 0x0, 0xfc,
    0x24, 0x1, 0xf9, 0xc0, 0x3f, 0xfa, 0x22, 0x1,
    0xf8, 0xf8, 0x3, 0xf1, 0x80, 0x7f, 0xf4, 0x8,
    0x3, 0xf9, 0x8c, 0x3, 0xf8, 0x80, 0x3f, 0xf9,
    0xe8, 0x1, 0xfc, 0x6c, 0x1, 0xfc, 0x80, 0x1f,
    0xfc, 0xff, 0x0, 0xfc, 0x20, 0x42, 0x1, 0xfb,
    0x40, 0x3f, 0xf9, 0xee, 0x1, 0xf9, 0x0, 0x8,
    0x1, 0xf9, 0x8, 0x3, 0xff, 0x9a, 0xc2, 0x1,
    0xfb, 0x0, 0x1e, 0x1, 0xfd, 0x60, 0x1f, 0xfc,
    0xdb, 0x0, 0xfe, 0x70, 0x2, 0x0, 0x7f, 0x31,
    0x80, 0x7f, 0xf2, 0xdc, 0x80, 0x3f, 0x18, 0x80,
    0x5, 0x80, 0x3f, 0xb8, 0x3, 0xff, 0x94, 0x70,
    0x1, 0xfd, 0x20, 0x1a, 0xc0, 0x3f, 0x8b, 0x4,
    0x3, 0xff, 0x8e, 0x7a, 0x1, 0xfc, 0x2a, 0x1,
    0x89, 0x40, 0x3f, 0x8f, 0x8, 0x3, 0xff, 0x8a,
    0x98, 0x20, 0x1f, 0xd0, 0x1, 0xeb, 0x0, 0xff,
    0x16, 0xc8, 0x80, 0x7f, 0xf0, 0x4e, 0xec, 0x1,
    0xfe, 0x36, 0x0, 0xf0, 0xc8, 0x7, 0xfc, 0xdd,
    0x4a, 0x20, 0x1f, 0x13, 0x5e, 0x20, 0x7, 0xfd,
    0xc0, 0x1f, 0x99, 0x80, 0x1f, 0xfc, 0x5, 0xae,
    0xfd, 0xcc, 0xb7, 0xf6, 0x50, 0x3, 0xff, 0x81,
    0x44, 0x1, 0xfd, 0x28, 0x1, 0xff, 0xc3, 0x23,
    0x38, 0x80, 0x3f, 0xf8, 0x70, 0xa0, 0x1f, 0xf5,
    0xa8, 0x7, 0xff, 0x56, 0x5c, 0x3, 0xff, 0x83,
    0x50, 0x1, 0xff, 0xd2, 0x1b, 0x60, 0xf, 0xfe,
    0x1b, 0xe9, 0x80, 0x7f, 0xf3, 0xdb, 0xd0, 0x3,
    0xff, 0x8a, 0x59, 0x46, 0x1, 0xff, 0xcb, 0x5c,
    0x91, 0x0, 0xff, 0xe4, 0x2e, 0x6b, 0x90, 0x7,
    0xff, 0x14, 0xe3, 0xa8, 0xc0, 0x3f, 0xf9, 0x85,
    0x1b, 0xd5, 0xa, 0x64, 0x20, 0x10, 0x91, 0xb4,
    0x5f, 0xe3, 0x88, 0x7, 0xff, 0x4,

    /* U+0050 "P" */
    0xbf, 0xff, 0xfe, 0x6f, 0x65, 0x39, 0x0, 0x7f,
    0xf6, 0x4, 0xd6, 0x37, 0x4c, 0x1, 0xff, 0xdb,
    0x29, 0xd4, 0x0, 0xff, 0xed, 0x95, 0xb8, 0x7,
    0xff, 0x72, 0x1c, 0x3, 0xff, 0xb9, 0xa, 0x1,
    0xff, 0xdc, 0xb0, 0xf, 0xfe, 0x0, 0x91, 0x7f,
    0xf0, 0x84, 0x3, 0xff, 0x80, 0x30, 0x1, 0xff,
    0x46, 0xef, 0xff, 0xb, 0xbe, 0xd4, 0x3, 0xfc,
    0xc0, 0x1f, 0xfd, 0x4, 0xaa, 0x0, 0x7f, 0xa,
    0x0, 0x7f, 0xf4, 0x56, 0x40, 0x3f, 0xb4, 0x3,
    0xff, 0xa4, 0xc6, 0x1, 0xf9, 0x40, 0x3f, 0xfa,
    0x76, 0x1, 0xf8, 0xc0, 0x3f, 0xfa, 0x68, 0x1,
    0xfc, 0x20, 0x1f, 0xfd, 0x22, 0x0, 0xff, 0xee,
    0x8, 0x7, 0xf1, 0x80, 0x7f, 0xf4, 0x84, 0x3,
    0xf8, 0xc0, 0x3f, 0xfa, 0x44, 0x1, 0xfc, 0x20,
    0x1f, 0xfd, 0x24, 0x0, 0xfc, 0x20, 0x1f, 0xfd,
    0x3a, 0x0, 0xfc, 0xa0, 0x1f, 0xfd, 0x27, 0x20,
    0xf, 0xc6, 0x1, 0xff, 0xd1, 0x68, 0x0, 0xfe,
    0xb0, 0xf, 0xfe, 0x7a, 0x5c, 0x80, 0x7f, 0x11,
    0x80, 0x7f, 0xa3, 0x77, 0xff, 0x85, 0xdf, 0x68,
    0x1, 0xfe, 0xb0, 0xf, 0xf8, 0x48, 0xbf, 0xf8,
    0x42, 0x1, 0xff, 0xc0, 0x36, 0x0, 0xff, 0xed,
    0xf0, 0x7, 0xff, 0x6e, 0xc8, 0x3, 0xff, 0xb2,
    0x36, 0x80, 0x1f, 0xfd, 0x94, 0xf4, 0x0, 0xff,
    0xec, 0x25, 0xd8, 0x40, 0x3f, 0xfa, 0x62, 0x48,
    0xd5, 0xd6, 0x80, 0x1f, 0xfc, 0x59, 0xff, 0xff,
    0xe1, 0xf6, 0xdc, 0xa8, 0x80, 0x7f, 0xff, 0xc0,
    0x3f, 0xff, 0xe0, 0x1f, 0xff, 0xf0, 0xf, 0xff,
    0xf8, 0x7, 0xff, 0xfc, 0x3, 0xff, 0xfe, 0x1,
    0xff, 0xff, 0x0, 0xff, 0xff, 0x80, 0x7f, 0xfd,
    0x80,

    /* U+0051 "Q" */
    0x0, 0xff, 0xe2, 0xa, 0xbd, 0x66, 0xf7, 0xfd,
    0xdb, 0x92, 0xe8, 0x1, 0xff, 0xd2, 0x28, 0xce,
    0xa8, 0x53, 0x21, 0x0, 0x84, 0x8d, 0xa2, 0xfe,
    0xdc, 0x40, 0x3f, 0xf9, 0x89, 0x7a, 0xe6, 0x1,
    0xff, 0xc5, 0x48, 0xea, 0x30, 0xf, 0xfe, 0x41,
    0x5d, 0x90, 0x3, 0xff, 0x96, 0xb9, 0x22, 0x1,
    0xff, 0xc5, 0x7d, 0x40, 0xf, 0xfe, 0x7b, 0x7a,
    0x0, 0x7f, 0xf0, 0xe6, 0x0, 0x3f, 0xfa, 0x43,
    0x6c, 0x1, 0xff, 0xc1, 0xb6, 0x0, 0xff, 0xea,
    0xcb, 0x80, 0x7f, 0xd2, 0x80, 0x1f, 0xfc, 0x32,
    0x21, 0x90, 0x80, 0x7f, 0xf0, 0xe1, 0x40, 0x3f,
    0x99, 0x80, 0x1f, 0xfc, 0x5, 0xad, 0xfd, 0xd6,
    0x6f, 0x7e, 0x4a, 0x0, 0x7f, 0xf0, 0x28, 0x80,
    0x3e, 0x19, 0x0, 0xff, 0x9f, 0xa9, 0x48, 0x3,
    0xe3, 0x6b, 0xd5, 0x0, 0xff, 0xb8, 0x3, 0xeb,
    0x0, 0xff, 0x1e, 0xc0, 0x80, 0x7f, 0xf0, 0x4a,
    0xac, 0x40, 0x3f, 0x8d, 0x80, 0x38, 0x94, 0x3,
    0xf9, 0x30, 0x80, 0x3f, 0xf8, 0xa9, 0x82, 0x1,
    0xfd, 0x0, 0x1d, 0x60, 0x1f, 0xc5, 0x60, 0x1f,
    0xfc, 0x82, 0xc0, 0xf, 0xe1, 0x50, 0x8, 0x58,
    0x3, 0xfb, 0xc0, 0x3f, 0xf9, 0x45, 0x20, 0x1f,
    0xd2, 0x1, 0x38, 0x7, 0xf3, 0x90, 0x7, 0xff,
    0x2d, 0x8c, 0x3, 0xf1, 0x88, 0x3, 0x0, 0x3f,
    0xa4, 0x3, 0xff, 0x9b, 0x20, 0x1f, 0xce, 0x0,
    0x40, 0xf, 0xc8, 0x20, 0x1f, 0xfc, 0xd5, 0x10,
    0xf, 0xd8, 0x4, 0x20, 0x1f, 0xb4, 0x3, 0xff,
    0x9e, 0xe0, 0x1f, 0x90, 0x18, 0x3, 0xf9, 0x0,
    0x3f, 0xf9, 0xfe, 0x1, 0xf8, 0x40, 0xc0, 0x3f,
    0x88, 0x3, 0xff, 0x9e, 0x80, 0x1f, 0xc7, 0xc0,
    0x1f, 0x8c, 0x3, 0xff, 0xa0, 0x40, 0x1f, 0xcc,
    0x40, 0x1f, 0x9c, 0x3, 0xff, 0xa2, 0x20, 0x1f,
    0x8c, 0x3, 0xf8, 0x40, 0x3f, 0xfa, 0x26, 0x1,
    0xf8, 0x5c, 0x3, 0xf1, 0x80, 0x7f, 0xf4, 0x44,
    0x3, 0xf7, 0x88, 0x7, 0xe1, 0x0, 0xff, 0xe8,
    0xb8, 0x7, 0xe1, 0x0, 0xff, 0xf2, 0x88, 0x7,
    0xe1, 0x0, 0xff, 0xe8, 0xb8, 0x7, 0xe1, 0x70,
    0xf, 0xc6, 0x1, 0xff, 0xd1, 0x10, 0xf, 0xde,
    0x1, 0xfc, 0x20, 0x1f, 0xfd, 0x13, 0x0, 0xfc,
    0x24, 0x1, 0xf9, 0xc0, 0x3f, 0xfa, 0x22, 0x1,
    0xf8, 0xf8, 0x3, 0xf1, 0x80, 0x7f, 0xf4, 0x8,
    0x3, 0xf9, 0x8c, 0x3, 0xf8, 0x80, 0x3f, 0xf9,
    0xe8, 0x1, 0xfc, 0x6c, 0x1, 0xfc, 0x80, 0x1f,
    0xfc, 0xff, 0x0, 0xfc, 0x40, 0x42, 0x1, 0xfb,
    0x40, 0x3f, 0xf9, 0xee, 0x1, 0xf9, 0xc0, 0x8,
    0x1, 0xf9, 0x8, 0x3, 0xff, 0x9a, 0xc2, 0x1,
    0xfb, 0xc0, 0x1e, 0x1, 0xfd, 0x60, 0x1f, 0xfc,
    0xdb, 0x0, 0xfe, 0x40, 0x2, 0x0, 0x7f, 0x31,
    0x80, 0x7f, 0xf2, 0xdc, 0x80, 0x3f, 0x18, 0x80,
    0x5, 0x80, 0x3f, 0xb8, 0x3, 0xff, 0x94, 0x70,
    0x1, 0xfd, 0x0, 0x1a, 0xc0, 0x3f, 0x8b, 0x4,
    0x3, 0xff, 0x8e, 0x7a, 0x1, 0xfc, 0x48, 0x1,
    0x89, 0x40, 0x3f, 0x8f, 0x8, 0x3, 0xff, 0x8a,
    0x98, 0x20, 0x1f, 0xd0, 0x1, 0xeb, 0x0, 0xff,
    0x16, 0xc8, 0x80, 0x7f, 0xf0, 0x4e, 0xec, 0x1,
    0xfe, 0x45, 0x0, 0xf0, 0xc8, 0x7, 0xfc, 0xdd,
    0x4a, 0x20, 0x1f, 0x13, 0x5e, 0x20, 0x7, 0xf8,
    0x68, 0x3, 0xf3, 0x30, 0x3, 0xff, 0x80, 0xb5,
    0xdf, 0xb9, 0x96, 0xfe, 0xca, 0x0, 0x7f, 0xf0,
    0x28, 0x40, 0x3f, 0xa5, 0x0, 0x3f, 0xf8, 0x64,
    0x67, 0x10, 0x7, 0xff, 0xe, 0x90, 0x3, 0xfe,
    0xb5, 0x0, 0xff, 0xea, 0xca, 0x80, 0x7f, 0xf0,
    0x6a, 0x0, 0x3f, 0xfa, 0x43, 0x8c, 0x1, 0xff,
    0xc3, 0x7d, 0x30, 0xf, 0xfe, 0x7b, 0x79, 0x80,
    0x7f, 0xf1, 0x4b, 0x28, 0xc0, 0x3f, 0xf9, 0x69,
    0xb2, 0x20, 0x1f, 0xfc, 0x85, 0xcd, 0x72, 0x0,
    0xff, 0xe4, 0x90, 0x7, 0xff, 0x30, 0xa3, 0x7a,
    0xa1, 0x4c, 0x84, 0x3, 0xff, 0x82, 0x96, 0x1,
    0xff, 0xcf, 0x15, 0x7a, 0xcd, 0xef, 0xfc, 0x60,
    0x1f, 0xc9, 0x60, 0x1f, 0xfd, 0x9c, 0x30, 0xf,
    0xe4, 0xb0, 0xf, 0xfe, 0xce, 0x90, 0x7, 0xf2,
    0x58, 0x7, 0xff, 0x60, 0x70, 0x40, 0x3f, 0x93,
    0x0, 0x3f, 0xfb, 0x3, 0x82, 0x1, 0xfc, 0x78,
    0x1, 0xff, 0xd8, 0x2d, 0x0, 0xff, 0x1e, 0x0,
    0x7f, 0xf6, 0xf, 0x0, 0x3f, 0xc7, 0x80, 0x1f,
    0xfd, 0x83, 0xb0, 0xf, 0xf1, 0xe0, 0x7, 0xff,
    0x61, 0x2d, 0xdf, 0xfc, 0x88, 0x0, 0x0,

    /* U+0052 "R" */
    0x9d, 0xdf, 0xfe, 0x6e, 0x5d, 0x42, 0x88, 0x7,
    0xff, 0x0, 0x8b, 0xff, 0x9c, 0x68, 0xaf, 0x5d,
    0x8a, 0x1, 0xff, 0xde, 0x3a, 0xd4, 0x0, 0xff,
    0xef, 0x15, 0xc0, 0x7, 0xff, 0x7d, 0xe8, 0x3,
    0xff, 0xbe, 0xae, 0x1, 0xff, 0xdf, 0x82, 0x0,
    0xff, 0xef, 0xc8, 0x7, 0xff, 0x6, 0x7f, 0xff,
    0xf8, 0x7d, 0xb2, 0x80, 0x1f, 0xe4, 0x20, 0xf,
    0xfe, 0x80, 0x93, 0x5d, 0x0, 0x7f, 0xa8, 0x3,
    0xff, 0xa8, 0xb6, 0x1, 0xfc, 0x80, 0x1f, 0xfd,
    0x54, 0x50, 0xf, 0xc6, 0x1, 0xff, 0xd6, 0xe0,
    0xf, 0xe3, 0x0, 0xff, 0xea, 0xa0, 0x7, 0xf3,
    0x80, 0x7f, 0xf5, 0x84, 0x3, 0xf0, 0x80, 0x7f,
    0xf5, 0x8c, 0x3, 0xf1, 0x80, 0x7f, 0xf5, 0x8c,
    0x3, 0xf1, 0x80, 0x7f, 0xf5, 0x84, 0x3, 0xf0,
    0x80, 0x7f, 0xf5, 0x50, 0x3, 0xf9, 0x80, 0x3f,
    0xfa, 0xbc, 0x1, 0xfc, 0x40, 0x1f, 0xfd, 0x43,
    0x50, 0xf, 0xc8, 0x1, 0xff, 0xd4, 0x2d, 0x0,
    0xfe, 0xe0, 0xf, 0xfe, 0x90, 0xbe, 0x88, 0x7,
    0xe1, 0x50, 0xf, 0xfe, 0x5, 0xdf, 0xff, 0x13,
    0x37, 0xa0, 0x3, 0xfd, 0x20, 0x1f, 0xfc, 0x12,
    0x44, 0xff, 0xe1, 0x99, 0x0, 0x7f, 0xc4, 0xe0,
    0x1f, 0xfd, 0xee, 0x0, 0xff, 0xef, 0x59, 0x80,
    0x7f, 0xf7, 0x6, 0xd0, 0x3, 0xff, 0xb8, 0x9e,
    0x80, 0x1f, 0xfd, 0xc9, 0xb1, 0x0, 0xff, 0xee,
    0xe8, 0x7, 0xff, 0x1e, 0x7f, 0xff, 0xf8, 0x52,
    0x1, 0xf9, 0xc, 0x3, 0xff, 0xaa, 0xc2, 0x1,
    0xfa, 0x0, 0x3f, 0xfa, 0xd2, 0x1, 0xf9, 0xc,
    0x3, 0xff, 0xaa, 0xe2, 0x1, 0xfa, 0x0, 0x3f,
    0xfa, 0xd2, 0x1, 0xf9, 0xc, 0x3, 0xff, 0xaa,
    0xe2, 0x1, 0xfa, 0x0, 0x3f, 0xfa, 0xd2, 0x1,
    0xf9, 0xc, 0x3, 0xff, 0xaa, 0xe2, 0x1, 0xfb,
    0xc0, 0x3f, 0xfa, 0xcc, 0x1, 0xf8, 0xd0, 0x3,
    0xff, 0xab, 0x20, 0x1f, 0xd0, 0x1, 0xff, 0xd5,
    0x17, 0x0, 0xfc, 0x68, 0x1, 0xff, 0xd5, 0x90,
    0xf, 0xe8, 0x0, 0xff, 0xea, 0x8b, 0x80, 0x7e,
    0x34, 0x0, 0xff, 0xea, 0xc8, 0x7, 0xf4, 0x0,
    0x7f, 0xf5, 0x45, 0x80, 0x3f, 0x1a, 0x80, 0x7f,
    0xf5, 0x60, 0x3, 0xfa, 0x0, 0x3f, 0xfa, 0xa2,
    0xc0, 0x1f, 0x89, 0x40, 0x3f, 0xfa, 0xb0, 0x1,
    0xfd, 0x0,

    /* U+0053 "S" */
    0x0, 0xff, 0xe0, 0xa, 0x3c, 0xe6, 0xf7, 0xfd,
    0xdb, 0x92, 0xc6, 0x1, 0xff, 0xca, 0x16, 0xbe,
    0xb8, 0x63, 0x21, 0x0, 0x84, 0x8d, 0xa7, 0x3e,
    0x94, 0x3, 0xff, 0x8a, 0x33, 0xd2, 0x80, 0x1f,
    0xfc, 0x55, 0xad, 0x50, 0xf, 0xfe, 0x13, 0xf3,
    0x0, 0x7f, 0xf2, 0x8a, 0xb0, 0x80, 0x3f, 0xeb,
    0x80, 0xf, 0xfe, 0x71, 0xea, 0x0, 0x7f, 0x62,
    0x0, 0x7f, 0xf4, 0x6d, 0x0, 0x3e, 0x93, 0x0,
    0xff, 0xe9, 0xd9, 0x0, 0x71, 0xb0, 0x7, 0xff,
    0x8, 0x48, 0xc8, 0x40, 0x3f, 0xf8, 0x52, 0x1,
    0xd0, 0x1, 0xfe, 0x16, 0xad, 0xfe, 0xdc, 0xde,
    0xfb, 0x71, 0x0, 0xff, 0x21, 0x80, 0x42, 0x80,
    0x1f, 0xcf, 0xd2, 0xa4, 0x1, 0xf2, 0x47, 0x40,
    0x7, 0xfa, 0x40, 0x24, 0x0, 0xfe, 0x98, 0x0,
    0xff, 0xe1, 0x3d, 0x80, 0x7f, 0x20, 0x5, 0xa0,
    0x1f, 0x8d, 0x80, 0x3f, 0xf8, 0x89, 0x20, 0x1f,
    0x84, 0x40, 0x1, 0x0, 0xfc, 0xa0, 0x1f, 0xfc,
    0x66, 0x10, 0xf, 0xca, 0x0, 0x30, 0xf, 0xfe,
    0x82, 0x80, 0x7e, 0x10, 0x1, 0x80, 0x7e, 0x40,
    0xf, 0xfe, 0x39, 0x8, 0xff, 0x0, 0x38, 0x3,
    0xf1, 0x30, 0x7, 0xff, 0x1a, 0x7b, 0xbf, 0x20,
    0x0, 0x80, 0x3f, 0xa6, 0x0, 0x3f, 0xfa, 0x2a,
    0x1, 0xfe, 0x7d, 0x50, 0xf, 0xfe, 0x82, 0x80,
    0x7f, 0x8a, 0xba, 0xc, 0x3, 0xff, 0x9b, 0x0,
    0x1f, 0xfc, 0x1, 0x7c, 0xe9, 0x51, 0x0, 0xff,
    0xe4, 0x94, 0x80, 0x7f, 0xf0, 0x85, 0xab, 0xb2,
    0xc, 0x3, 0xff, 0x8e, 0xcc, 0x0, 0xff, 0xe2,
    0x9b, 0xe7, 0x4a, 0x0, 0x7f, 0xf1, 0x65, 0xc0,
    0x3f, 0xf8, 0xe2, 0xd7, 0xd2, 0x80, 0x1f, 0xfc,
    0x38, 0xb2, 0x0, 0xff, 0xe4, 0xb, 0x5e, 0xb0,
    0x7, 0xff, 0x9, 0x36, 0x4, 0x3, 0xff, 0x92,
    0x53, 0xca, 0x1, 0xff, 0xc2, 0x7e, 0x82, 0x0,
    0xff, 0xe4, 0x8d, 0x58, 0x7, 0xff, 0xd, 0xf7,
    0x18, 0x40, 0x3f, 0xf9, 0x9, 0xa2, 0x1, 0xff,
    0xc3, 0x39, 0xec, 0x83, 0x0, 0xff, 0xe3, 0x16,
    0x0, 0x7f, 0xf1, 0x8d, 0xf3, 0xe9, 0x88, 0x3,
    0xff, 0x86, 0x52, 0x1, 0xff, 0xc9, 0x59, 0xdd,
    0x41, 0x80, 0x7f, 0xf0, 0x59, 0x0, 0x3f, 0xf9,
    0x64, 0xf9, 0xae, 0x1, 0xff, 0xc0, 0xf0, 0xf,
    0xfe, 0x71, 0x47, 0x30, 0x7, 0xf9, 0x4, 0x3,
    0xff, 0x9e, 0x33, 0x20, 0xf, 0xf2, 0x91, 0x9f,
    0xe1, 0x0, 0xff, 0xe3, 0xb4, 0x0, 0x7f, 0x1f,
    0xe6, 0x7e, 0x40, 0xf, 0xfe, 0x43, 0x88, 0x7,
    0xef, 0x0, 0xff, 0xe9, 0xa8, 0x7, 0xf0, 0x80,
    0x7e, 0xd0, 0xf, 0xfe, 0x48, 0x80, 0x7e, 0xf6,
    0x0, 0xfc, 0xa0, 0x1f, 0xfc, 0x96, 0x0, 0xfc,
    0x5a, 0x1, 0xf8, 0x98, 0x3, 0xff, 0x8e, 0x66,
    0x0, 0xfc, 0xca, 0x1, 0xfd, 0x28, 0x1, 0xff,
    0xc5, 0x1e, 0x0, 0xfe, 0x32, 0x30, 0xf, 0xeb,
    0x91, 0x0, 0xff, 0xe1, 0x27, 0x90, 0x7, 0xe5,
    0x0, 0x48, 0x7, 0xf9, 0xba, 0x98, 0x80, 0x3f,
    0x1b, 0xed, 0x88, 0x7, 0xf4, 0x80, 0x15, 0x0,
    0x3f, 0xe5, 0x9d, 0xfe, 0xdc, 0xc6, 0xf7, 0xe4,
    0x10, 0x7, 0xf9, 0xc, 0x2, 0xa1, 0x0, 0xff,
    0xe1, 0x9, 0x19, 0x88, 0x40, 0x3f, 0xf8, 0x54,
    0x1, 0x87, 0x4, 0x3, 0xff, 0xa9, 0x82, 0x1,
    0xc5, 0x84, 0x1, 0xff, 0xd1, 0x1b, 0x30, 0xf,
    0x8b, 0x5c, 0x3, 0xff, 0x9e, 0x7e, 0x80, 0x1f,
    0xe8, 0xe6, 0x0, 0xff, 0xe5, 0x95, 0x60, 0x80,
    0x7f, 0xf0, 0x6, 0x7a, 0x4c, 0x3, 0xff, 0x8a,
    0x4d, 0x9a, 0xa0, 0x1f, 0xfc, 0x41, 0x6c, 0xeb,
    0x85, 0x32, 0x10, 0x8, 0x48, 0xd5, 0xeb, 0x75,
    0x26, 0x1, 0xfc,

    /* U+0054 "T" */
    0x3e, 0xef, 0xfe, 0xdc, 0x38, 0x8f, 0xff, 0x70,
    0x3, 0xff, 0xfe, 0x1, 0xff, 0xff, 0x0, 0xff,
    0xff, 0x80, 0x7f, 0xf2, 0x53, 0xff, 0xff, 0x86,
    0x20, 0x1f, 0xb3, 0xff, 0xff, 0x85, 0x20, 0x1f,
    0xff, 0xf0, 0xf, 0xff, 0xf8, 0x7, 0xff, 0xfc,
    0x3, 0xff, 0xfe, 0x1, 0xff, 0xff, 0x0, 0xff,
    0xff, 0x80, 0x7f, 0xff, 0xc0, 0x3f, 0xff, 0xe0,
    0x1f, 0xff, 0xf0, 0xf, 0xff, 0xf8, 0x7, 0xff,
    0xfc, 0x3, 0xff, 0xfe, 0x1, 0xff, 0xff, 0x0,
    0xff, 0xff, 0x80, 0x7f, 0xff, 0xc0, 0x3f, 0xff,
    0xe0, 0x1f, 0xff, 0xf0, 0xf, 0xff, 0xf8, 0x7,
    0xff, 0xfc, 0x3, 0xff, 0xfe, 0x1, 0xff, 0xff,
    0x0, 0xff, 0xee, 0x4b, 0xbf, 0xe2, 0x0, 0xff,
    0xe1, 0x80,

    /* U+0055 "U" */
    0x78, 0x8f, 0xc2, 0x1, 0xff, 0xc9, 0x38, 0x8f,
    0xcb, 0xe, 0xff, 0x8c, 0x3, 0xff, 0x92, 0x8e,
    0xff, 0xbc, 0x3, 0xff, 0xfe, 0x1, 0xff, 0xff,
    0x0, 0xff, 0xff, 0x80, 0x7f, 0xff, 0xc0, 0x3f,
    0xff, 0xe0, 0x1f, 0xff, 0xf0, 0xf, 0xff, 0xf8,
    0x7, 0xff, 0xfc, 0x3, 0xff, 0xfe, 0x1, 0xff,
    0xff, 0x0, 0xff, 0xff, 0x80, 0x7f, 0xff, 0xc0,
    0x3f, 0xff, 0xe0, 0x1f, 0xff, 0xf0, 0xf, 0xff,
    0xf8, 0x7, 0xff, 0xd0, 0x40, 0x3f, 0xfa, 0x5e,
    0x1, 0xf8, 0xc0, 0x3f, 0x98, 0x3, 0xff, 0x92,
    0x20, 0x1f, 0xc6, 0x1, 0xf8, 0x40, 0x3f, 0xf9,
    0x26, 0x1, 0xf8, 0x44, 0x1, 0xfb, 0x40, 0x3f,
    0xf9, 0x28, 0x1, 0xfb, 0x94, 0x3, 0xf2, 0x0,
    0x7f, 0xf2, 0x8, 0x40, 0x3f, 0x17, 0x80, 0x7e,
    0x33, 0x0, 0x7f, 0xf1, 0xe8, 0x3, 0xf9, 0x50,
    0x3, 0xfa, 0x40, 0x3f, 0xf8, 0xc2, 0xe0, 0x1f,
    0x88, 0x48, 0x40, 0x3f, 0x2a, 0x80, 0x3f, 0xf8,
    0xb4, 0x1, 0xfc, 0xa0, 0x6, 0x0, 0xfe, 0xa4,
    0x0, 0xff, 0xe1, 0xca, 0x0, 0x7f, 0x58, 0x2,
    0x40, 0x3f, 0xd7, 0x0, 0x1f, 0xfc, 0x2, 0xc6,
    0x0, 0xfe, 0x43, 0x0, 0xb, 0x0, 0x7f, 0x9f,
    0xa1, 0x0, 0x3c, 0x2b, 0x7a, 0x60, 0x1f, 0xef,
    0x0, 0xd0, 0x20, 0x1f, 0xe1, 0x7b, 0xfe, 0xdc,
    0xde, 0xe5, 0x20, 0x7, 0xfc, 0xc8, 0x1, 0x86,
    0x80, 0x3f, 0xf8, 0x42, 0x46, 0x42, 0x1, 0xff,
    0xc1, 0x29, 0x0, 0xf2, 0x48, 0x7, 0xff, 0x48,
    0x7c, 0x3, 0xf3, 0x48, 0x7, 0xff, 0x40, 0xb0,
    0x80, 0x3f, 0x9b, 0x8, 0x3, 0xff, 0x9a, 0xba,
    0x40, 0x1f, 0xf1, 0xec, 0x8, 0x7, 0xff, 0x24,
    0xf2, 0x80, 0x3f, 0xf8, 0x6f, 0xd4, 0x80, 0x1f,
    0xfc, 0x41, 0x6c, 0xc1, 0x80, 0x7f, 0xf1, 0x96,
    0xfe, 0xe1, 0x4c, 0x44, 0x1, 0x9, 0x23, 0x4e,
    0xf4, 0x98, 0x7, 0xf8,

    /* U+0056 "V" */
    0x18, 0x8f, 0xe5, 0x0, 0xff, 0xe6, 0x94, 0x47,
    0xf0, 0x89, 0x9d, 0xff, 0x58, 0x7, 0xff, 0x36,
    0x9d, 0xff, 0x30, 0x83, 0x80, 0x7e, 0x13, 0x0,
    0xff, 0xe6, 0x28, 0x7, 0xe6, 0x0, 0x50, 0x7,
    0xf5, 0x0, 0x7f, 0xf2, 0xcc, 0x80, 0x3f, 0x50,
    0x0, 0xc8, 0x3, 0xf3, 0x80, 0x7f, 0xf2, 0xec,
    0x3, 0xf1, 0x10, 0x2, 0xa0, 0xf, 0xc2, 0x80,
    0x1f, 0xfc, 0xa6, 0x0, 0xfd, 0x40, 0x19, 0x40,
    0x3f, 0xb4, 0x3, 0xff, 0x92, 0x62, 0x1, 0xf9,
    0x80, 0x31, 0x18, 0x7, 0xe7, 0x0, 0xff, 0xe4,
    0xd8, 0x7, 0xe4, 0x10, 0xe, 0xa0, 0xf, 0xc2,
    0x80, 0x1f, 0xfc, 0x86, 0x0, 0xfd, 0xa0, 0x1e,
    0x70, 0xf, 0xee, 0x0, 0xff, 0xe3, 0x98, 0x80,
    0x7e, 0x60, 0xf, 0xa, 0x0, 0x7e, 0x50, 0xf,
    0xfe, 0x3d, 0x0, 0x7e, 0x50, 0xf, 0xdc, 0x1,
    0xfc, 0xa0, 0x1f, 0xfc, 0x67, 0x0, 0xfd, 0xc0,
    0x1f, 0x94, 0x3, 0xfb, 0xc0, 0x3f, 0xf8, 0xa8,
    0x20, 0x1f, 0xa, 0x0, 0x7f, 0x30, 0x7, 0xe5,
    0x0, 0xff, 0xe2, 0xe8, 0x7, 0xe7, 0x0, 0xff,
    0x50, 0x7, 0xf2, 0x80, 0x7f, 0xf1, 0x1c, 0x3,
    0xf5, 0x0, 0x7f, 0x8c, 0x40, 0x3f, 0x70, 0x7,
    0xff, 0xd, 0x4, 0x3, 0xe2, 0x30, 0xf, 0xf9,
    0x80, 0x3f, 0x20, 0x80, 0x7f, 0xf0, 0xb4, 0x3,
    0xf5, 0x0, 0x7f, 0xf0, 0x28, 0x3, 0xf9, 0xc0,
    0x3f, 0xf8, 0x4e, 0x1, 0xf9, 0x40, 0x3f, 0xf8,
    0x4, 0x60, 0x1f, 0xb4, 0x3, 0xff, 0x82, 0x82,
    0x1, 0xf1, 0x90, 0x7, 0xff, 0x6, 0xc0, 0x3f,
    0x20, 0x80, 0x7f, 0xf0, 0x38, 0x3, 0xf5, 0x0,
    0x7f, 0xf0, 0x98, 0x3, 0xf9, 0xc0, 0x3f, 0xf8,
    0xa, 0x1, 0xf9, 0xc0, 0x3f, 0xf8, 0x42, 0x80,
    0x1f, 0xb4, 0x3, 0xfe, 0x40, 0xf, 0xc8, 0x20,
    0x1f, 0xfc, 0x3e, 0x0, 0xfc, 0x82, 0x1, 0xfe,
    0xe0, 0xf, 0xdc, 0x1, 0xff, 0xc4, 0x50, 0xf,
    0xe7, 0x0, 0xff, 0x28, 0x7, 0xc2, 0xa0, 0x1f,
    0xfc, 0x55, 0x0, 0xfd, 0x40, 0x1f, 0xca, 0x1,
    0xf9, 0xc0, 0x3f, 0xf8, 0xdc, 0x1, 0xf8, 0xc4,
    0x3, 0xf7, 0x80, 0x7e, 0xa0, 0xf, 0xfe, 0x32,
    0x8, 0x7, 0xe6, 0x0, 0xfc, 0xa0, 0x1f, 0x9,
    0x80, 0x7f, 0xf1, 0xd8, 0x3, 0xf5, 0x80, 0x7c,
    0xa0, 0x1f, 0x98, 0x3, 0xff, 0x91, 0x60, 0x1f,
    0x8c, 0x80, 0x3d, 0xe0, 0x1f, 0xa8, 0x3, 0xff,
    0x90, 0x64, 0x1, 0xf9, 0x40, 0x3c, 0xa0, 0x1f,
    0x19, 0x0, 0x7f, 0xf2, 0x68, 0x3, 0xf5, 0x0,
    0x72, 0x80, 0x7e, 0xb0, 0xf, 0xfe, 0x53, 0x0,
    0x7e, 0x22, 0x0, 0x6e, 0x0, 0xfc, 0xc0, 0x1f,
    0xfc, 0xa1, 0x30, 0xf, 0xd4, 0x1, 0x90, 0x3,
    0xe4, 0x10, 0xf, 0xfe, 0x5d, 0x0, 0x7e, 0x50,
    0x9, 0x40, 0x3f, 0x70, 0x7, 0xff, 0x31, 0x80,
    0x3f, 0x11, 0x80, 0x38, 0x3, 0xf2, 0x80, 0x7f,
    0xf3, 0x54, 0x3, 0xf5, 0x80, 0x10, 0x3, 0xe5,
    0x0, 0xff, 0xe7, 0x70, 0x7, 0xe5, 0x5, 0x0,
    0xfd, 0xc0, 0x1f, 0xfc, 0xe4, 0x10, 0xf, 0x88,
    0xfc, 0x3, 0xe1, 0x40, 0xf, 0xfe, 0x7b, 0x80,
    0x7e, 0x95, 0x0, 0xf9, 0x80, 0x3f, 0xfa, 0x14,
    0x1, 0xf9, 0x40, 0x3f, 0x58, 0x7, 0xff, 0x40,
    0xc8, 0x3, 0xff, 0x86, 0x46, 0x1, 0xff, 0xd1,
    0x50, 0xf, 0xfe, 0x1d, 0x0, 0x7f, 0xf4, 0xa8,
    0x3, 0xff, 0x86, 0xc0, 0x1f, 0xfd, 0x22, 0x30,
    0xf, 0xfe, 0xa, 0x8, 0x7, 0xff, 0x4e, 0x80,
    0x3f, 0xf8, 0x3a, 0x1, 0xff, 0xd4, 0x70, 0xf,
    0xfe, 0xb, 0x0, 0x7f, 0xf5, 0x5, 0x0, 0x3f,
    0xe5, 0x0, 0xff, 0xeb, 0x70, 0x7, 0xfd, 0xc0,
    0x1f, 0xfd, 0x65, 0x0, 0xff, 0xa, 0x0, 0x7f,
    0xf1, 0x40,

    /* U+0057 "W" */
    0x18, 0x8f, 0xe3, 0x0, 0xff, 0xe2, 0xc4, 0x7f,
    0xca, 0x1, 0xff, 0xc5, 0x48, 0x8f, 0x9c, 0x5,
    0xdf, 0xfa, 0x80, 0x3f, 0xf8, 0x88, 0xef, 0xff,
    0x40, 0x7, 0xff, 0x17, 0xdd, 0xfe, 0xb0, 0x1,
    0x80, 0x7e, 0x40, 0xf, 0xfe, 0x26, 0x0, 0x7f,
    0xc4, 0x20, 0x1f, 0xfc, 0x44, 0x0, 0xf9, 0x0,
    0x16, 0x1, 0xf8, 0x84, 0x3, 0xff, 0x86, 0x80,
    0x1f, 0xfc, 0x4, 0x0, 0xff, 0xe1, 0x98, 0x7,
    0xec, 0x0, 0x20, 0x7, 0xf2, 0x0, 0x7f, 0xf0,
    0xcc, 0x3, 0xff, 0x81, 0xa0, 0x1f, 0xfc, 0x34,
    0x0, 0xfc, 0x80, 0x3, 0x0, 0xfe, 0xc0, 0xf,
    0xfe, 0x11, 0x80, 0x7f, 0xf0, 0x50, 0x3, 0xff,
    0x87, 0x80, 0x1f, 0x20, 0x6, 0x40, 0xf, 0xc8,
    0x1, 0xff, 0xc2, 0x40, 0xf, 0xfe, 0x9, 0x80,
    0x7f, 0xf0, 0xd0, 0x3, 0xec, 0x0, 0xda, 0x1,
    0xf8, 0x84, 0x3, 0xff, 0x83, 0xa0, 0x1f, 0xfc,
    0x23, 0x0, 0xff, 0xe0, 0x98, 0x7, 0xe5, 0x0,
    0xc8, 0x1, 0xfc, 0x80, 0x1f, 0xfc, 0x14, 0x0,
    0xff, 0xe1, 0x20, 0x7, 0xff, 0x5, 0x0, 0x3e,
    0x12, 0x0, 0xc4, 0x20, 0x1f, 0xb0, 0x3, 0xff,
    0x80, 0x42, 0x1, 0xff, 0xc2, 0xc0, 0xf, 0xfe,
    0xe, 0x0, 0x7c, 0x80, 0x1e, 0x70, 0xf, 0xc8,
    0x1, 0xff, 0xc0, 0x40, 0xf, 0x98, 0x3, 0xe5,
    0x0, 0xff, 0xe0, 0xa0, 0x7, 0xd8, 0x1, 0xec,
    0x0, 0xfc, 0x42, 0x1, 0xff, 0x78, 0x7, 0xde,
    0x1, 0xf0, 0x90, 0x7, 0xfc, 0x60, 0x1f, 0x9c,
    0x3, 0xc8, 0x1, 0xfc, 0x80, 0x1f, 0xf2, 0x0,
    0x7c, 0xe0, 0x1f, 0x90, 0x3, 0xfe, 0x40, 0xf,
    0x88, 0x40, 0x3c, 0x26, 0x1, 0xfb, 0x0, 0x3f,
    0xc2, 0x40, 0x1e, 0x11, 0x80, 0x3e, 0xc0, 0xf,
    0xfb, 0x0, 0x3e, 0x40, 0xf, 0xc8, 0x1, 0xf9,
    0x0, 0x3f, 0xca, 0x1, 0xf1, 0x2, 0x80, 0x7c,
    0xe0, 0x1f, 0xf2, 0x0, 0x7d, 0xa0, 0x1f, 0xb0,
    0x3, 0xf1, 0x8, 0x7, 0xf6, 0x0, 0x7c, 0xa0,
    0x60, 0x1f, 0x10, 0x80, 0x7f, 0x18, 0x7, 0xe4,
    0x0, 0xfc, 0x80, 0x1f, 0xc8, 0x1, 0xfc, 0x80,
    0x1f, 0x78, 0x68, 0x7, 0xe4, 0x0, 0xfe, 0x40,
    0xf, 0x8c, 0x3, 0xfc, 0x80, 0x1f, 0xb0, 0x3,
    0xf8, 0xc0, 0x3e, 0x50, 0x70, 0xf, 0xda, 0x1,
    0xfd, 0x80, 0x1f, 0x58, 0x7, 0xfb, 0x0, 0x3f,
    0x20, 0x7, 0xe3, 0x0, 0xf8, 0x4c, 0x8, 0x40,
    0x3e, 0x40, 0xf, 0xe5, 0x0, 0xf9, 0x0, 0x3f,
    0xc8, 0x1, 0xf8, 0x84, 0x3, 0xe4, 0x0, 0xf9,
    0x40, 0x24, 0x0, 0xf8, 0xc0, 0x3f, 0x18, 0x80,
    0x78, 0x4c, 0x3, 0xfc, 0x62, 0x1, 0xf9, 0x0,
    0x3e, 0xc0, 0xf, 0xb0, 0x2, 0xc0, 0xf, 0xc6,
    0x1, 0xf2, 0x0, 0x7c, 0x80, 0x1f, 0xfc, 0x4,
    0x0, 0xfd, 0x80, 0x1f, 0x28, 0x7, 0xc8, 0x1,
    0x20, 0x7, 0xe4, 0x0, 0xfb, 0x0, 0x3e, 0xc0,
    0xf, 0xfe, 0x6, 0x0, 0x7e, 0x40, 0xf, 0x10,
    0x80, 0x7c, 0x60, 0x11, 0x8, 0x7, 0xd8, 0x1,
    0xf2, 0x80, 0x7c, 0x80, 0x1f, 0xfc, 0x4, 0x0,
    0xfc, 0x42, 0x1, 0xc8, 0x1, 0xf2, 0x0, 0x72,
    0x0, 0x7c, 0xa0, 0x1e, 0x31, 0x0, 0xf1, 0x10,
    0x3, 0xff, 0x80, 0x44, 0x0, 0xfc, 0x80, 0x1d,
    0xe0, 0x1f, 0x60, 0x7, 0x60, 0x7, 0xc2, 0x40,
    0x1c, 0x80, 0x1f, 0x20, 0x7, 0xff, 0x9, 0x0,
    0x3f, 0x60, 0x7, 0x20, 0x7, 0xc6, 0x1, 0xc8,
    0x1, 0xf9, 0x0, 0x3b, 0x0, 0x3e, 0xc0, 0xf,
    0xfe, 0x16, 0x0, 0x7e, 0x40, 0xc, 0x24, 0x1,
    0xf2, 0x0, 0x71, 0x8, 0x7, 0xd8, 0x1, 0xca,
    0x1, 0xf2, 0x0, 0x7f, 0xf0, 0x90, 0x3, 0xf1,
    0x8, 0x4, 0x80, 0x1f, 0x18, 0x7, 0xca, 0x1,
    0xf3, 0x80, 0x63, 0x10, 0xf, 0x18, 0x80, 0x7f,
    0xf0, 0x84, 0xc0, 0x3f, 0x20, 0x5, 0xa0, 0x1f,
    0x20, 0x7, 0xd8, 0x1, 0xf1, 0x8, 0x4, 0x80,
    0x1f, 0x20, 0x7, 0xff, 0x11, 0x0, 0x3f, 0x60,
    0x4, 0x80, 0x1f, 0x60, 0x7, 0xc8, 0x1, 0xf9,
    0x0, 0x2c, 0x0, 0xfa, 0xc0, 0x3f, 0xf8, 0x96,
    0x1, 0xf9, 0x0, 0x23, 0x0, 0xf9, 0x0, 0x3e,
    0x30, 0xf, 0xda, 0x1, 0x28, 0x7, 0xc6, 0x1,
    0xff, 0xc4, 0x30, 0xf, 0xc4, 0x20, 0x60, 0x1f,
    0x18, 0x7, 0xf2, 0x0, 0x7c, 0x80, 0x3, 0x10,
    0xf, 0x20, 0x7, 0xff, 0x19, 0x0, 0x3f, 0x20,
    0x28, 0x7, 0xc8, 0x1, 0xfd, 0x80, 0x1f, 0x18,
    0x1, 0x40, 0x3e, 0xd0, 0xf, 0xfe, 0x36, 0x0,
    0x7e, 0xd0, 0xf0, 0xf, 0xb4, 0x3, 0xf9, 0x0,
    0x3f, 0x18, 0x60, 0x7, 0xc8, 0x1, 0xff, 0xc6,
    0x50, 0xf, 0xc4, 0xa, 0x1, 0xf2, 0x0, 0x7f,
    0x18, 0x7, 0xe5, 0x7, 0x0, 0xf0, 0x90, 0x7,
    0xff, 0x18, 0x84, 0x3, 0xe7, 0x2, 0x0, 0xf1,
    0x8, 0x7, 0xf9, 0x0, 0x3e, 0xe1, 0x20, 0xf,
    0x20, 0x7, 0xff, 0x21, 0x0, 0x3e, 0x21, 0x10,
    0x7, 0x90, 0x3, 0xfe, 0xc0, 0xf, 0x8c, 0x80,
    0x3e, 0xf0, 0xf, 0xfe, 0x47, 0x80, 0x7e, 0x40,
    0xf, 0xb0, 0x3, 0xfe, 0x40, 0xf, 0x99, 0x40,
    0x3e, 0x40, 0xf, 0xfe, 0x42, 0x0, 0x7e, 0xe0,
    0xf, 0x90, 0x3, 0xfe, 0x30, 0xf, 0x8b, 0x40,
    0x3c, 0x42, 0x1, 0xff, 0xc8, 0x12, 0x0, 0xf9,
    0x0, 0x3c, 0x42, 0x1, 0xff, 0xc0, 0x30, 0xf,
    0x90, 0x3, 0xca, 0x1, 0xff, 0xca, 0x40, 0xf,
    0xfe, 0x12, 0x0, 0x7f, 0xf0, 0x50, 0x3, 0xff,
    0x85, 0x80, 0x1f, 0xfc, 0xad, 0x0, 0xff, 0xe1,
    0x78, 0x7, 0xff, 0x7, 0x0, 0x3f, 0xf8, 0x48,
    0x1, 0xff, 0xca, 0x40, 0xf, 0xfe, 0x12, 0x0,
    0x7f, 0xf0, 0x50, 0x3, 0xff, 0x82, 0x80, 0x1f,
    0xfc, 0xc3, 0x0, 0xff, 0xe0, 0x9, 0x0, 0x7f,
    0xf0, 0x8c, 0x3, 0xff, 0x81, 0x80, 0x1f, 0xfc,
    0xcb, 0x0, 0xff, 0xe0, 0x20, 0x7, 0xff, 0xd,
    0x0, 0x3f, 0xf8, 0x8, 0x1, 0xff, 0xcc, 0x40,
    0xf, 0xfe, 0x6, 0x0, 0x7f, 0xf0, 0xf0, 0x3,
    0xfe, 0x13, 0x0, 0xff, 0xe6, 0x18, 0x7, 0xff,
    0x1, 0x0, 0x3f, 0xf8, 0x68, 0x1, 0xff, 0x20,
    0x7, 0xff, 0x39, 0x40, 0x3f, 0xc2, 0x40, 0x1f,
    0xfc, 0x43, 0x0, 0xff, 0x60, 0x7, 0xff, 0x3b,
    0x0, 0x3f, 0xc8, 0x1, 0xff, 0xc5, 0x40, 0xf,
    0xf3, 0x80, 0x7f, 0xf0, 0x40,

    /* U+0058 "X" */
    0x0, 0x1b, 0xbf, 0xf9, 0x0, 0x3f, 0xf9, 0x2e,
    0xff, 0xe2, 0x0, 0xc5, 0x31, 0x1f, 0xd6, 0x40,
    0x1f, 0xfc, 0x77, 0x88, 0xfe, 0xa2, 0x0, 0xc3,
    0x40, 0x1f, 0xee, 0x0, 0xff, 0xe3, 0x14, 0x0,
    0x7f, 0x70, 0x7, 0x91, 0x80, 0x3f, 0x8d, 0xc0,
    0x3f, 0xf8, 0xbc, 0x1, 0xfc, 0xe6, 0x1, 0xf4,
    0x88, 0x7, 0xf4, 0x10, 0x7, 0xff, 0xd, 0xcc,
    0x3, 0xf1, 0x40, 0x7, 0xf5, 0x0, 0x7f, 0xb8,
    0x3, 0xff, 0x84, 0x50, 0x1, 0xfd, 0xc0, 0x1f,
    0xe4, 0x60, 0xf, 0xe3, 0x60, 0xf, 0xfe, 0xf,
    0x0, 0x7f, 0x41, 0x80, 0x7f, 0xd2, 0x40, 0x1f,
    0xd2, 0x40, 0x1f, 0xf3, 0x18, 0x7, 0xe3, 0x70,
    0xf, 0xfe, 0xf, 0x0, 0x7f, 0xa4, 0x3, 0xfc,
    0x52, 0x1, 0xfd, 0xc0, 0x1f, 0xfc, 0x23, 0x70,
    0xf, 0xe4, 0x60, 0xf, 0xe9, 0x0, 0xfe, 0x82,
    0x0, 0xff, 0xe1, 0xc1, 0x0, 0x7f, 0x48, 0x80,
    0x7c, 0xc8, 0x1, 0xf8, 0xdc, 0x3, 0xff, 0x8b,
    0xc0, 0x1f, 0xea, 0x0, 0xf0, 0xc8, 0x7, 0xf7,
    0x0, 0x7f, 0xf1, 0x8e, 0x0, 0x3f, 0x91, 0x80,
    0x3a, 0x80, 0x3f, 0xa4, 0x80, 0x3f, 0xf8, 0xee,
    0x60, 0x1f, 0xd0, 0x20, 0x13, 0x20, 0x7, 0xe4,
    0x60, 0xf, 0xfe, 0x4f, 0x0, 0x7f, 0xd, 0x0,
    0x6, 0x0, 0x3f, 0xd, 0x0, 0x7f, 0xf2, 0x8a,
    0x0, 0x3f, 0x91, 0x42, 0x84, 0x3, 0xf5, 0x88,
    0x7, 0xff, 0x2d, 0xcc, 0x3, 0xfa, 0xdd, 0x0,
    0x3f, 0x2a, 0x80, 0x3f, 0xf9, 0xbc, 0x1, 0xfc,
    0x30, 0x1, 0xf8, 0x6c, 0x3, 0xff, 0x9c, 0x52,
    0x1, 0xff, 0xc6, 0xa1, 0x0, 0xff, 0xe7, 0xb2,
    0x0, 0x7f, 0xf1, 0x19, 0x0, 0x3f, 0xfa, 0x34,
    0x20, 0x1f, 0xfc, 0x21, 0x90, 0xf, 0xfe, 0x90,
    0xd8, 0x7, 0xff, 0xa, 0x80, 0x3f, 0xfa, 0x8a,
    0xa0, 0xf, 0xfe, 0x3, 0x20, 0x7, 0xff, 0x56,
    0xc0, 0x3f, 0xf8, 0x10, 0x1, 0xff, 0xd6, 0x80,
    0xf, 0xfe, 0x4, 0x0, 0x7f, 0xf5, 0x51, 0x80,
    0x3f, 0xf8, 0xc, 0x80, 0x1f, 0xfd, 0x49, 0x0,
    0xff, 0xe1, 0x50, 0x7, 0xff, 0x4e, 0x48, 0x3,
    0xff, 0x84, 0x32, 0x1, 0xff, 0xd1, 0x46, 0x0,
    0xff, 0xe2, 0x32, 0x0, 0x7f, 0xf3, 0xc6, 0x80,
    0x3f, 0xf8, 0xd4, 0x20, 0x1f, 0xfc, 0xeb, 0x10,
    0xf, 0xd0, 0x20, 0x1f, 0x86, 0xc0, 0x3f, 0xf9,
    0xaa, 0xa0, 0xf, 0xca, 0xf6, 0x1, 0xfc, 0xaa,
    0x0, 0xff, 0xe5, 0x8d, 0x80, 0x7e, 0x1b, 0x5,
    0x50, 0x7, 0xf5, 0x88, 0x7, 0xff, 0x2a, 0x84,
    0x3, 0xf5, 0x88, 0x2, 0xc4, 0x3, 0xf0, 0xd0,
    0x7, 0xff, 0x25, 0x50, 0x3, 0xf2, 0x28, 0x4,
    0x36, 0x1, 0xfc, 0x8c, 0x1, 0xff, 0xc7, 0x1a,
    0x0, 0xfe, 0xa0, 0xe, 0x54, 0x0, 0xfe, 0x91,
    0x0, 0xff, 0xe3, 0x50, 0x7, 0xf4, 0x88, 0x7,
    0xa8, 0x40, 0x3f, 0xa8, 0x3, 0xff, 0x8a, 0xc8,
    0x1, 0xf9, 0x18, 0x3, 0xe1, 0x80, 0xf, 0xe4,
    0x60, 0xf, 0xfe, 0x19, 0x48, 0x7, 0xf4, 0x80,
    0x7f, 0x32, 0x0, 0x7f, 0x49, 0x0, 0x7f, 0xf0,
    0xb8, 0x3, 0xfa, 0x8, 0x3, 0xfd, 0x40, 0x1f,
    0xee, 0x0, 0xff, 0xe0, 0xb9, 0x80, 0x7e, 0x37,
    0x0, 0xff, 0x86, 0x40, 0x3f, 0x8d, 0xc0, 0x3f,
    0xe2, 0x80, 0xf, 0xee, 0x0, 0xff, 0xe0, 0xb2,
    0x0, 0x7f, 0x41, 0x0, 0x7f, 0xb8, 0x3, 0xfa,
    0x8, 0x3, 0xff, 0x85, 0x20, 0x1f, 0xee, 0x0,
    0xfe, 0x73, 0x0, 0xfc, 0x4e, 0x1, 0xff, 0xc3,
    0x29, 0x0, 0xfe, 0x38, 0x0, 0xf8, 0xe0, 0x3,
    0xfb, 0x80, 0x3f, 0xf8, 0xac, 0x60, 0x1f, 0xce,
    0x60, 0x1e, 0xe0, 0xf, 0xe7, 0x30, 0xf, 0xfe,
    0x37, 0x0, 0x7f, 0xb8, 0x3, 0xa0, 0x80, 0x3f,
    0x14, 0x0, 0x7f, 0xf1, 0xca, 0x0, 0x3f, 0x8a,
    0x0, 0x23, 0x70, 0xf, 0xee, 0x0, 0xff, 0xe4,
    0xb9, 0x80, 0x7f, 0x39, 0x80, 0x38, 0x3, 0xf9,
    0x8c, 0x3, 0xff, 0x95, 0xc0, 0x1f, 0xee, 0x0,

    /* U+0059 "Y" */
    0x17, 0x88, 0xfe, 0x20, 0xf, 0xfe, 0x61, 0xc4,
    0x7f, 0x20, 0xeb, 0xbf, 0xf7, 0x0, 0x7f, 0xf3,
    0x39, 0xdf, 0xf9, 0x42, 0xc4, 0x3, 0xf1, 0xb8,
    0x7, 0xff, 0x29, 0xc8, 0x3, 0xf4, 0x88, 0xd,
    0x80, 0x7f, 0x40, 0x80, 0x7f, 0xf2, 0x6, 0x0,
    0x3f, 0x1b, 0x0, 0x4a, 0x80, 0x1f, 0xd6, 0x1,
    0xff, 0xc8, 0xa0, 0xf, 0xee, 0x0, 0xe9, 0x0,
    0xfe, 0x54, 0x0, 0xff, 0xe3, 0x22, 0x0, 0x3f,
    0x41, 0x0, 0x71, 0x40, 0x7, 0xf4, 0x80, 0x7f,
    0xf1, 0xa8, 0x3, 0xf1, 0x38, 0x7, 0xce, 0x60,
    0x1f, 0x8a, 0x0, 0x3f, 0xf8, 0x90, 0x20, 0x1f,
    0xb8, 0x3, 0xfb, 0x80, 0x3f, 0x9c, 0x80, 0x3f,
    0xf8, 0x44, 0xe0, 0x1f, 0x98, 0xc0, 0x3f, 0x89,
    0xc0, 0x3f, 0xb8, 0x3, 0xff, 0x85, 0x20, 0x1f,
    0x86, 0x40, 0x3f, 0xe8, 0x20, 0xf, 0xc6, 0xc0,
    0x1f, 0xfc, 0x5, 0x40, 0xf, 0xd4, 0x1, 0xff,
    0xc1, 0xe0, 0xf, 0xe8, 0x10, 0xf, 0xf0, 0xd8,
    0x7, 0xe5, 0x40, 0xf, 0xfe, 0x9, 0xb0, 0x7,
    0xe1, 0x80, 0xf, 0xf4, 0x8, 0x7, 0xc3, 0x60,
    0x1f, 0xfc, 0x39, 0x10, 0xf, 0xcc, 0x60, 0x1f,
    0x8d, 0x80, 0x3f, 0x58, 0x80, 0x7f, 0xf1, 0x28,
    0x3, 0xfb, 0x80, 0x3f, 0x78, 0x7, 0xe4, 0x50,
    0xf, 0xfe, 0x2a, 0x28, 0x7, 0xe2, 0x70, 0xf,
    0x31, 0x80, 0x7e, 0x90, 0xf, 0xfe, 0x3d, 0x88,
    0x7, 0xe8, 0x20, 0xc, 0x32, 0x1, 0xfa, 0x8,
    0x3, 0xff, 0x8e, 0x30, 0x1, 0xfd, 0x20, 0x1a,
    0xc0, 0x3f, 0x1b, 0x80, 0x7f, 0xf2, 0x59, 0x0,
    0x3f, 0x22, 0x80, 0x11, 0x40, 0x3f, 0x78, 0x7,
    0xff, 0x2e, 0x40, 0x3f, 0xac, 0x1, 0x20, 0x1f,
    0x9c, 0xc0, 0x3f, 0xf9, 0x65, 0x0, 0x1f, 0x86,
    0x5c, 0x80, 0x3e, 0x28, 0x0, 0xff, 0xe6, 0xb9,
    0x80, 0x7e, 0x68, 0x0, 0xfd, 0x20, 0x1f, 0xfc,
    0xfe, 0x0, 0xff, 0xe2, 0xb2, 0x0, 0x7f, 0xf3,
    0xc9, 0xc0, 0x3f, 0xf8, 0x63, 0x0, 0x1f, 0xfd,
    0x18, 0x20, 0xf, 0xfe, 0x15, 0x88, 0x7, 0xff,
    0x4b, 0x80, 0x3f, 0xf8, 0x28, 0xa0, 0x1f, 0xfd,
    0x33, 0x60, 0xf, 0xfe, 0x5, 0x0, 0x7f, 0xf5,
    0x64, 0x40, 0x3f, 0xd2, 0x20, 0x1f, 0xfd, 0x6b,
    0x0, 0xfe, 0x36, 0x0, 0xff, 0xeb, 0xa9, 0x0,
    0x7e, 0x80, 0xf, 0xff, 0xf8, 0x7, 0xff, 0xfc,
    0x3, 0xff, 0xfe, 0x1, 0xff, 0xff, 0x0, 0xff,
    0xff, 0x80, 0x7f, 0xff, 0xc0, 0x3f, 0xff, 0xe0,
    0x1f, 0xff, 0xf0, 0xf, 0xff, 0xf8, 0x7, 0xff,
    0xfc, 0x3, 0xff, 0xfe, 0x1, 0xff, 0xff, 0x0,
    0xff, 0x80,

    /* U+005A "Z" */
    0x2, 0xdd, 0xff, 0xec, 0x90, 0x0, 0x8b, 0xff,
    0xb2, 0x1, 0xff, 0xff, 0x0, 0xff, 0xf0, 0x98,
    0x7, 0xff, 0x69, 0xc4, 0x3, 0xff, 0xb2, 0x70,
    0x1, 0xff, 0xda, 0xe0, 0x8, 0xbf, 0xff, 0xf9,
    0x68, 0x1, 0xfe, 0x92, 0x0, 0xff, 0xe7, 0x32,
    0x0, 0x7f, 0x23, 0x0, 0x7f, 0xf3, 0x8a, 0x40,
    0x3f, 0x86, 0x80, 0x3f, 0xf9, 0xfc, 0x1, 0xfe,
    0xb1, 0x0, 0xff, 0xe7, 0x39, 0x80, 0x7f, 0x2a,
    0x80, 0x3f, 0xf9, 0xc7, 0x0, 0x1f, 0xc5, 0x40,
    0x1f, 0xfc, 0xfe, 0x0, 0xff, 0x70, 0x7, 0xff,
    0x3e, 0x48, 0x3, 0xf9, 0xcc, 0x3, 0xff, 0x9c,
    0x8c, 0x1, 0xfc, 0x70, 0x1, 0xff, 0xce, 0x1a,
    0x0, 0xff, 0x70, 0x7, 0xff, 0x3e, 0x84, 0x3,
    0xfa, 0x48, 0x3, 0xff, 0x9c, 0xc8, 0x1, 0xfc,
    0x8c, 0x1, 0xff, 0xce, 0x29, 0x0, 0xfe, 0x1a,
    0x0, 0xff, 0xe7, 0xf0, 0x7, 0xfa, 0xc4, 0x3,
    0xff, 0x9c, 0xe6, 0x1, 0xfc, 0xca, 0x1, 0xff,
    0xce, 0x38, 0x0, 0xfe, 0x29, 0x0, 0xff, 0xe7,
    0xf0, 0x7, 0xfb, 0x80, 0x3f, 0xf9, 0xf2, 0x40,
    0x1f, 0xce, 0x60, 0x1f, 0xfc, 0xe4, 0x60, 0xf,
    0xe3, 0x80, 0xf, 0xfe, 0x70, 0xd0, 0x7, 0xfb,
    0x80, 0x3f, 0xf9, 0xf6, 0x20, 0x1f, 0xd2, 0x40,
    0x1f, 0xfc, 0xe6, 0x50, 0xf, 0xe4, 0x60, 0xf,
    0xfe, 0x71, 0x48, 0x7, 0xf0, 0xd0, 0x7, 0xff,
    0x3f, 0x80, 0x3f, 0xd6, 0x20, 0x1f, 0xfc, 0xe7,
    0x30, 0xf, 0xe6, 0x50, 0xf, 0xfe, 0x71, 0xc0,
    0x7, 0xf1, 0x48, 0x7, 0xff, 0x3f, 0x80, 0x3f,
    0xdc, 0x1, 0xff, 0xcf, 0x92, 0x0, 0xfe, 0x73,
    0x0, 0xff, 0xe7, 0x23, 0x0, 0x7f, 0x1c, 0x0,
    0x7f, 0xf3, 0x86, 0x80, 0x3f, 0xdc, 0x1, 0xff,
    0xcf, 0xb1, 0x0, 0xfe, 0x92, 0x0, 0xff, 0xe7,
    0x32, 0x80, 0x7f, 0x23, 0x0, 0x7f, 0xf3, 0x8a,
    0x40, 0x3f, 0x86, 0x80, 0x3f, 0xf9, 0xfc, 0x1,
    0xfe, 0x1c, 0xdd, 0xff, 0xe6, 0x50, 0x39, 0x80,
    0x7f, 0xc4, 0x5f, 0xfc, 0xd6, 0x38, 0x0, 0xff,
    0xed, 0x70, 0x7, 0xff, 0x6c, 0x80, 0x3f, 0xff,
    0xe0, 0x1f, 0xff, 0xf0, 0xf, 0xe0,

    /* U+005B "[" */
    0x1, 0x1f, 0xfe, 0x10, 0x37, 0x77, 0xff, 0x8,
    0x80, 0x3f, 0xff, 0xe0, 0x1f, 0xfc, 0x1, 0xff,
    0xf8, 0x80, 0x3f, 0xff, 0xe0, 0x1f, 0xff, 0xf0,
    0xf, 0xff, 0xf8, 0x7, 0xff, 0xfc, 0x3, 0xff,
    0xfe, 0x1, 0xff, 0xff, 0x0, 0xff, 0xff, 0x80,
    0x7f, 0xff, 0xc0, 0x3f, 0xff, 0xe0, 0x1f, 0xff,
    0xf0, 0xf, 0xfe, 0xf0, 0x8f, 0xc0, 0x1f, 0x87,
    0xbb, 0xe2, 0x0, 0xff, 0xff, 0x80, 0x70,

    /* U+005C "\\" */
    0x78, 0x8e, 0x10, 0xf, 0xfe, 0x16, 0x3b, 0xf8,
    0x3, 0xff, 0x85, 0x80, 0x1d, 0x80, 0x1f, 0xfc,
    0x24, 0x0, 0xe4, 0x0, 0xff, 0xe1, 0x18, 0x80,
    0x61, 0x30, 0xf, 0xfe, 0x12, 0x0, 0x72, 0x0,
    0x7f, 0xf0, 0xb0, 0x3, 0xb0, 0x3, 0xff, 0x84,
    0x80, 0x1c, 0x80, 0x1f, 0xfc, 0x22, 0x10, 0xe,
    0x40, 0xf, 0xfe, 0x13, 0x80, 0x76, 0x0, 0x7f,
    0xf0, 0xb0, 0x3, 0x90, 0x3, 0xff, 0x84, 0x80,
    0x1c, 0x62, 0x1, 0xff, 0xc1, 0x12, 0x0, 0xe4,
    0x0, 0xff, 0xe1, 0x28, 0x7, 0x60, 0x7, 0xff,
    0xb, 0x0, 0x39, 0x0, 0x3f, 0xf8, 0x48, 0x1,
    0xc4, 0x40, 0xf, 0xfe, 0x11, 0x80, 0x72, 0x0,
    0x7f, 0xf0, 0xac, 0x3, 0xb0, 0x3, 0xff, 0x84,
    0x80, 0x1c, 0x80, 0x1f, 0xfc, 0x23, 0x0, 0xe1,
    0x30, 0xf, 0xfe, 0x12, 0x0, 0x72, 0x0, 0x7f,
    0xf0, 0xb0, 0x3, 0xb0, 0x3, 0xff, 0x84, 0xa0,
    0x1c, 0x80, 0x1f, 0xfc, 0x22, 0x10, 0xe, 0x30,
    0xf, 0xfe, 0x12, 0x0, 0x75, 0x80, 0x7f, 0xf0,
    0xb0, 0x3, 0x90, 0x3, 0xff, 0x84, 0xe0, 0x1c,
    0x60, 0x1f, 0xfc, 0x21, 0x20, 0xe, 0x40, 0xf,
    0xfe, 0x12, 0x0, 0x76, 0x80, 0x7f, 0xf0, 0xb0,
    0x3, 0x90, 0x3, 0xff, 0x84, 0x80, 0x1c, 0x42,
    0x1, 0xff, 0xc1, 0x13, 0x0, 0xe4, 0x0, 0xff,
    0xe1, 0x20, 0x7, 0x78, 0x7, 0xff, 0xb, 0x0,
    0x39, 0x0, 0x3f, 0xf8, 0x48, 0x1, 0xc2, 0x40,
    0x1f, 0xfc, 0x24, 0x0, 0xe4, 0x0, 0xff, 0xe1,
    0x60, 0x7, 0x68, 0x7, 0xff, 0x9, 0x0, 0x39,
    0x0, 0x3f, 0xf8, 0x46, 0x20, 0x1c, 0x60, 0x1f,
    0xfc, 0x24, 0x0, 0xe4, 0x0, 0xff, 0xe1, 0x60,
    0x7, 0x58, 0x7, 0xff, 0x9, 0x0, 0x38, 0xc0,
    0x3f, 0xf8, 0x44, 0x40, 0xe, 0x40, 0xf, 0xfe,
    0x12, 0x0, 0x76, 0x0, 0x7f, 0xf0, 0xb0, 0x3,
    0x90, 0x3, 0xff, 0x84, 0x80, 0x1c, 0x62, 0x1,
    0xff, 0xc1, 0x12, 0x0, 0xe4, 0x0, 0xff, 0xe1,
    0x28, 0x7, 0x60, 0x7, 0xff, 0xb, 0x0, 0x39,
    0x0, 0x3f, 0xf8, 0x48, 0x1, 0xc4, 0x40, 0xf,
    0xfe, 0x11, 0x80, 0x72, 0x0, 0x7f, 0xf0, 0xac,
    0x3, 0xb0, 0x3, 0xff, 0x84, 0x80, 0x1c, 0x80,
    0x1f, 0xfc, 0x23, 0x0, 0xe1, 0x30, 0xf, 0xfe,
    0x12, 0x0, 0x72, 0x0, 0x7f, 0xf0, 0xb4, 0x3,
    0xb0,

    /* U+005D "]" */
    0x1, 0x1f, 0xfe, 0x10, 0x37, 0x77, 0xff, 0x8,
    0x40, 0x3f, 0xff, 0xe0, 0x1c, 0xdf, 0xfe, 0xc0,
    0xf, 0xff, 0xf8, 0x7, 0xff, 0xfc, 0x3, 0xff,
    0xfe, 0x1, 0xff, 0xff, 0x0, 0xff, 0xff, 0x80,
    0x7f, 0xff, 0xc0, 0x3f, 0xff, 0xe0, 0x1f, 0xff,
    0xf0, 0xf, 0xff, 0xf8, 0x7, 0xff, 0xfc, 0x3,
    0xff, 0xbe, 0x23, 0xe7, 0x0, 0xfc, 0xdd, 0xde,
    0xb0, 0xf, 0xff, 0xf8, 0x7, 0xff, 0x4,

    /* U+005E "^" */
    0x0, 0xff, 0x92, 0x23, 0xce, 0x1, 0xff, 0xca,
    0xa7, 0x7f, 0x42, 0x80, 0x7f, 0xf2, 0x14, 0x40,
    0x3e, 0x90, 0xf, 0xfe, 0x47, 0x0, 0x7e, 0x32,
    0x0, 0xff, 0xe3, 0xa, 0x0, 0x7f, 0x58, 0x7,
    0xff, 0x1a, 0x40, 0x3f, 0xce, 0x1, 0xff, 0xc6,
    0x60, 0xf, 0xf0, 0xa8, 0x7, 0xff, 0x11, 0x4,
    0x3, 0xfe, 0x90, 0xf, 0xfe, 0x27, 0x80, 0x79,
    0x0, 0x38, 0xc8, 0x3, 0xff, 0x84, 0x28, 0x1,
    0xcb, 0xe0, 0x1e, 0xb0, 0xf, 0xfe, 0x13, 0x0,
    0x7b, 0x90, 0x40, 0x39, 0xc0, 0x3f, 0xf8, 0x52,
    0x1, 0xc2, 0x80, 0xc0, 0x1c, 0x2a, 0x1, 0xff,
    0xc0, 0x41, 0x0, 0xe6, 0x0, 0x50, 0x7, 0xa4,
    0x3, 0xff, 0x81, 0xc0, 0x1e, 0xb0, 0x1, 0x18,
    0x7, 0x19, 0x0, 0x7f, 0x85, 0x40, 0x38, 0x8c,
    0x2, 0xa0, 0xf, 0x50, 0x7, 0xf9, 0x80, 0x3d,
    0x40, 0x19, 0x80, 0x3c, 0xc0, 0x1f, 0xea, 0x0,
    0xf3, 0x0, 0x72, 0x80, 0x70, 0xa8, 0x7, 0xe4,
    0x20, 0xe, 0x41, 0x0, 0xee, 0x0, 0xf4, 0x80,
    0x7e, 0xe0, 0xf, 0x70, 0x7, 0x90, 0x40, 0x38,
    0xc8, 0x3, 0xc2, 0xa0, 0x1e, 0x50, 0xf, 0x98,
    0x3, 0xd4, 0x1, 0xe6, 0x0, 0xf3, 0x0, 0x7e,
    0xa0, 0xf, 0x30, 0x7, 0xa8, 0x3, 0xd4, 0x1,
    0xf8, 0x8c, 0x3, 0x85, 0x40, 0x32, 0x10, 0x7,
    0x11, 0x80, 0x7f, 0x50, 0x7, 0xa4, 0x3, 0x70,
    0x7, 0x94, 0x3, 0xfc, 0xc0, 0x1e, 0x32, 0x0,
    0xa, 0x80, 0x7a, 0x80, 0x3f, 0xe5, 0x0, 0xf5,
    0x0, 0x18, 0x3, 0xc6, 0x40, 0x1f, 0xf7, 0x0,
    0x79, 0x80, 0x14, 0x1, 0xea, 0x0, 0xff, 0xe0,
    0x21, 0x0, 0x70, 0xa9, 0x90, 0x7, 0x98, 0x3,
    0xff, 0x82, 0xa0, 0x1e, 0x90,

    /* U+005F "_" */
    0xff, 0xff, 0xeb, 0xb8, 0x7, 0xff, 0xfc, 0x3,
    0xff, 0xfe, 0x1, 0xff, 0xd2,

    /* U+0060 "`" */
    0x23, 0x3f, 0x88, 0x3, 0xc9, 0x99, 0xf6, 0xb0,
    0x7, 0x33, 0x0, 0x3e, 0x81, 0x0, 0xe9, 0x30,
    0xf, 0xc, 0x0, 0x7b, 0x44, 0x3, 0xcc, 0x60,
    0x1c, 0x38, 0x1, 0xf7, 0x0, 0x78, 0xa8, 0x3,
    0xc4, 0xe0, 0x1e, 0x58, 0x0, 0xf4, 0x8, 0x7,
    0x9d, 0x40, 0x3d, 0x40, 0x1f, 0x51, 0x80, 0x72,
    0x28,

    /* U+0061 "a" */
    0x0, 0xff, 0x89, 0x62, 0xaf, 0x31, 0x75, 0x2e,
    0x60, 0x1f, 0xfc, 0xa2, 0x9e, 0xda, 0x75, 0x43,
    0x32, 0x2b, 0x46, 0x7d, 0x20, 0x7, 0xff, 0x14,
    0x6b, 0x58, 0x40, 0x3f, 0xf8, 0x2b, 0x78, 0x60,
    0x1f, 0xfc, 0x25, 0xe5, 0x0, 0xff, 0xe3, 0x1e,
    0x30, 0x7, 0xff, 0x1, 0x68, 0x3, 0xff, 0x95,
    0x2c, 0x1, 0xfe, 0x3a, 0x0, 0xff, 0xe6, 0x49,
    0x0, 0x7f, 0x78, 0x7, 0xff, 0x3a, 0x40, 0x3f,
    0x19, 0x80, 0x3f, 0x9f, 0x3b, 0xfd, 0xd8, 0xe0,
    0x1f, 0xc8, 0x40, 0x1f, 0x58, 0x7, 0xe3, 0xe8,
    0x31, 0x0, 0x9, 0xc6, 0x88, 0x7, 0xe5, 0x0,
    0xf8, 0xc0, 0x3f, 0x68, 0x80, 0x7e, 0x2b, 0x0,
    0xfd, 0xa0, 0x1f, 0x38, 0x7, 0xca, 0x20, 0x1f,
    0xe5, 0x0, 0xfc, 0xc0, 0x1f, 0xfc, 0x32, 0x0,
    0xff, 0xe0, 0x18, 0x7, 0xc2, 0x1, 0xf7, 0xdd,
    0xfd, 0x40, 0x1f, 0xfc, 0x6, 0x0, 0xf8, 0xc0,
    0x3e, 0x34, 0x4f, 0x88, 0x3, 0xff, 0xfe, 0x1,
    0xff, 0xd9, 0x24, 0x78, 0xac, 0xde, 0xe7, 0xf9,
    0x40, 0x3f, 0xf9, 0x22, 0xd7, 0xdb, 0x70, 0xea,
    0x64, 0x22, 0x0, 0xff, 0xe5, 0x1d, 0x74, 0xa0,
    0x80, 0x7f, 0xf4, 0x46, 0xf1, 0x40, 0x3f, 0xfa,
    0x87, 0xe8, 0x1, 0xff, 0xd5, 0x3c, 0x10, 0xf,
    0xfe, 0xb6, 0x80, 0x7f, 0xc6, 0xd3, 0x7b, 0xdf,
    0xf2, 0x80, 0x7f, 0xf0, 0xa0, 0x40, 0x3f, 0xc,
    0xf6, 0x4b, 0x21, 0x8, 0x7, 0xff, 0x19, 0x80,
    0x3f, 0x2f, 0x30, 0x80, 0x7f, 0x8, 0x7, 0xff,
    0x4, 0xc4, 0x3, 0xe3, 0xa0, 0xf, 0xfe, 0x3,
    0x0, 0x7f, 0xf0, 0x50, 0x3, 0xf4, 0x80, 0x7f,
    0xf0, 0x4, 0x80, 0x3f, 0xf8, 0x3e, 0x1, 0xf9,
    0xc0, 0x3f, 0xf8, 0x12, 0x1, 0xff, 0xc2, 0x10,
    0xf, 0xc2, 0x1, 0xff, 0xb, 0x80, 0x7f, 0xf2,
    0xd0, 0x3, 0xfc, 0x3a, 0x1, 0xff, 0xc3, 0x10,
    0xf, 0xd0, 0x60, 0x1f, 0x8f, 0xc, 0x3, 0xf8,
    0x44, 0x1, 0xb4, 0x3, 0xfb, 0x29, 0x8, 0x48,
    0xdf, 0x30, 0x40, 0x1f, 0xf6, 0x98, 0x88, 0x10,
    0x3, 0xfc, 0xb7, 0xbd, 0xb9, 0x6, 0x1, 0xff,
    0xc1, 0x3c, 0xee, 0x48, 0xa0, 0x7, 0xff, 0x62,
    0x40, 0x3f, 0xf9, 0x36, 0xc0, 0x1f, 0xfc, 0x12,
    0x90, 0xf, 0xfe, 0x3d, 0xa5, 0x80, 0x7f, 0xf0,
    0x9a, 0x80, 0x3f, 0xf8, 0x87, 0xa8, 0x5, 0x0,
    0x1f, 0xfc, 0x25, 0xd6, 0x0, 0xff, 0xe0, 0x14,
    0xe1, 0x0, 0x4f, 0x0, 0x1f, 0xc2, 0x1, 0x8a,
    0x7a, 0x98, 0xc4, 0x0, 0x24, 0x91, 0x9a, 0xc0,
    0x1e, 0x7d, 0x72, 0x10, 0x13, 0x6b, 0x80,

    /* U+0062 "b" */
    0x7f, 0xff, 0xc2, 0x1, 0xff, 0xff, 0x0, 0xff,
    0xff, 0x80, 0x7f, 0xff, 0xc0, 0x3f, 0xff, 0xe0,
    0x1f, 0xff, 0xf0, 0xf, 0xff, 0xf8, 0x7, 0xf9,
    0x22, 0xfb, 0x9f, 0xed, 0xa7, 0x10, 0xf, 0xfe,
    0x53, 0xf5, 0xba, 0x8, 0x80, 0x4, 0xb1, 0xd4,
    0x40, 0x1f, 0xfc, 0x62, 0xd8, 0x10, 0xf, 0xf9,
    0x75, 0xc0, 0x3f, 0xf8, 0x87, 0x84, 0x1, 0xff,
    0xc3, 0x89, 0x0, 0xff, 0xe1, 0x1e, 0x88, 0x7,
    0xff, 0x15, 0xa0, 0x3, 0xff, 0x83, 0x82, 0x1,
    0xff, 0xc7, 0x74, 0x0, 0xff, 0xe0, 0x8, 0x7,
    0xff, 0x26, 0x80, 0x3f, 0xf8, 0xa2, 0xd1, 0x30,
    0xc6, 0x1, 0xfe, 0x16, 0x0, 0xff, 0xe1, 0xd,
    0x74, 0xbb, 0x3c, 0xe6, 0xa0, 0x7, 0xf4, 0x0,
    0x7f, 0xf0, 0x4b, 0xd4, 0x3, 0xe2, 0xb6, 0x0,
    0xfc, 0x28, 0x1, 0xff, 0xc0, 0xf1, 0x0, 0xff,
    0x49, 0x0, 0x7e, 0xd0, 0xf, 0xf9, 0xc8, 0x3,
    0xff, 0x81, 0x0, 0x1f, 0x90, 0x3, 0xfe, 0x90,
    0xf, 0xfe, 0xa, 0x88, 0x7, 0xc4, 0x20, 0x1f,
    0xc6, 0x20, 0x1f, 0xfc, 0x24, 0x0, 0xfc, 0xa0,
    0x1f, 0xc8, 0x1, 0xff, 0xc3, 0xd0, 0xf, 0xc4,
    0x1, 0xfd, 0xa0, 0x1f, 0xfc, 0x32, 0x0, 0xfd,
    0xc0, 0x1f, 0xcc, 0x1, 0xff, 0xc3, 0x60, 0xf,
    0xc2, 0x1, 0xfc, 0x20, 0x1f, 0xfc, 0x31, 0x0,
    0xfc, 0x60, 0x1f, 0xc6, 0x1, 0xff, 0xe6, 0x30,
    0xf, 0xc2, 0x1, 0xff, 0xd6, 0x10, 0xf, 0xe3,
    0x0, 0xff, 0xe1, 0x98, 0x7, 0xff, 0x18, 0x40,
    0x3f, 0xf8, 0x62, 0x1, 0xf8, 0xc0, 0x3f, 0x98,
    0x3, 0xff, 0x86, 0xe0, 0x1f, 0xb8, 0x3, 0xf8,
    0x80, 0x3f, 0xf8, 0x66, 0x1, 0xf8, 0x40, 0x3f,
    0xb0, 0x3, 0xff, 0x87, 0xa0, 0x1f, 0x88, 0x3,
    0xf9, 0x4, 0x3, 0xff, 0x84, 0x80, 0x1f, 0x94,
    0x3, 0xfc, 0xc0, 0x1f, 0xfc, 0x14, 0x10, 0xf,
    0x88, 0x40, 0x3f, 0xd0, 0x20, 0x1f, 0xfc, 0x9,
    0x0, 0xfc, 0x80, 0x1f, 0xfc, 0xd, 0x10, 0xf,
    0xf4, 0x90, 0x7, 0xed, 0x0, 0xff, 0xe0, 0x1e,
    0x20, 0x7, 0xc5, 0x6c, 0x1, 0xf8, 0x50, 0x3,
    0xff, 0x82, 0x57, 0xb2, 0xec, 0xf3, 0x9a, 0x80,
    0x1f, 0xd2, 0x1, 0xff, 0xc4, 0x26, 0x89, 0x86,
    0x30, 0xf, 0xf0, 0xb8, 0x7, 0xfa, 0x44, 0x3,
    0xff, 0x93, 0x60, 0x1f, 0xf2, 0x50, 0x7, 0xff,
    0x21, 0x94, 0x3, 0xfe, 0x24, 0xa0, 0xf, 0xfe,
    0x32, 0xc8, 0x7, 0xfc, 0x40, 0x5, 0xc1, 0x0,
    0xff, 0xe1, 0xc5, 0x0, 0x7f, 0xf0, 0x18, 0x2,
    0x3e, 0x71, 0x0, 0xff, 0x97, 0x5c, 0x3, 0xcf,
    0xdd, 0xeb, 0x0, 0xe8, 0xeb, 0x63, 0x10, 0x0,
    0x92, 0xcf, 0x51, 0x0, 0x7c,

    /* U+0063 "c" */
    0x0, 0xff, 0x85, 0xa6, 0xf7, 0xbf, 0xdd, 0x97,
    0x8, 0x1, 0xff, 0xc7, 0x6d, 0xe9, 0x64, 0x21,
    0x0, 0x9, 0xa3, 0xdf, 0xc9, 0x0, 0x7f, 0xf0,
    0x93, 0xa4, 0x80, 0x3f, 0xf8, 0x4d, 0xb4, 0x1,
    0xff, 0xc0, 0x9b, 0x10, 0xf, 0xfe, 0x32, 0xe9,
    0x80, 0x7f, 0x53, 0x0, 0x7f, 0xf2, 0x4b, 0x4c,
    0x3, 0xe8, 0x50, 0xf, 0xfe, 0x58, 0xf0, 0x80,
    0x72, 0x38, 0x7, 0xff, 0x34, 0xa0, 0x3, 0xa0,
    0x3, 0xfc, 0xd7, 0xdf, 0xdb, 0x26, 0x1, 0xfc,
    0xc2, 0x1, 0x29, 0x80, 0x7e, 0x3e, 0x94, 0x10,
    0x12, 0x6c, 0x80, 0xf, 0xe9, 0x0, 0xb8, 0x3,
    0xf1, 0x60, 0x80, 0x7e, 0x77, 0x0, 0x7e, 0x50,
    0x0, 0xa0, 0x7, 0xee, 0x0, 0xff, 0xa0, 0x40,
    0x3e, 0x21, 0x4, 0x0, 0xfc, 0x86, 0x1, 0xff,
    0xc0, 0x70, 0xf, 0xca, 0x18, 0x1, 0xfb, 0x80,
    0x3f, 0xf8, 0x38, 0x1, 0xf8, 0x81, 0x40, 0x3f,
    0x20, 0x7, 0xff, 0x5, 0x80, 0x3f, 0x70, 0x10,
    0x7, 0xc4, 0x20, 0x1f, 0xfc, 0x11, 0x22, 0xfd,
    0xe0, 0x20, 0x1f, 0x30, 0x7, 0xff, 0x8, 0xb7,
    0x7f, 0x39, 0x0, 0x7e, 0x20, 0xf, 0xfe, 0x60,
    0x80, 0x7e, 0x10, 0xf, 0xfe, 0xaf, 0x80, 0x7f,
    0xf3, 0x1c, 0x3, 0xff, 0xaa, 0xe0, 0x1f, 0xfd,
    0xef, 0x0, 0xff, 0xe6, 0x8, 0x7, 0xe1, 0x0,
    0xff, 0xe6, 0x10, 0x7, 0xe2, 0x0, 0xff, 0xe6,
    0x88, 0x7, 0xcc, 0x1, 0xff, 0xc3, 0x9d, 0xdf,
    0x9c, 0x8, 0x3, 0xe2, 0x0, 0xff, 0xe1, 0xa1,
    0x17, 0xde, 0xa, 0x1, 0xf9, 0x40, 0x3f, 0xf8,
    0x46, 0x1, 0xf7, 0x6, 0x0, 0x7e, 0xf0, 0xf,
    0xfe, 0x9, 0x88, 0x7, 0xc4, 0x8, 0x1, 0xf9,
    0x48, 0x3, 0xff, 0x81, 0x40, 0x1f, 0x94, 0x5,
    0x0, 0x3f, 0x78, 0x7, 0xfc, 0x6c, 0x1, 0xf1,
    0x88, 0x3, 0x80, 0x3f, 0x16, 0x8, 0x7, 0xe4,
    0xd0, 0xf, 0xd6, 0x1, 0x29, 0x0, 0x7e, 0x3e,
    0x94, 0x10, 0x1, 0x25, 0x58, 0x80, 0x7c, 0x2e,
    0x1, 0xa4, 0x3, 0xfc, 0xd7, 0xdf, 0xed, 0xb5,
    0x0, 0xfe, 0x90, 0xe, 0x46, 0x0, 0xff, 0xe6,
    0x9b, 0x80, 0x7a, 0x50, 0x3, 0xff, 0x96, 0x5a,
    0x1, 0xfa, 0xd4, 0x3, 0xff, 0x92, 0x7e, 0x20,
    0x1f, 0xd5, 0x22, 0x1, 0xff, 0xc6, 0x7c, 0x20,
    0xf, 0xf9, 0xba, 0x8, 0x3, 0xff, 0x84, 0xdb,
    0x0, 0x1f, 0xfc, 0x37, 0xdd, 0x43, 0x18, 0x80,
    0x42, 0x49, 0x17, 0xf2, 0x40, 0x1f, 0x0,

    /* U+0064 "d" */
    0x0, 0xff, 0xe7, 0x57, 0xff, 0xdc, 0x1, 0xff,
    0xff, 0x0, 0xff, 0xff, 0x80, 0x7f, 0xff, 0xc0,
    0x3f, 0xff, 0xe0, 0x1f, 0xff, 0xf0, 0xf, 0xff,
    0x5a, 0x4e, 0x77, 0xfb, 0xb2, 0x58, 0x40, 0x3f,
    0xf9, 0x4d, 0xd6, 0xc6, 0x20, 0x1, 0x36, 0x9e,
    0xa2, 0x0, 0xff, 0xe3, 0x16, 0xc8, 0x80, 0x7f,
    0xcb, 0xae, 0x1, 0xff, 0xc4, 0x3d, 0x20, 0xf,
    0xfe, 0x1c, 0x40, 0x3, 0xff, 0x84, 0x5a, 0x1,
    0xff, 0xc6, 0x76, 0x0, 0xff, 0xe0, 0xf8, 0x80,
    0x7f, 0xf1, 0xe5, 0x40, 0x3f, 0xe7, 0x20, 0xf,
    0xfe, 0xa0, 0xc0, 0x7, 0xf8, 0x55, 0xe6, 0x1c,
    0xc0, 0x3f, 0xf8, 0x8c, 0x1, 0xfc, 0x33, 0xd5,
    0xc, 0xf1, 0x9a, 0x80, 0x1f, 0xfc, 0x2a, 0x0,
    0xfc, 0x38, 0xc0, 0x1f, 0x15, 0xb8, 0x7, 0xff,
    0x0, 0x88, 0x1, 0xfa, 0x88, 0x3, 0xfd, 0xa,
    0x1, 0xff, 0x20, 0x7, 0xe4, 0x40, 0x7, 0xff,
    0x2, 0x0, 0x3f, 0xec, 0x0, 0xfd, 0xc0, 0x1f,
    0xfc, 0x12, 0x50, 0xf, 0xf3, 0x80, 0x7e, 0x40,
    0xf, 0xfe, 0x17, 0x80, 0x7f, 0x88, 0x3, 0xe1,
    0x10, 0x7, 0xff, 0x9, 0x0, 0x3f, 0x84, 0x3,
    0xf2, 0x80, 0x7f, 0xf0, 0xc4, 0x40, 0x1f, 0x8c,
    0x3, 0xf0, 0x80, 0x7f, 0xf1, 0x8, 0x3, 0xf0,
    0x80, 0x7e, 0x30, 0xf, 0xfe, 0x23, 0x80, 0x7f,
    0xf1, 0x44, 0x3, 0xff, 0x9a, 0xe0, 0x1f, 0xfc,
    0xd1, 0x0, 0xfc, 0xe0, 0x1f, 0xfd, 0xf1, 0x0,
    0xff, 0xe2, 0x8, 0x7, 0xe1, 0x0, 0xfc, 0x60,
    0x1f, 0xfc, 0x47, 0x0, 0xfc, 0x60, 0x1f, 0x84,
    0x3, 0xff, 0x88, 0x40, 0x1f, 0x84, 0x3, 0xf2,
    0x80, 0x7f, 0xf0, 0xc4, 0x40, 0x1f, 0xc4, 0x1,
    0xf0, 0x88, 0x3, 0xff, 0x84, 0xa0, 0x1f, 0xe7,
    0x0, 0xfc, 0x80, 0x1f, 0xfc, 0x2d, 0x0, 0xff,
    0x60, 0x7, 0xee, 0x0, 0xff, 0xe0, 0x8b, 0x0,
    0x7f, 0x90, 0x3, 0xf2, 0x20, 0x3, 0xff, 0x81,
    0x0, 0x1f, 0xf1, 0x10, 0x3, 0xf5, 0x10, 0x7,
    0xf9, 0x98, 0x1, 0xff, 0xc0, 0xa0, 0xf, 0xc3,
    0x8c, 0x1, 0xf0, 0xcc, 0x80, 0x3f, 0xf8, 0x2c,
    0x1, 0xfc, 0x33, 0xd5, 0xc, 0xc8, 0xbe, 0x60,
    0xf, 0xfe, 0x10, 0xb8, 0x7, 0xf8, 0x55, 0xe6,
    0x4e, 0x80, 0x1f, 0xfc, 0x58, 0x20, 0xf, 0xfe,
    0x4c, 0x10, 0x7, 0xfd, 0xc0, 0x1f, 0xfc, 0x84,
    0x76, 0x0, 0xff, 0x8e, 0xc0, 0x3f, 0xf8, 0xc7,
    0x60, 0x60, 0x1f, 0xfc, 0x4, 0xd2, 0x0, 0xff,
    0xe1, 0xb6, 0x0, 0x38, 0x3, 0xff, 0x82, 0x5b,
    0x22, 0x1, 0xff, 0x26, 0x48, 0x4, 0x40, 0x1f,
    0xfc, 0x36, 0xeb, 0x74, 0x10, 0x8, 0x96, 0x36,
    0xcc, 0x3, 0x27, 0x77, 0xbc,

    /* U+0065 "e" */
    0x0, 0xff, 0xe0, 0x1b, 0x45, 0xe6, 0x37, 0x2e,
    0x5d, 0x0, 0x3f, 0xf9, 0x5, 0x3d, 0x92, 0xe8,
    0x66, 0x23, 0x46, 0x8b, 0xe9, 0x20, 0xf, 0xfe,
    0x19, 0x5e, 0xb0, 0x80, 0x7f, 0xf0, 0x5, 0xb6,
    0x84, 0x3, 0xff, 0x80, 0xba, 0x80, 0x1f, 0xfc,
    0x65, 0xf3, 0x0, 0xff, 0x3d, 0x0, 0x7f, 0xf2,
    0x47, 0xc, 0x3, 0xf2, 0xc0, 0x7, 0xff, 0x33,
    0x44, 0x3, 0xc5, 0x40, 0x1f, 0xfc, 0xd1, 0xb0,
    0xf, 0x48, 0x7, 0xf9, 0x2b, 0x7b, 0xfa, 0xd8,
    0x3, 0xf9, 0x4c, 0x3, 0x1a, 0x0, 0x7e, 0x3d,
    0xb5, 0x21, 0x1, 0x49, 0xd2, 0x0, 0xfd, 0x0,
    0x1a, 0x40, 0x3f, 0x16, 0x10, 0x7, 0xe2, 0xc0,
    0xf, 0xc8, 0x20, 0x12, 0x80, 0x7e, 0xf0, 0xf,
    0xf8, 0x60, 0x3, 0xf3, 0x80, 0x14, 0x3, 0xf2,
    0x90, 0x7, 0xff, 0x1, 0xc0, 0x3f, 0x60, 0x3,
    0x40, 0x3f, 0x78, 0x7, 0xff, 0x9, 0x0, 0x3e,
    0x40, 0x2, 0x0, 0x7e, 0x50, 0xf, 0xfe, 0x11,
    0x80, 0x7c, 0x22, 0x2, 0x0, 0xf8, 0x80, 0x3f,
    0xf8, 0x7c, 0x1, 0xf8, 0x80, 0x40, 0x3e, 0x61,
    0x1f, 0xfe, 0x18, 0x7, 0xf3, 0x10, 0x7, 0xe4,
    0xee, 0xff, 0xe1, 0xc8, 0x7, 0xe3, 0x10, 0xf,
    0xfe, 0xa8, 0x80, 0x7f, 0xf5, 0xbd, 0xc0, 0x3f,
    0xfa, 0xce, 0x1, 0xff, 0xf9, 0x10, 0xf, 0xcf,
    0xff, 0xff, 0xcc, 0x82, 0x0, 0xfc, 0x20, 0x1f,
    0xfc, 0xe1, 0x0, 0xf8, 0x80, 0x3f, 0xf9, 0xc4,
    0x1, 0xf2, 0x80, 0x7f, 0xf1, 0x26, 0xab, 0xe5,
    0x5, 0x0, 0xf8, 0x48, 0x3, 0xff, 0x86, 0xca,
    0xbf, 0x10, 0x60, 0x7, 0xe5, 0x0, 0xff, 0xe1,
    0x10, 0x7, 0xe1, 0x4, 0x0, 0xfd, 0x20, 0x1f,
    0xfc, 0x2a, 0x0, 0xfc, 0xa0, 0x28, 0x1, 0xf0,
    0xc8, 0x7, 0xff, 0x0, 0x9c, 0x3, 0xf1, 0x80,
    0x3c, 0x3, 0xf3, 0x40, 0x7, 0xf8, 0xf0, 0x3,
    0xf2, 0x80, 0x48, 0x60, 0x1f, 0x9f, 0x58, 0x40,
    0x38, 0xe7, 0x4, 0x3, 0xf4, 0x80, 0x6f, 0x0,
    0xfe, 0x29, 0xee, 0x6e, 0x6f, 0xe3, 0x0, 0x7f,
    0x29, 0x80, 0x63, 0x80, 0xf, 0xf8, 0x48, 0xc8,
    0x3, 0xfe, 0x1b, 0x0, 0xf3, 0xb0, 0x7, 0xff,
    0x30, 0x70, 0x40, 0x3e, 0x97, 0x0, 0xff, 0xe5,
    0x16, 0x10, 0x7, 0xf4, 0x61, 0x0, 0x7f, 0xf1,
    0xdf, 0x48, 0x3, 0xfe, 0x3d, 0xa3, 0x0, 0xff,
    0xe1, 0xb, 0xec, 0x0, 0x7f, 0xf0, 0xd7, 0x3a,
    0x9d, 0x8, 0x40, 0x2, 0x46, 0xb3, 0x9d, 0x4,
    0x1, 0xf0,

    /* U+0066 "f" */
    0x0, 0xff, 0xe0, 0x12, 0xbb, 0xca, 0x60, 0x1f,
    0xfc, 0x16, 0xdd, 0x54, 0x45, 0x59, 0xf8, 0x80,
    0x1f, 0xd7, 0x24, 0x1, 0xf8, 0xcc, 0x1, 0xfa,
    0xd0, 0x3, 0xff, 0x8e, 0xc8, 0x1, 0xff, 0xc8,
    0xb0, 0xf, 0xfe, 0x41, 0x10, 0x3, 0xff, 0x90,
    0x80, 0x1f, 0xc4, 0xac, 0xd1, 0x80, 0x7b, 0x80,
    0x3f, 0x36, 0xd4, 0xcc, 0x80, 0x1e, 0x20, 0xf,
    0xd0, 0x1, 0xff, 0xc0, 0x10, 0xf, 0x84, 0x40,
    0x1f, 0xfc, 0x83, 0x0, 0xff, 0xff, 0x7f, 0xf2,
    0x0, 0x7c, 0x5f, 0xfe, 0x70, 0xf, 0xff, 0xf8,
    0x7, 0xff, 0xbb, 0xbb, 0x90, 0x3, 0xe2, 0xee,
    0xf3, 0x80, 0x8f, 0x0, 0x7f, 0x8, 0xf8, 0x3,
    0xff, 0xfe, 0x1, 0xff, 0xff, 0x0, 0xff, 0xff,
    0x80, 0x7f, 0xff, 0xc0, 0x3f, 0xff, 0xe0, 0x1f,
    0xff, 0xf0, 0xf, 0xff, 0xf8, 0x7, 0xff, 0xfc,
    0x3, 0xff, 0x97, 0x7d, 0xdf, 0x68, 0x7, 0xc0,

    /* U+0067 "g" */
    0x0, 0xff, 0xe9, 0x17, 0xff, 0xe4, 0x0, 0xff,
    0xe9, 0x20, 0x7, 0xe6, 0x0, 0xff, 0xe9, 0x58,
    0x7, 0xe2, 0x0, 0xff, 0xe8, 0xa9, 0x0, 0x7c,
    0xa0, 0x1f, 0xfd, 0x13, 0xa0, 0xf, 0xd2, 0x1,
    0xff, 0xc1, 0x15, 0x9b, 0xde, 0xff, 0xbb, 0x29,
    0xcc, 0x1b, 0x0, 0x3f, 0x39, 0x80, 0x7f, 0xcb,
    0x7d, 0x4c, 0x84, 0x20, 0x10, 0x9a, 0xc6, 0x7c,
    0x80, 0x7e, 0x68, 0x0, 0xff, 0x26, 0xd2, 0x0,
    0x7f, 0xf2, 0x86, 0x64, 0x1, 0xfe, 0x8b, 0x20,
    0xf, 0xfe, 0x51, 0xc7, 0xb0, 0x7, 0xfa, 0x5c,
    0x3, 0xff, 0x96, 0x3c, 0xe2, 0x1, 0xfe, 0x76,
    0x0, 0xff, 0xe6, 0xe, 0x8, 0x7, 0xf8, 0x60,
    0x3, 0xf8, 0xe7, 0x37, 0xb6, 0xe0, 0x80, 0x3f,
    0xd, 0x80, 0x7f, 0xa0, 0x3, 0xf0, 0xde, 0x31,
    0x90, 0x92, 0x3e, 0xc0, 0x7, 0xe5, 0x30, 0xf,
    0xe6, 0x0, 0xfd, 0xa8, 0x1, 0xfc, 0xf2, 0x1,
    0xfa, 0x80, 0x3f, 0x20, 0x7, 0xe6, 0x30, 0xf,
    0xf9, 0x88, 0x3, 0xe4, 0x0, 0xfc, 0x60, 0x1f,
    0xa8, 0x3, 0xff, 0x83, 0x40, 0x1f, 0x10, 0x80,
    0x7d, 0xe0, 0x1f, 0x8c, 0x3, 0xff, 0x82, 0x60,
    0x1f, 0x8c, 0x3, 0xe1, 0x0, 0xff, 0xe5, 0x38,
    0x7, 0xe1, 0x0, 0xf8, 0x40, 0x3f, 0xf9, 0x4e,
    0x1, 0xff, 0xc4, 0xe0, 0xf, 0xc6, 0x1, 0xff,
    0xc1, 0x30, 0xf, 0xc4, 0x1, 0xf2, 0x80, 0x7e,
    0xa0, 0xf, 0xfe, 0xd, 0x80, 0x7c, 0x22, 0x0,
    0xf8, 0xc0, 0x3f, 0x31, 0x0, 0x7f, 0xcc, 0x60,
    0x1f, 0x20, 0x7, 0xf3, 0x0, 0x7e, 0xc3, 0x0,
    0xfe, 0x69, 0x0, 0xfd, 0xe0, 0x1f, 0xd0, 0x1,
    0xf8, 0x72, 0x94, 0x84, 0x4, 0xdb, 0x24, 0x3,
    0xf1, 0x28, 0x7, 0xf0, 0xc8, 0x7, 0xf2, 0xd6,
    0xf7, 0xf6, 0x49, 0x80, 0x7f, 0x70, 0x7, 0xfc,
    0xcc, 0x0, 0xff, 0xe6, 0xc1, 0x80, 0x7f, 0xf0,
    0x26, 0x0, 0x3f, 0xf9, 0x72, 0xe0, 0x1f, 0xfc,
    0x23, 0x40, 0xf, 0xfe, 0x41, 0x63, 0x0, 0x7f,
    0xf0, 0x57, 0x6d, 0x0, 0x3f, 0xf8, 0xc7, 0x3a,
    0x60, 0x1f, 0xfc, 0x1a, 0xa1, 0x0, 0x7f, 0xf1,
    0xd, 0x67, 0x71, 0x80, 0x3f, 0xf8, 0x54, 0xa0,
    0x1e, 0x19, 0xde, 0xef, 0x7f, 0xd9, 0x4c, 0x40,
    0x1f, 0xfc, 0x33, 0x50, 0xf, 0xb5, 0x88, 0x47,
    0xc0, 0x1f, 0xfc, 0xab, 0x0, 0xfc, 0x60, 0x1f,
    0xfd, 0x22, 0x0, 0xfc, 0x60, 0x1f, 0xfd, 0x23,
    0x0, 0xfd, 0xc8, 0x1, 0xff, 0xd1, 0xe0, 0xf,
    0xc5, 0x7f, 0xff, 0xfc, 0x6d, 0xa5, 0x0, 0xfc,
    0xc0, 0x1f, 0xfd, 0x2, 0x5a, 0xd4, 0x0, 0xf0,
    0xb8, 0x7, 0xff, 0x48, 0xad, 0x80, 0x3d, 0xc,
    0x1, 0xff, 0xd3, 0x94, 0x0, 0xf4, 0xc0, 0x7,
    0xff, 0x4e, 0xc4, 0x3, 0xc, 0xc0, 0x7, 0xff,
    0x52, 0x40, 0x22, 0xc6, 0x0, 0xff, 0xea, 0xb0,
    0x0, 0xf4, 0x80, 0x3c, 0x2f, 0x55, 0xff, 0xc3,
    0x85, 0x0, 0xfe, 0x12, 0xe, 0x0, 0xf8, 0xfe,
    0x15, 0x7f, 0xf8, 0x6f, 0x58, 0x1, 0xfc, 0xca,
    0x40, 0x1f, 0x70, 0x80, 0x7f, 0xf1, 0x8d, 0xc0,
    0x3f, 0xf, 0x80, 0x7c, 0x44, 0x0, 0xff, 0xe4,
    0x60, 0x7, 0xf3, 0x0, 0x7f, 0xf6, 0x98, 0x3,
    0xf1, 0x8, 0x7, 0xff, 0x23, 0x40, 0x3f, 0x1b,
    0x80, 0x7e, 0xb0, 0xf, 0xfe, 0x3a, 0xb0, 0x7,
    0xc8, 0x6, 0x1, 0xf9, 0x71, 0x8c, 0xff, 0xf8,
    0x6b, 0x74, 0x1, 0xfb, 0xc3, 0x0, 0x3f, 0x8e,
    0x73, 0x3f, 0xf8, 0x74, 0x80, 0x1f, 0x91, 0x0,
    0x86, 0x1, 0xff, 0xd6, 0x1a, 0x0, 0xb8, 0x40,
    0x3f, 0xfa, 0x83, 0x82, 0x1, 0x16, 0x80, 0x7f,
    0xf4, 0xd3, 0xc8, 0x3, 0x8f, 0x94, 0x3, 0xff,
    0x9e, 0x75, 0x62, 0x1, 0xf0, 0xd6, 0xc1, 0x88,
    0x7, 0xff, 0x1c, 0x92, 0x33, 0xa, 0x1, 0xe0,

    /* U+0068 "h" */
    0x7f, 0xff, 0xc2, 0x1, 0xff, 0xff, 0x0, 0xff,
    0xff, 0x80, 0x7f, 0xff, 0xc0, 0x3f, 0xff, 0xe0,
    0x1f, 0xff, 0xf0, 0xf, 0xff, 0x78, 0xb5, 0x6f,
    0x7f, 0xba, 0xe0, 0xc0, 0x3f, 0xf9, 0x7, 0x7d,
    0x2a, 0x42, 0x0, 0x14, 0x7c, 0xd5, 0x0, 0xff,
    0xe2, 0xce, 0x20, 0x7, 0xfc, 0x55, 0x40, 0xf,
    0xfe, 0x10, 0xe3, 0x0, 0x7f, 0xf0, 0xd6, 0xc0,
    0x3f, 0xf8, 0x7, 0x86, 0x1, 0xff, 0xc5, 0x48,
    0x0, 0xff, 0xb4, 0x80, 0x3f, 0xf8, 0xee, 0x40,
    0x1f, 0xfd, 0x4a, 0x0, 0xff, 0xe2, 0x1b, 0x31,
    0x4c, 0x3, 0xfe, 0x60, 0xf, 0xfe, 0x14, 0x76,
    0x4c, 0xab, 0x39, 0x80, 0x3f, 0x84, 0x80, 0x3f,
    0xe1, 0xc7, 0x10, 0xe, 0x19, 0x80, 0xf, 0xe7,
    0x0, 0xff, 0xb0, 0xc0, 0x3f, 0x9c, 0xc0, 0x3f,
    0x10, 0x7, 0xfa, 0x48, 0x3, 0xfe, 0xa0, 0xf,
    0xde, 0x1, 0xfc, 0x4c, 0x1, 0xff, 0xc0, 0x40,
    0xf, 0xc2, 0x1, 0xfd, 0x40, 0x1f, 0xfc, 0x13,
    0x0, 0xff, 0xe3, 0x18, 0x7, 0xff, 0x4, 0x40,
    0x3f, 0xf8, 0xcc, 0x1, 0xff, 0xd4, 0x30, 0xf,
    0xff, 0xf8, 0x7, 0xff, 0xfc, 0x3, 0xff, 0xfe,
    0x1, 0xff, 0xff, 0x0, 0xff, 0xff, 0x80, 0x7f,
    0xff, 0xc0, 0x3f, 0xff, 0xe0, 0x1f, 0xff, 0xf0,
    0xf, 0xff, 0xf8, 0x7, 0xff, 0x75, 0xfb, 0xbf,
    0x8, 0x7, 0xff, 0xb, 0xbb, 0xf4, 0x80,

    /* U+0069 "i" */
    0x7f, 0xff, 0xc2, 0x1, 0xff, 0xfa, 0x6c, 0xcf,
    0xc2, 0x23, 0x3f, 0xc0, 0x1f, 0xfd, 0xd7, 0xff,
    0xfc, 0x20, 0x1f, 0xff, 0xf0, 0xf, 0xff, 0xf8,
    0x7, 0xff, 0xfc, 0x3, 0xff, 0xfe, 0x1, 0xff,
    0xf0, 0x6d, 0xdf, 0xc2,

    /* U+006A "j" */
    0x0, 0xf9, 0xff, 0xff, 0x8, 0x7, 0xff, 0xfc,
    0x3, 0xff, 0xce, 0xd9, 0x9f, 0x84, 0x3, 0xe1,
    0x33, 0xfc, 0x1, 0xff, 0xef, 0x38, 0x8f, 0xc0,
    0x1f, 0x91, 0xdf, 0xf0, 0x80, 0x7f, 0xff, 0xc0,
    0x3f, 0xff, 0xe0, 0x1f, 0xff, 0xf0, 0xf, 0xff,
    0xf8, 0x7, 0xff, 0xfc, 0x3, 0xff, 0xfe, 0x1,
    0xff, 0xff, 0x0, 0xff, 0xff, 0x80, 0x7f, 0xfe,
    0xb4, 0x3, 0xf0, 0x80, 0x78, 0xd4, 0x3, 0xfd,
    0x11, 0xab, 0x0, 0x3f, 0x10, 0x1, 0xdf, 0x28,
    0x7, 0xf2, 0x80, 0x7f, 0xf1, 0x30, 0x3, 0xff,
    0x86, 0x68, 0x1, 0xff, 0xc3, 0xe0, 0xf, 0xfe,
    0x1d, 0x90, 0x4, 0xc2, 0x1, 0xf9, 0x75, 0x0,
    0x34, 0xf7, 0x2e, 0x62, 0x13, 0x7f, 0x44, 0x1,
    0x80,

    /* U+006B "k" */
    0x7f, 0xff, 0xc2, 0x1, 0xff, 0xff, 0x0, 0xff,
    0xff, 0x80, 0x7f, 0xff, 0xc0, 0x3f, 0xff, 0xe0,
    0x1f, 0xff, 0xf0, 0xf, 0xff, 0xf8, 0x7, 0x8,
    0xff, 0x0, 0x7f, 0xf2, 0xcf, 0xfb, 0xbf, 0x68,
    0x7, 0xff, 0x28, 0x74, 0x3, 0xf0, 0xe8, 0x7,
    0xff, 0x2b, 0x44, 0x3, 0xf6, 0x8, 0x7, 0xff,
    0x26, 0x8c, 0x3, 0xf5, 0x90, 0x7, 0xff, 0x26,
    0x14, 0x3, 0xf4, 0xa0, 0x7, 0xff, 0x25, 0x5c,
    0x3, 0xf3, 0xb0, 0x7, 0xff, 0x24, 0xe8, 0x3,
    0xf2, 0x40, 0x7, 0xff, 0x24, 0x74, 0x3, 0xf1,
    0xd8, 0x7, 0xff, 0x2b, 0x44, 0x3, 0xe1, 0xd0,
    0xf, 0xfe, 0x55, 0x18, 0x7, 0xed, 0x10, 0xf,
    0xfe, 0x4c, 0x28, 0x7, 0xeb, 0x30, 0xf, 0xfe,
    0x4a, 0xb8, 0x7, 0xe9, 0x40, 0xf, 0xfe, 0x49,
    0xd0, 0x7, 0xe6, 0x60, 0x7, 0xff, 0x24, 0x74,
    0x3, 0xf2, 0x48, 0x7, 0xff, 0x24, 0xf0, 0x40,
    0x3f, 0x40, 0x7, 0xff, 0x2b, 0x88, 0x3, 0xfa,
    0x40, 0x3f, 0xf9, 0x46, 0x1, 0xfe, 0x54, 0x0,
    0xff, 0xea, 0xc8, 0x7, 0xff, 0x54, 0x98, 0x3,
    0xff, 0xab, 0x0, 0x1f, 0xfc, 0xd1, 0x0, 0xf8,
    0x60, 0x3, 0xff, 0x96, 0xbe, 0x20, 0x1f, 0x39,
    0x0, 0x7f, 0xf2, 0x5a, 0x86, 0x40, 0x3f, 0x48,
    0x7, 0xff, 0x21, 0xa4, 0x0, 0xe2, 0x1, 0xf2,
    0x20, 0x3, 0xff, 0x8c, 0xf2, 0x1, 0xa0, 0x3,
    0xf4, 0x80, 0x7f, 0xf1, 0x5e, 0x0, 0x39, 0x88,
    0x3, 0xe2, 0x60, 0xf, 0xfe, 0x24, 0x80, 0x7d,
    0x0, 0x1f, 0xa0, 0x3, 0xff, 0x98, 0xa4, 0x1,
    0xf0, 0xc0, 0x7, 0xff, 0x32, 0x40, 0x3f, 0x39,
    0x0, 0x7f, 0xf2, 0xd0, 0xc0, 0x3f, 0x48, 0x7,
    0xff, 0x33, 0xc0, 0x3f, 0x22, 0x0, 0x3f, 0xf9,
    0x66, 0x80, 0x1f, 0xa4, 0x3, 0xff, 0x99, 0x0,
    0x1f, 0x89, 0x80, 0x3f, 0xf9, 0x66, 0xa0, 0x1f,
    0xa0, 0x40, 0x3f, 0xf9, 0x70, 0x1, 0xf8, 0x64,
    0x3, 0xff, 0x96, 0x4c, 0x1, 0xf9, 0xc8, 0x3,
    0xff, 0x97, 0x0, 0x1f, 0xd2, 0xf, 0xdd, 0xf8,
    0x40, 0x3f, 0xf8, 0x3, 0xfd, 0xdf, 0xa8, 0x0,

    /* U+006C "l" */
    0x7f, 0xff, 0xc2, 0x1, 0xff, 0xff, 0x0, 0xff,
    0xff, 0x80, 0x7f, 0xff, 0xc0, 0x3f, 0xff, 0xe0,
    0x1f, 0xff, 0xf0, 0xf, 0xff, 0xf8, 0x7, 0xff,
    0x99, 0xfb, 0xbf, 0x8,

    /* U+006D "m" */
    0x12, 0x2f, 0x8, 0x7, 0xcb, 0x3b, 0xdf, 0xed,
    0xa6, 0x0, 0xff, 0xe0, 0x2c, 0xe7, 0x7f, 0xba,
    0xe0, 0xc0, 0x3c, 0xdb, 0xbf, 0x0, 0x73, 0xf5,
    0x31, 0x8, 0x0, 0x96, 0x7d, 0xc0, 0x3f, 0x3f,
    0x53, 0x18, 0x80, 0x5, 0x1f, 0x30, 0x60, 0x1f,
    0xf1, 0x0, 0x45, 0x90, 0x20, 0x1f, 0xe8, 0xc1,
    0x0, 0xc7, 0xb0, 0x20, 0x1f, 0xe3, 0xc7, 0x0,
    0xff, 0x8, 0x80, 0xf0, 0xc0, 0x3f, 0xf8, 0x27,
    0xa0, 0x12, 0xe1, 0x0, 0x7f, 0xf0, 0xa1, 0x80,
    0x3f, 0xc4, 0x4d, 0x10, 0xf, 0xfe, 0x19, 0xb8,
    0x25, 0x0, 0x7f, 0xf1, 0x64, 0x80, 0x3f, 0x93,
    0xc4, 0x3, 0xff, 0x8b, 0xb, 0x60, 0x1f, 0xfc,
    0x78, 0x0, 0xfe, 0x82, 0x0, 0xff, 0xe3, 0xd0,
    0x7, 0xff, 0x21, 0x44, 0x3, 0xff, 0x84, 0x4c,
    0xc5, 0x10, 0xf, 0xfe, 0x20, 0xab, 0x30, 0xc0,
    0x3f, 0xe7, 0x0, 0xff, 0xe0, 0x1e, 0x6c, 0xca,
    0xba, 0x84, 0x3, 0xff, 0x83, 0x3d, 0x53, 0x2c,
    0xe4, 0x0, 0xfe, 0xc0, 0xf, 0xf9, 0x30, 0xc0,
    0x39, 0x74, 0x3, 0xff, 0x81, 0x6c, 0x1, 0xc3,
    0x68, 0x1, 0xf9, 0x80, 0x3f, 0xc5, 0x60, 0x1f,
    0x8d, 0x80, 0x3f, 0xd4, 0x80, 0x1f, 0xa0, 0x3,
    0xf1, 0x0, 0x7f, 0xb8, 0x3, 0xfd, 0xa0, 0x1f,
    0xc8, 0xa0, 0x1f, 0xc6, 0x40, 0x1f, 0x8, 0x7,
    0xf1, 0x98, 0x3, 0xfc, 0xa0, 0x1f, 0xde, 0x1,
    0xff, 0x38, 0x7, 0xff, 0x16, 0xc0, 0x3f, 0xe1,
    0x0, 0xfc, 0x28, 0x1, 0xff, 0x18, 0x7, 0xff,
    0x14, 0xc0, 0x3f, 0xf9, 0x4, 0x1, 0xff, 0xc0,
    0x10, 0xf, 0xfe, 0x2b, 0x0, 0x7f, 0xf2, 0x18,
    0x3, 0xff, 0xa4, 0x60, 0x1f, 0xfc, 0x83, 0x0,
    0xff, 0xff, 0x80, 0x7f, 0xff, 0xc0, 0x3f, 0xff,
    0xe0, 0x1f, 0xff, 0xf0, 0xf, 0xff, 0xf8, 0x7,
    0xff, 0xfc, 0x3, 0xff, 0xfe, 0x1, 0xff, 0xff,
    0x0, 0xff, 0xff, 0x80, 0x7f, 0xff, 0xc0, 0x3f,
    0xff, 0xe0, 0x1f, 0xff, 0xf0, 0xf, 0xff, 0xf8,
    0x7, 0xff, 0xfc, 0x3, 0xff, 0xe6,

    /* U+006E "n" */
    0x12, 0x2f, 0x8, 0x7, 0xc4, 0xd5, 0xbd, 0xfe,
    0xeb, 0x83, 0x0, 0xf9, 0xb7, 0x7e, 0x0, 0xe3,
    0xbd, 0x95, 0x21, 0x0, 0xa, 0x3e, 0x6a, 0x80,
    0x7f, 0xf0, 0x8, 0x2, 0x19, 0xc4, 0x0, 0xff,
    0x8a, 0xa8, 0x1, 0xff, 0x8, 0x80, 0x71, 0x80,
    0x3f, 0xf8, 0x6b, 0x60, 0x1f, 0xf1, 0xf, 0x90,
    0x7, 0xff, 0x15, 0x20, 0x3, 0xfc, 0x98, 0x20,
    0x1f, 0xfc, 0x77, 0x20, 0xf, 0xe8, 0x20, 0xf,
    0xfe, 0x4d, 0x0, 0x7f, 0xf1, 0xd, 0x98, 0xa6,
    0x1, 0xff, 0x30, 0x7, 0xff, 0xa, 0x3b, 0x26,
    0x55, 0x9c, 0xc0, 0x1f, 0xc2, 0x40, 0x1f, 0xf0,
    0xe3, 0x88, 0x7, 0xc, 0xc0, 0x7, 0xf3, 0x80,
    0x7f, 0xd8, 0x60, 0x1f, 0xce, 0x60, 0x1f, 0x88,
    0x3, 0xfd, 0x24, 0x1, 0xff, 0x50, 0x7, 0xef,
    0x0, 0xfe, 0x26, 0x0, 0xff, 0xe0, 0x20, 0x7,
    0xe1, 0x0, 0xfe, 0xa0, 0xf, 0xfe, 0x9, 0x80,
    0x7f, 0xf1, 0x8c, 0x3, 0xff, 0x82, 0x20, 0x1f,
    0xfc, 0x66, 0x0, 0xff, 0xea, 0x18, 0x7, 0xff,
    0xfc, 0x3, 0xff, 0xfe, 0x1, 0xff, 0xff, 0x0,
    0xff, 0xff, 0x80, 0x7f, 0xff, 0xc0, 0x3f, 0xff,
    0xe0, 0x1f, 0xff, 0xf0, 0xf, 0xff, 0xf8, 0x7,
    0xff, 0xfc, 0x3, 0xff, 0xba,

    /* U+006F "o" */
    0x0, 0xff, 0xe0, 0x1b, 0xd6, 0x77, 0x3f, 0xdd,
    0xcc, 0x97, 0x30, 0xf, 0xfe, 0x49, 0x4f, 0xe4,
    0x29, 0x88, 0x80, 0x2, 0x23, 0x68, 0xce, 0x82,
    0x0, 0xff, 0xe2, 0xd, 0xeb, 0x0, 0x7f, 0xf0,
    0xc5, 0xf6, 0x44, 0x3, 0xff, 0x82, 0xbc, 0x80,
    0x1f, 0xfc, 0x86, 0xf3, 0x0, 0xff, 0x9a, 0x80,
    0x3f, 0xf9, 0x63, 0x8a, 0x1, 0xfc, 0xb2, 0x1,
    0xff, 0xce, 0xa3, 0x0, 0xf8, 0xa8, 0x3, 0xff,
    0xa1, 0xa0, 0x1f, 0x40, 0x7, 0xf8, 0x9e, 0xf7,
    0xb9, 0xb6, 0xc2, 0x1, 0xfc, 0x30, 0x1, 0xc6,
    0xa0, 0x1f, 0xd3, 0xb0, 0x84, 0x22, 0x24, 0x9e,
    0x70, 0xf, 0xe7, 0x10, 0xd, 0x20, 0x1f, 0xd8,
    0xc0, 0x1f, 0xe8, 0xa0, 0xf, 0xe6, 0x0, 0xca,
    0x1, 0xfa, 0x4c, 0x3, 0xff, 0x80, 0xac, 0x1,
    0xfa, 0x80, 0x24, 0x0, 0xfc, 0x4c, 0x1, 0xff,
    0xc2, 0x90, 0xf, 0xc4, 0x40, 0x6, 0x0, 0x7e,
    0xa0, 0xf, 0xfe, 0x23, 0x0, 0x7e, 0x40, 0x2,
    0x0, 0x7e, 0x50, 0xf, 0xfe, 0x26, 0x80, 0x7e,
    0xf0, 0x1, 0x0, 0x7c, 0x24, 0x1, 0xff, 0xc4,
    0x50, 0xf, 0xca, 0x0, 0x10, 0xf, 0x88, 0x3,
    0xff, 0x8a, 0x22, 0x0, 0xf8, 0x80, 0x80, 0x3f,
    0x30, 0x7, 0xff, 0x18, 0xc0, 0x3e, 0x10, 0x10,
    0xf, 0xc6, 0x1, 0xff, 0xc6, 0x60, 0xf, 0xfe,
    0x30, 0x80, 0x7f, 0xf3, 0xc5, 0xc0, 0x3f, 0xfb,
    0x2e, 0x1, 0xff, 0xe2, 0x10, 0xf, 0xfe, 0x78,
    0x88, 0x3, 0xf1, 0x80, 0x7f, 0xf1, 0x98, 0x3,
    0xf8, 0x80, 0x3f, 0x30, 0x7, 0xff, 0x18, 0xc0,
    0x3e, 0x10, 0x0, 0x80, 0x7c, 0x40, 0x1f, 0xfc,
    0x51, 0x10, 0x7, 0xc4, 0x0, 0x20, 0xf, 0x84,
    0x80, 0x3f, 0xf8, 0x8a, 0x1, 0xf9, 0x40, 0x8,
    0x1, 0xf9, 0x40, 0x3f, 0xf8, 0x9a, 0x1, 0xfb,
    0xc0, 0x18, 0x1, 0xfa, 0x80, 0x3f, 0xf8, 0x8c,
    0x1, 0xf9, 0x0, 0x8, 0x1, 0xf8, 0x98, 0x3,
    0xff, 0x85, 0x0, 0x1f, 0x88, 0x80, 0x13, 0x0,
    0x7e, 0x93, 0x0, 0xff, 0xe0, 0x2b, 0x80, 0x7e,
    0xa0, 0xd, 0x40, 0x1f, 0xd8, 0xc0, 0x1f, 0xe7,
    0xa0, 0xf, 0xe6, 0x0, 0xc6, 0xa0, 0x1f, 0xd3,
    0xb0, 0x84, 0x22, 0x24, 0x8e, 0x80, 0xf, 0xe7,
    0x10, 0xe, 0x80, 0xf, 0xf1, 0x3d, 0xef, 0x73,
    0x6d, 0xc4, 0x3, 0xf8, 0x60, 0x3, 0xc5, 0x40,
    0x1f, 0xfd, 0xd, 0x0, 0xfc, 0xb2, 0x1, 0xff,
    0xce, 0xa3, 0x0, 0xfe, 0x6a, 0x0, 0xff, 0xe5,
    0x8d, 0xa8, 0x7, 0xfc, 0xba, 0x80, 0x1f, 0xfc,
    0x85, 0xf4, 0x0, 0xff, 0xe0, 0x95, 0xe3, 0x0,
    0x7f, 0xf0, 0xc5, 0xb6, 0x84, 0x3, 0xff, 0x88,
    0x73, 0xf9, 0xa, 0x62, 0x1, 0x8, 0x8d, 0x63,
    0x3a, 0x48, 0x3, 0xf8,

    /* U+0070 "p" */
    0x0, 0xff, 0xe2, 0x92, 0xa9, 0x94, 0xc0, 0x3f,
    0xf8, 0x4, 0xcd, 0xe3, 0x0, 0xf2, 0xdf, 0xed,
    0x52, 0x6b, 0x3f, 0x5c, 0x40, 0x3f, 0x2c, 0xcf,
    0xa0, 0x3, 0x26, 0xd2, 0x0, 0x7e, 0x28, 0xe8,
    0x0, 0xff, 0xe1, 0x28, 0x5, 0x36, 0x40, 0x1f,
    0xfc, 0x17, 0xd2, 0x0, 0xff, 0xe0, 0x8, 0x2,
    0x98, 0x3, 0xff, 0x88, 0x58, 0x40, 0x1f, 0xfc,
    0x2, 0x85, 0x0, 0xff, 0xe3, 0xf, 0x80, 0x7f,
    0xf0, 0x25, 0xc0, 0x3f, 0xf9, 0x5, 0x20, 0x1f,
    0xf2, 0x0, 0x7f, 0xf2, 0x98, 0xc0, 0x3f, 0xf8,
    0x65, 0x19, 0xff, 0x6c, 0x98, 0x7, 0xfa, 0x40,
    0x3f, 0xf8, 0x4f, 0xae, 0x60, 0x11, 0x36, 0x50,
    0x7, 0xf2, 0x88, 0x7, 0xff, 0x2, 0x20, 0x1,
    0xfc, 0xb6, 0x1, 0xfc, 0xe0, 0x1f, 0xf1, 0xb8,
    0x7, 0xfc, 0x8c, 0x1, 0xfb, 0x40, 0x3f, 0xe8,
    0x0, 0xff, 0xe0, 0xd8, 0x7, 0xe4, 0x0, 0xff,
    0xa, 0x0, 0x7f, 0xf0, 0x48, 0xc0, 0x3f, 0x10,
    0x7, 0xf2, 0x0, 0x7f, 0xf0, 0xd4, 0x3, 0xf3,
    0x80, 0x7f, 0x60, 0x7, 0xff, 0xf, 0xc0, 0x3f,
    0x18, 0x7, 0xf1, 0x0, 0x7f, 0xf0, 0xc8, 0x3,
    0xf7, 0x0, 0x7f, 0x30, 0x7, 0xff, 0xd, 0x80,
    0x3f, 0x8, 0x7, 0xff, 0x58, 0xc0, 0x3f, 0x8c,
    0x3, 0xff, 0x86, 0x60, 0x1f, 0xfe, 0x93, 0x0,
    0xff, 0xe1, 0x98, 0x7, 0xff, 0x18, 0x40, 0x3f,
    0xf9, 0x86, 0x1, 0xfc, 0xe0, 0x1f, 0xfc, 0x36,
    0x0, 0xfc, 0x20, 0x1f, 0xc6, 0x1, 0xff, 0xc3,
    0x20, 0xf, 0xdc, 0x1, 0xfd, 0xa0, 0x1f, 0xfc,
    0x3e, 0x0, 0xfc, 0x60, 0x1f, 0xc8, 0x1, 0xff,
    0xc3, 0x40, 0xf, 0xce, 0x1, 0xfc, 0x28, 0x1,
    0xff, 0xc1, 0x23, 0x0, 0xf8, 0x48, 0x3, 0xfd,
    0x20, 0x1f, 0xfc, 0x1b, 0x0, 0xfc, 0xa0, 0x1f,
    0xf1, 0x40, 0x7, 0xfc, 0x8c, 0x1, 0xfb, 0x40,
    0x3f, 0xf8, 0xf, 0x20, 0x1f, 0xcb, 0x60, 0x1f,
    0xce, 0x1, 0xff, 0xc1, 0x6d, 0x73, 0x10, 0x1,
    0x36, 0x50, 0x7, 0xf2, 0x88, 0x7, 0xff, 0x8,
    0xa3, 0x3b, 0xfd, 0xb2, 0x60, 0x1f, 0xe8, 0x0,
    0xff, 0xea, 0xb9, 0x0, 0x7f, 0xd0, 0x1, 0xff,
    0xc8, 0x28, 0x0, 0xff, 0xe0, 0x34, 0x0, 0x7f,
    0xf1, 0x87, 0xc0, 0x3f, 0xf8, 0x4f, 0x0, 0x1f,
    0xfc, 0x42, 0xc2, 0x0, 0xff, 0xe1, 0xbd, 0x90,
    0x7, 0xff, 0x5, 0xb4, 0x80, 0x3f, 0xf8, 0xa9,
    0xb4, 0xa0, 0x1f, 0x89, 0xf6, 0x40, 0x3f, 0xf9,
    0x2b, 0x5f, 0xb7, 0x53, 0x57, 0xdb, 0x4, 0x1,
    0xff, 0xcd, 0x24, 0x56, 0x54, 0x10, 0xf, 0xff,
    0xf8, 0x7, 0xff, 0xfc, 0x3, 0xff, 0xfe, 0x1,
    0xff, 0xff, 0x0, 0xff, 0xf8, 0x80,

    /* U+0071 "q" */
    0x0, 0xff, 0xe0, 0x12, 0x2b, 0x29, 0x88, 0x7,
    0xff, 0x35, 0x6b, 0xf6, 0xea, 0x6b, 0x3b, 0x60,
    0x40, 0x38, 0x59, 0xbc, 0xa0, 0x1f, 0x26, 0xd2,
    0x80, 0x7e, 0x27, 0xe9, 0x10, 0x9, 0x26, 0x7d,
    0x60, 0x1e, 0x8b, 0x20, 0xf, 0xfe, 0xb, 0x79,
    0x80, 0x8, 0x3, 0xff, 0x81, 0x2e, 0x1, 0xff,
    0xc4, 0x1c, 0x30, 0xe0, 0xf, 0xf9, 0xd8, 0x3,
    0xff, 0x8f, 0xa2, 0x40, 0x1f, 0xe3, 0x80, 0xf,
    0xfe, 0x40, 0xea, 0x80, 0x7f, 0xbc, 0x3, 0xff,
    0x94, 0x62, 0x1, 0xfc, 0x66, 0x0, 0xfe, 0x17,
    0xbe, 0xff, 0x75, 0xa8, 0x7, 0xff, 0xe, 0x40,
    0x3f, 0x97, 0xa1, 0x4, 0x0, 0x29, 0x58, 0x20,
    0x1f, 0xfc, 0x15, 0x0, 0xfc, 0xb4, 0x1, 0xfc,
    0x78, 0x20, 0x1f, 0xf2, 0x0, 0x7f, 0x58, 0x7,
    0xfc, 0x56, 0x1, 0xff, 0x60, 0x7, 0xe7, 0x10,
    0xf, 0xfe, 0x2, 0x90, 0x7, 0xf8, 0xc0, 0x3f,
    0x58, 0x7, 0xff, 0xa, 0x80, 0x3f, 0xca, 0x1,
    0xf8, 0xc0, 0x3f, 0xf8, 0x48, 0x1, 0xfe, 0x10,
    0xf, 0x88, 0x3, 0xff, 0x86, 0x60, 0x1f, 0xc2,
    0x1, 0xf9, 0x80, 0x3f, 0xf8, 0x84, 0x1, 0xf8,
    0xc0, 0x3f, 0x10, 0x7, 0xff, 0x11, 0x80, 0x3f,
    0x8, 0x7, 0xff, 0x7c, 0x40, 0x3f, 0xf8, 0x82,
    0x1, 0xf9, 0xc0, 0x3f, 0xfa, 0xce, 0x1, 0xf8,
    0x40, 0x3f, 0xf8, 0x82, 0x1, 0xf8, 0x40, 0x3f,
    0xf9, 0xae, 0x1, 0xf8, 0xc0, 0x3f, 0x10, 0x7,
    0xff, 0x10, 0x40, 0x3f, 0x8, 0x7, 0xe7, 0x0,
    0xff, 0xe2, 0x10, 0x7, 0xf0, 0x80, 0x7c, 0x60,
    0x1f, 0xfc, 0x33, 0x0, 0xff, 0x28, 0x7, 0xe3,
    0x0, 0xff, 0xe1, 0x58, 0x7, 0xf8, 0xc0, 0x3f,
    0x58, 0x7, 0xff, 0x9, 0x40, 0x3f, 0xd8, 0x1,
    0xf9, 0x84, 0x3, 0xff, 0x80, 0xa4, 0x1, 0xfe,
    0x40, 0xf, 0xc3, 0x60, 0x1f, 0xf1, 0x58, 0x7,
    0xff, 0x1, 0x40, 0x3f, 0x2d, 0x0, 0x7f, 0x1e,
    0x8, 0x7, 0xff, 0x2, 0x40, 0x3f, 0x97, 0xa1,
    0x4, 0x0, 0x4b, 0x58, 0x20, 0x1f, 0xfc, 0x13,
    0x40, 0xf, 0xe1, 0x7b, 0xef, 0xf6, 0xd2, 0x80,
    0x7f, 0xf1, 0x24, 0x3, 0xff, 0xac, 0x50, 0x1,
    0xff, 0xc8, 0x44, 0x0, 0x7f, 0xf0, 0x1d, 0x80,
    0x3f, 0xf8, 0xc5, 0x42, 0x1, 0xff, 0xc1, 0x97,
    0x0, 0xff, 0xe2, 0x16, 0x8, 0x7, 0xff, 0xe,
    0x2c, 0x80, 0x3f, 0xf8, 0x2f, 0xa2, 0x1, 0xff,
    0xc5, 0x4d, 0xa4, 0x0, 0xfc, 0x51, 0xd0, 0x1,
    0xff, 0xc9, 0x5b, 0xfc, 0xa9, 0xaa, 0x67, 0xeb,
    0x88, 0x7, 0xff, 0x34, 0xd5, 0x95, 0x46, 0x1,
    0xff, 0xff, 0x0, 0xff, 0xff, 0x80, 0x7f, 0xff,
    0xc0, 0x3f, 0xff, 0xe0, 0x1f, 0xff, 0x70,

    /* U+0072 "r" */
    0x12, 0x2f, 0x8, 0x7, 0x14, 0x6f, 0x7e, 0xda,
    0x36, 0xef, 0xc0, 0x1a, 0x35, 0xc8, 0x40, 0x93,
    0x80, 0x3e, 0x20, 0xa, 0x5c, 0x3, 0xff, 0x86,
    0x20, 0x6, 0x60, 0x7, 0xff, 0x14, 0x45, 0x20,
    0x1f, 0xfc, 0x62, 0x80, 0xf, 0xfe, 0x3d, 0xb0,
    0x7, 0xff, 0x1d, 0xc0, 0x3f, 0xfa, 0x4, 0x67,
    0x68, 0x7, 0xff, 0x5, 0x2f, 0xf7, 0x32, 0x70,
    0xf, 0xfe, 0x5, 0xd9, 0x0, 0x3f, 0xf8, 0xb8,
    0x80, 0x1f, 0xfc, 0x68, 0x30, 0xf, 0xfe, 0x3b,
    0x80, 0x7f, 0xf1, 0xd4, 0x3, 0xff, 0x91, 0x80,
    0x1f, 0xfc, 0x85, 0x0, 0xff, 0xe4, 0x8, 0x7,
    0xff, 0x20, 0xc0, 0x3f, 0xff, 0xe0, 0x1f, 0xff,
    0xf0, 0xf, 0xff, 0xf8, 0x7, 0xff, 0xfc, 0x3,
    0xff, 0xfe, 0x1, 0xff, 0xd7,

    /* U+0073 "s" */
    0x0, 0xff, 0x85, 0x1a, 0x26, 0xae, 0xa6, 0x14,
    0x80, 0x3f, 0xf8, 0xe4, 0xf9, 0xd7, 0x2e, 0xca,
    0x8a, 0xcf, 0x5b, 0xd2, 0x60, 0x1f, 0xfc, 0x22,
    0xad, 0x83, 0x0, 0xff, 0xe0, 0xb, 0x66, 0xc,
    0x3, 0xfe, 0x6d, 0x50, 0xf, 0xfe, 0x31, 0xe4,
    0x0, 0x7f, 0x4c, 0x80, 0x3f, 0xf9, 0x4f, 0x60,
    0x1f, 0x33, 0x0, 0x3f, 0xf9, 0x89, 0x0, 0x1c,
    0x52, 0x1, 0xff, 0xce, 0x73, 0x0, 0xd0, 0x1,
    0xfc, 0x73, 0x9d, 0xfe, 0xeb, 0x71, 0x0, 0xfe,
    0x90, 0xc, 0xa0, 0x1f, 0xab, 0x18, 0xc4, 0x0,
    0x29, 0x1c, 0xa0, 0x1f, 0x90, 0x2, 0x30, 0xf,
    0xce, 0xa0, 0x1f, 0xea, 0x30, 0xf, 0x84, 0x40,
    0x6, 0x0, 0xfd, 0x80, 0x1f, 0xfc, 0xa, 0x0,
    0xfc, 0x60, 0x1f, 0xf1, 0x0, 0x7f, 0xf0, 0x14,
    0x8b, 0xf1, 0x80, 0x4, 0x3, 0xf4, 0x18, 0x7,
    0xfc, 0x7b, 0xbf, 0x84, 0x0, 0xc0, 0x1f, 0x87,
    0x24, 0xc0, 0x3f, 0xf9, 0x24, 0x40, 0xf, 0xe6,
    0xcd, 0x83, 0x0, 0xff, 0xe3, 0xd0, 0x7, 0xfc,
    0x4f, 0x9d, 0x2a, 0x20, 0x1f, 0xfc, 0x37, 0x30,
    0xf, 0xfe, 0x8, 0xb5, 0x76, 0x39, 0x80, 0x7f,
    0xf0, 0x78, 0x40, 0x3f, 0xf8, 0x87, 0x19, 0xb0,
    0x40, 0x1f, 0xe2, 0xc2, 0x0, 0xff, 0xe3, 0x13,
    0xed, 0x98, 0x7, 0xf1, 0x6c, 0x0, 0x7f, 0xf2,
    0x13, 0x20, 0x3, 0xfc, 0xfd, 0x2, 0x1, 0xff,
    0xc7, 0x7a, 0x0, 0xff, 0xb, 0xf6, 0x39, 0x0,
    0x7f, 0xf1, 0x56, 0x40, 0x3f, 0xf8, 0x7, 0x1b,
    0xa8, 0x40, 0xf, 0xfe, 0x1b, 0x18, 0x7, 0xff,
    0x8, 0x9e, 0xfe, 0xd8, 0x80, 0x3f, 0xf8, 0x12,
    0x1, 0xff, 0xc6, 0x49, 0xdc, 0x60, 0xf, 0xf2,
    0x0, 0x7f, 0xf2, 0x4e, 0x74, 0xc0, 0x3f, 0x8,
    0xce, 0xff, 0x88, 0x3, 0xff, 0x80, 0x58, 0x20,
    0x1f, 0x8c, 0xa2, 0x3f, 0x38, 0x7, 0xff, 0x9,
    0xc0, 0x3f, 0x84, 0x3, 0xf6, 0x80, 0x7f, 0xf0,
    0x84, 0x3, 0xf8, 0x80, 0x3f, 0x30, 0x80, 0x7f,
    0xf0, 0x50, 0x3, 0xf1, 0x1, 0x80, 0x7c, 0x38,
    0x40, 0x1f, 0xf4, 0x18, 0x7, 0xc6, 0x0, 0xa0,
    0xf, 0xc5, 0xb2, 0x80, 0x1e, 0x26, 0xd7, 0x0,
    0xfd, 0x60, 0x6, 0x10, 0xf, 0xe6, 0xbf, 0xed,
    0xcd, 0xfd, 0x92, 0x0, 0xfe, 0x60, 0xa, 0x80,
    0x3f, 0xf8, 0x2, 0x46, 0x40, 0x1f, 0xfc, 0x9,
    0x10, 0x9, 0x20, 0x3, 0xff, 0x9c, 0x8c, 0x1,
    0xcf, 0x20, 0x1f, 0xfc, 0xc6, 0xb0, 0xf, 0x9b,
    0x90, 0x3, 0xff, 0x90, 0x55, 0x20, 0x1f, 0xc3,
    0x78, 0xc0, 0x1f, 0xfc, 0x43, 0x9d, 0x50, 0xf,
    0xfe, 0x1, 0xcf, 0xdc, 0x29, 0x90, 0x80, 0x4,
    0x46, 0xaf, 0x5f, 0x8c, 0x1, 0xf0,

    /* U+0074 "t" */
    0x0, 0xf9, 0xe2, 0x39, 0x80, 0x3f, 0xf8, 0x23,
    0xe, 0xfd, 0x60, 0x1f, 0xfc, 0x12, 0x0, 0xff,
    0xe4, 0x28, 0x7, 0xff, 0x23, 0x80, 0x3f, 0xf9,
    0x4, 0x1, 0xff, 0xc8, 0x70, 0xf, 0xfe, 0x41,
    0x0, 0x7f, 0xf1, 0xc4, 0x3, 0xff, 0x90, 0xa0,
    0x1f, 0xfc, 0x41, 0x1c, 0x60, 0x1f, 0x84, 0x7c,
    0x3, 0xdd, 0xa0, 0x3, 0xe2, 0xee, 0xf1, 0x80,
    0x7f, 0xff, 0xc0, 0x3f, 0xfc, 0xe3, 0xff, 0x90,
    0x3, 0xe2, 0xff, 0xf1, 0x80, 0x7f, 0xff, 0xc0,
    0x3f, 0xff, 0xe0, 0x1f, 0xff, 0xf0, 0xf, 0xff,
    0xf8, 0x7, 0xff, 0xfc, 0x3, 0xff, 0xcc, 0x20,
    0x1f, 0x10, 0x7, 0xff, 0x0, 0xc0, 0x3f, 0x20,
    0x7, 0xfc, 0x20, 0x1f, 0xa9, 0x88, 0x46, 0x0,
    0xf6, 0x80, 0x7e, 0x19, 0xde, 0xe8, 0xc0, 0x39,
    0x40, 0x3f, 0xf9, 0x2a, 0x1, 0xff, 0xc8, 0x80,
    0xf, 0xfe, 0x41, 0x48, 0x7, 0xff, 0x21, 0xa8,
    0x40, 0x3f, 0xf8, 0xeb, 0xd2, 0x82, 0x0, 0x13,
    0x69, 0xd3,

    /* U+0075 "u" */
    0xbf, 0xff, 0xb4, 0x3, 0xff, 0x84, 0x9f, 0xff,
    0x90, 0x3, 0xff, 0xfe, 0x1, 0xff, 0xff, 0x0,
    0xff, 0xff, 0x80, 0x7f, 0xff, 0xc0, 0x3f, 0xff,
    0xe0, 0x1f, 0xff, 0xf0, 0xf, 0xff, 0xf8, 0x7,
    0xff, 0xfc, 0x3, 0xff, 0xfe, 0x1, 0xff, 0xdd,
    0x10, 0xf, 0xfe, 0xa1, 0x0, 0x7f, 0xf5, 0x30,
    0x3, 0xff, 0x8a, 0x40, 0x1f, 0xfc, 0x11, 0x40,
    0xf, 0xfe, 0x31, 0x80, 0x7f, 0xf0, 0x20, 0x3,
    0xfc, 0x40, 0x1f, 0xa8, 0x3, 0xfe, 0x56, 0x0,
    0xff, 0x70, 0x7, 0xe6, 0x40, 0xf, 0xe5, 0xa0,
    0xf, 0xf8, 0x80, 0x3f, 0xad, 0xc0, 0x3c, 0x33,
    0x40, 0x1f, 0xfc, 0x4, 0x0, 0xff, 0x47, 0xdc,
    0xc4, 0xe7, 0x30, 0x7, 0xff, 0x4, 0x50, 0x3,
    0xfe, 0x46, 0x76, 0x30, 0xf, 0xfe, 0x27, 0x0,
    0x7f, 0xf2, 0x51, 0x80, 0x3f, 0x95, 0x0, 0x3f,
    0xf8, 0xe5, 0x78, 0x1, 0xfe, 0xa2, 0x0, 0xff,
    0xe2, 0x9e, 0x3, 0x0, 0x7f, 0x87, 0x10, 0x3,
    0xff, 0x86, 0xf8, 0x20, 0x60, 0x1f, 0xf0, 0xdc,
    0x90, 0x7, 0xfc, 0xb9, 0x0, 0x18, 0x40, 0x3f,
    0xf8, 0xd, 0xb6, 0xe6, 0x20, 0x1, 0x25, 0x9e,
    0xa3, 0x0, 0xec, 0xdd, 0xf2, 0x0,

    /* U+0076 "v" */
    0x7f, 0xff, 0xce, 0x1, 0xff, 0xc5, 0x2f, 0xff,
    0xce, 0xc0, 0x1f, 0xa8, 0x3, 0xff, 0x8b, 0x40,
    0x1f, 0x94, 0x50, 0x3, 0xe2, 0x30, 0xf, 0xfe,
    0x23, 0x0, 0x7c, 0x64, 0x1c, 0x1, 0xfa, 0xc0,
    0x3f, 0xf8, 0x66, 0x20, 0x1f, 0x50, 0x1, 0x40,
    0x3f, 0x30, 0x7, 0xff, 0xe, 0x80, 0x3f, 0x30,
    0x4, 0xa0, 0x1f, 0xa, 0x0, 0x7f, 0xf0, 0x9c,
    0x3, 0xe5, 0x0, 0xdc, 0x1, 0xfb, 0x80, 0x3f,
    0xf8, 0x28, 0x20, 0x1f, 0x70, 0x6, 0x41, 0x0,
    0xf9, 0x40, 0x3f, 0xf8, 0x3c, 0x1, 0xf0, 0xa0,
    0x7, 0x30, 0x7, 0xe5, 0x0, 0xff, 0xe0, 0x28,
    0x7, 0xcc, 0x1, 0xea, 0x0, 0xfd, 0xc0, 0x1f,
    0xf2, 0x80, 0x7e, 0xa0, 0xf, 0x11, 0x80, 0x7c,
    0x82, 0x1, 0xfe, 0xe0, 0xf, 0x8c, 0x80, 0x3e,
    0xa0, 0xf, 0xce, 0x1, 0xfc, 0x28, 0x1, 0xf5,
    0x0, 0x7e, 0x70, 0xf, 0xd4, 0x1, 0xfc, 0xe0,
    0x1f, 0x9c, 0x3, 0xf0, 0xa8, 0x7, 0xc6, 0x40,
    0x1f, 0xa8, 0x3, 0xe5, 0x10, 0xf, 0xee, 0x0,
    0xfc, 0xa0, 0x1f, 0x9, 0x80, 0x7d, 0xc0, 0x1f,
    0xe4, 0x10, 0xf, 0xa8, 0x3, 0xe6, 0x0, 0xf8,
    0x50, 0x3, 0xfe, 0x70, 0xf, 0x88, 0xc0, 0x3d,
    0x40, 0x1f, 0x30, 0x7, 0xff, 0x2, 0x80, 0x3f,
    0x58, 0x7, 0x11, 0x0, 0x3e, 0xb0, 0xf, 0xfe,
    0x1, 0x90, 0x7, 0xca, 0x1, 0xca, 0x1, 0xf1,
    0x18, 0x7, 0xff, 0x6, 0x80, 0x3e, 0x22, 0x0,
    0x6b, 0x0, 0xfa, 0x80, 0x3f, 0xf8, 0x4c, 0x1,
    0xf9, 0x40, 0x21, 0x30, 0xf, 0x98, 0x3, 0xff,
    0x84, 0x28, 0x1, 0xf5, 0x80, 0x4e, 0x1, 0xf2,
    0x8, 0x7, 0xff, 0xf, 0x80, 0x3e, 0x31, 0x0,
    0x60, 0x7, 0xdc, 0x1, 0xff, 0xc4, 0x50, 0xf,
    0xc8, 0x0, 0x40, 0xf, 0xa, 0x80, 0x7f, 0xf1,
    0x58, 0x3, 0xef, 0x3, 0x10, 0xf, 0x38, 0x7,
    0xff, 0x1a, 0x80, 0x3e, 0x40, 0x40, 0xf, 0xa8,
    0x3, 0xff, 0x8c, 0x64, 0x1, 0xe1, 0x2c, 0x0,
    0xf1, 0x18, 0x7, 0xff, 0x1d, 0x40, 0x3e, 0x54,
    0x0, 0xf5, 0x0, 0x7f, 0xf2, 0x28, 0x3, 0xe8,
    0x0, 0xf9, 0x80, 0x3f, 0xf9, 0x4, 0x60, 0x1f,
    0xfc, 0x14, 0x10, 0xf, 0xfe, 0x4d, 0x0, 0x7f,
    0xf0, 0x78, 0x3, 0xff, 0x94, 0xe0, 0x1f, 0xfc,
    0x15, 0x0, 0xff, 0xe5, 0xa, 0x80, 0x7f, 0xcc,
    0x1, 0xff, 0xcc, 0xe0, 0xf, 0xfb, 0x40, 0x3f,
    0xf9, 0x88, 0x20, 0x1f, 0xc2, 0x80, 0x1f, 0xfc,
    0xd6, 0x0, 0xfe, 0x60, 0xf, 0xfe, 0x75, 0x0,
    0x7f, 0x50, 0x7, 0xff, 0x4,

    /* U+0077 "w" */
    0xaf, 0xff, 0xc4, 0x1, 0xff, 0xc0, 0xef, 0xff,
    0xce, 0x1, 0xff, 0xc0, 0x7f, 0xff, 0xaf, 0xc0,
    0x3f, 0x20, 0x7, 0xfc, 0x42, 0x1, 0xfb, 0x0,
    0x3f, 0xf8, 0x18, 0x1, 0xf6, 0xa0, 0x7, 0xec,
    0x0, 0xff, 0x90, 0x3, 0xf9, 0x0, 0x3f, 0xf8,
    0x8, 0x1, 0xf3, 0x89, 0x80, 0x7c, 0x80, 0x1f,
    0xf6, 0x0, 0x7f, 0x8c, 0x3, 0xfc, 0x60, 0x1f,
    0x18, 0x85, 0x80, 0x7c, 0x24, 0x1, 0xfe, 0x40,
    0xf, 0xf2, 0x0, 0x7f, 0x90, 0x3, 0xe4, 0x0,
    0x28, 0x7, 0xe4, 0x0, 0xfe, 0x21, 0x0, 0xff,
    0x60, 0x7, 0xfb, 0x0, 0x3e, 0xb0, 0x1, 0x10,
    0x3, 0xec, 0x0, 0xfe, 0x70, 0xf, 0xf9, 0x0,
    0x3f, 0xc8, 0x1, 0xe1, 0x30, 0x9, 0x0, 0x3e,
    0x40, 0xf, 0xec, 0x0, 0xff, 0xe0, 0x18, 0x7,
    0xe3, 0x0, 0xf9, 0x0, 0x36, 0x80, 0x7c, 0x24,
    0x1, 0xf9, 0x0, 0x3f, 0xf8, 0x8, 0x1, 0xf9,
    0x0, 0x3e, 0xf0, 0xc, 0x80, 0x1f, 0x94, 0x3,
    0xe1, 0x20, 0xf, 0xfe, 0x6, 0x0, 0x7e, 0xc0,
    0xf, 0x94, 0x3, 0x94, 0x3, 0xec, 0x0, 0xf9,
    0x0, 0x3d, 0x0, 0x1e, 0x40, 0xf, 0xc8, 0x1,
    0xe4, 0x0, 0xf6, 0x0, 0x7c, 0x80, 0x1f, 0x68,
    0x7, 0x90, 0x40, 0x3c, 0x60, 0x1e, 0x30, 0xf,
    0xb0, 0x3, 0xce, 0x1, 0xf8, 0xc0, 0x3c, 0x80,
    0x1e, 0x32, 0x0, 0xf2, 0x0, 0x79, 0x0, 0x3e,
    0x50, 0xf, 0x9, 0x80, 0x7c, 0x80, 0x1e, 0x30,
    0xe, 0x20, 0x40, 0xf, 0x60, 0x7, 0xb0, 0x3,
    0xc4, 0x40, 0xf, 0xac, 0x3, 0xec, 0x0, 0xe4,
    0x0, 0xf3, 0x86, 0x80, 0x79, 0x0, 0x3c, 0x80,
    0x1e, 0x40, 0xf, 0xc8, 0x1, 0xf2, 0x0, 0x76,
    0x0, 0x7b, 0x41, 0xc0, 0x3e, 0x30, 0xc, 0x60,
    0x1f, 0x68, 0x7, 0xe3, 0x10, 0xf, 0x8c, 0x3,
    0x20, 0x7, 0x8c, 0x8, 0x40, 0x3c, 0x80, 0x19,
    0x0, 0x3e, 0x40, 0xf, 0xe7, 0x0, 0xf9, 0x0,
    0x31, 0x80, 0x79, 0x0, 0xa, 0x1, 0xec, 0x0,
    0xd8, 0x1, 0xe5, 0x0, 0xff, 0x68, 0x7, 0xd8,
    0x1, 0x18, 0x7, 0x8c, 0x2, 0xc0, 0xf, 0x20,
    0x6, 0x40, 0xf, 0x60, 0x7, 0xf9, 0x0, 0x3e,
    0x40, 0x9, 0x0, 0x3c, 0x80, 0x11, 0x80, 0x7c,
    0x60, 0x3, 0x0, 0xf9, 0xc0, 0x3f, 0xe4, 0x0,
    0xf8, 0xc0, 0x1a, 0x1, 0xec, 0x0, 0x90, 0x3,
    0xe4, 0x0, 0x20, 0x7, 0x8c, 0x40, 0x3f, 0xed,
    0x0, 0xf9, 0x0, 0x8, 0x1, 0xe4, 0x0, 0xc6,
    0x1, 0xed, 0x0, 0x68, 0x7, 0x90, 0x3, 0xff,
    0x80, 0xe0, 0x1f, 0x68, 0x8, 0x80, 0x38, 0xc0,
    0x39, 0x0, 0x3c, 0x80, 0x7, 0x0, 0xf5, 0x80,
    0x7f, 0xf0, 0x4, 0x80, 0x3c, 0x80, 0xa0, 0x1e,
    0x40, 0xe, 0xc0, 0xf, 0x8, 0xc4, 0x1, 0xc2,
    0x60, 0x1f, 0xfc, 0x15, 0x0, 0xf0, 0x88, 0xc0,
    0x3d, 0x80, 0x1c, 0xa0, 0x1f, 0x2a, 0x80, 0x3c,
    0xe0, 0x1f, 0xfc, 0x2b, 0x0, 0xf9, 0x74, 0x3,
    0xca, 0x1, 0xc2, 0x40, 0x1e, 0xcc, 0x0, 0x7b,
    0x0, 0x3f, 0xf8, 0x46, 0x20, 0x1e, 0x37, 0x0,
    0xe3, 0x10, 0xf, 0x20, 0x7, 0x8c, 0xc0, 0x1e,
    0x50, 0xf, 0xfe, 0x1b, 0x80, 0x7a, 0x8, 0x3,
    0x90, 0x3, 0xec, 0x0, 0xf2, 0x20, 0x3, 0x90,
    0x3, 0xff, 0x89, 0x80, 0x1f, 0xfc, 0x1d, 0x0,
    0xf9, 0x0, 0x3f, 0xf8, 0x38, 0x1, 0xff, 0xc4,
    0x50, 0xf, 0xfe, 0xa, 0x0, 0x7c, 0x22, 0x0,
    0xff, 0xe0, 0x28, 0x7, 0xff, 0x15, 0x0, 0x3f,
    0xe2, 0x10, 0xf, 0xc8, 0x1, 0xff, 0x11, 0x0,
    0x3f, 0xf8, 0xba, 0x1, 0xff, 0x20, 0x7, 0xf6,
    0x0, 0x7f, 0xca, 0x1, 0xff, 0xc6, 0x40, 0xf,
    0xfb, 0x0, 0x3f, 0x90, 0x3, 0xfe, 0xc0, 0xf,
    0xfe, 0x31, 0x10, 0x3, 0xfc, 0x80, 0x1f, 0xc4,
    0x20, 0x1f, 0xe4, 0x0, 0xff, 0xe3, 0xa8, 0x7,
    0xf1, 0x8, 0x7, 0xf9, 0x40, 0x3f, 0x94, 0x3,
    0xff, 0x91, 0x60, 0x1f, 0xc8, 0x1, 0xff, 0x60,
    0x7, 0xf6, 0x0, 0x7f, 0xf2, 0xc, 0x40, 0x3f,
    0x60, 0x7, 0xfc, 0x80, 0x1f, 0xce, 0x1, 0xfe,

    /* U+0078 "x" */
    0x0, 0x11, 0x7f, 0x80, 0x3f, 0xf8, 0x64, 0x5f,
    0xc2, 0x1, 0x66, 0xef, 0xf3, 0x0, 0x7f, 0xf0,
    0x57, 0x77, 0xf9, 0x0, 0x2a, 0x0, 0xfe, 0x81,
    0x0, 0xff, 0x86, 0xc0, 0x3f, 0x2a, 0x80, 0x24,
    0x60, 0xf, 0xc3, 0x60, 0x1f, 0xf4, 0x8, 0x7,
    0xc3, 0x60, 0x1d, 0x24, 0x1, 0xf9, 0x50, 0x3,
    0xf9, 0x18, 0x3, 0xf5, 0x8, 0x7, 0xb8, 0x3,
    0xfa, 0x40, 0x3f, 0xa4, 0x3, 0xf3, 0x20, 0x7,
    0xc6, 0xe0, 0x1f, 0x8a, 0x0, 0x3e, 0x82, 0x0,
    0xf8, 0xa4, 0x3, 0xfa, 0x8, 0x3, 0xf3, 0x98,
    0x7, 0x1b, 0x80, 0x7e, 0xe0, 0xf, 0xfb, 0x80,
    0x3f, 0xbc, 0x3, 0xb8, 0x3, 0xf3, 0x98, 0x7,
    0xfc, 0x6e, 0x1, 0xf8, 0xdc, 0x2, 0x72, 0x0,
    0xf8, 0xe0, 0x3, 0xff, 0x83, 0x6, 0x1, 0xfa,
    0x4, 0xa, 0x0, 0x3f, 0x70, 0x7, 0xff, 0xf,
    0x80, 0x3f, 0xa8, 0x38, 0x3, 0xf4, 0x10, 0x7,
    0xff, 0xc, 0xa0, 0x3, 0xf2, 0x61, 0x80, 0x7c,
    0x8e, 0x1, 0xff, 0xc5, 0x73, 0x0, 0xfc, 0x60,
    0x1f, 0xa8, 0x3, 0xff, 0x8f, 0xc0, 0x1f, 0xfc,
    0x4a, 0x10, 0xf, 0xfe, 0x39, 0x48, 0x7, 0xff,
    0x9, 0x54, 0x1, 0xff, 0xc9, 0x64, 0x0, 0xff,
    0xe0, 0xd, 0x80, 0x7f, 0xf2, 0xe8, 0x3, 0xff,
    0x81, 0x42, 0x1, 0xff, 0xcb, 0x19, 0x0, 0xff,
    0x2a, 0x0, 0x7f, 0xf3, 0x7c, 0x3, 0xfc, 0xa4,
    0x1, 0xff, 0xcc, 0x46, 0x0, 0xff, 0xa4, 0x3,
    0xff, 0x96, 0x34, 0x1, 0xff, 0xc0, 0x46, 0x0,
    0xff, 0xe5, 0x58, 0x80, 0x7f, 0xf0, 0x64, 0x80,
    0x3f, 0xf9, 0xa, 0xa0, 0xf, 0xfe, 0x1f, 0x0,
    0x7f, 0xf1, 0xc6, 0xc0, 0x3f, 0xf8, 0x86, 0xe0,
    0x1f, 0xfc, 0x6a, 0x10, 0xf, 0xa1, 0x40, 0x3f,
    0x41, 0x0, 0x7f, 0xf1, 0x19, 0x0, 0x3e, 0x37,
    0xb1, 0x0, 0xfd, 0xc0, 0x1f, 0xfc, 0x32, 0x90,
    0xf, 0xde, 0x3, 0x0, 0x1f, 0x8d, 0xc0, 0x3f,
    0xf8, 0x5c, 0x1, 0xf9, 0xcc, 0x0, 0xc8, 0x1,
    0xfa, 0x8, 0x3, 0xff, 0x80, 0xe6, 0x1, 0xf1,
    0x40, 0x6, 0x90, 0xf, 0xee, 0x0, 0xff, 0x8a,
    0x0, 0x3f, 0x48, 0x7, 0x14, 0x0, 0x7e, 0x37,
    0x0, 0xff, 0x70, 0x7, 0xe6, 0x40, 0xf, 0x39,
    0x0, 0x7e, 0x82, 0x0, 0xfd, 0x6, 0x1, 0xf0,
    0xc0, 0x7, 0xee, 0x0, 0xfe, 0xe0, 0xf, 0x8d,
    0xc0, 0x3f, 0x58, 0x80, 0x7e, 0x36, 0x0, 0xfc,
    0x6e, 0x1, 0xee, 0x0, 0xfc, 0xaa, 0x0, 0xff,
    0x48, 0x80, 0x7e, 0x82, 0x0, 0xd2, 0x40, 0x1f,
    0xac, 0x3, 0xff, 0x81, 0x40, 0x1f, 0xdc, 0x1,
    0x23, 0x0, 0x7e, 0x91, 0x0, 0xff, 0xe0, 0x22,
    0x80, 0x7e, 0x38, 0x1, 0xa0, 0xf, 0xc6, 0xc0,
    0x1f, 0xfc, 0x2b, 0x10, 0xf, 0xce, 0x60,

    /* U+0079 "y" */
    0x48, 0x8f, 0xc6, 0x1, 0xff, 0xc6, 0x88, 0xfc,
    0x80, 0xef, 0xfa, 0x0, 0x3f, 0xf8, 0xaa, 0xef,
    0xf8, 0x50, 0x40, 0x3e, 0x41, 0x0, 0xff, 0xe2,
    0x78, 0x7, 0xe5, 0x9, 0x0, 0xfc, 0xc0, 0x1f,
    0xfc, 0x44, 0x0, 0xf9, 0x40, 0xc, 0x1, 0xfa,
    0x80, 0x3f, 0xf8, 0x68, 0x20, 0x1f, 0x70, 0x0,
    0x50, 0x3, 0xe2, 0x30, 0xf, 0xfe, 0x16, 0x80,
    0x7c, 0x28, 0x1, 0x70, 0x7, 0xea, 0x0, 0xff,
    0xe1, 0x38, 0x7, 0xce, 0x1, 0x94, 0x40, 0x3e,
    0x60, 0xf, 0xfe, 0x9, 0x88, 0x7, 0xd4, 0x1,
    0xce, 0x1, 0xf9, 0x80, 0x3f, 0xf8, 0x16, 0x1,
    0xf0, 0x98, 0x7, 0x58, 0x7, 0xea, 0x0, 0xff,
    0xe0, 0x28, 0x7, 0xcc, 0x1, 0xe2, 0x30, 0xf,
    0x8c, 0x80, 0x3f, 0xc4, 0x40, 0xf, 0xac, 0x3,
    0xea, 0x0, 0xfd, 0x40, 0x1f, 0xe5, 0x0, 0xf8,
    0x8c, 0x3, 0xe6, 0x0, 0xfc, 0xc0, 0x1f, 0xeb,
    0x0, 0xfa, 0x80, 0x3f, 0x94, 0x3, 0xe1, 0x50,
    0xf, 0xc2, 0x60, 0x1f, 0x28, 0x7, 0xf4, 0x80,
    0x7e, 0xe0, 0xf, 0xce, 0x1, 0xf1, 0x90, 0x7,
    0xf1, 0x90, 0x7, 0xc8, 0x20, 0x1f, 0x68, 0x7,
    0xd6, 0x1, 0xff, 0x50, 0x7, 0xe6, 0x0, 0xf9,
    0x0, 0x3e, 0x60, 0xf, 0xf9, 0x80, 0x3f, 0x50,
    0x7, 0x94, 0x3, 0xe4, 0x10, 0xf, 0xf8, 0x50,
    0x3, 0xe2, 0x30, 0xe, 0xf0, 0xf, 0xb4, 0x3,
    0xff, 0x83, 0xe0, 0x1f, 0xa8, 0x3, 0x90, 0x3,
    0xe7, 0x0, 0xff, 0xe0, 0xa0, 0x80, 0x7c, 0xe0,
    0x18, 0xc4, 0x3, 0xc8, 0x20, 0x1f, 0xfc, 0x26,
    0x0, 0xf8, 0x4c, 0x2, 0xb0, 0xf, 0xb8, 0x3,
    0xff, 0x87, 0x40, 0x1f, 0xac, 0x2, 0x50, 0xf,
    0x94, 0x3, 0xff, 0x86, 0x46, 0x1, 0xf2, 0x0,
    0x4, 0x80, 0x3c, 0xa0, 0x1f, 0xfc, 0x5a, 0x0,
    0xf8, 0xc4, 0x1c, 0x3, 0xee, 0x0, 0xff, 0xe2,
    0xb0, 0x7, 0xe4, 0xc, 0x0, 0xf0, 0xa0, 0x7,
    0xff, 0x19, 0x80, 0x3e, 0xf0, 0x40, 0xf, 0x38,
    0x7, 0xff, 0x1e, 0x80, 0x3e, 0x42, 0x10, 0xf,
    0x50, 0x7, 0xff, 0x1c, 0xc8, 0x3, 0xc3, 0x20,
    0x1e, 0x13, 0x0, 0xff, 0xe4, 0x50, 0x7, 0xc8,
    0x1, 0xe6, 0x0, 0xff, 0xe4, 0xb0, 0x7, 0xff,
    0xa, 0xc0, 0x3f, 0xf9, 0x22, 0xa0, 0x1f, 0xfc,
    0x2, 0x30, 0xf, 0xfe, 0x57, 0x0, 0x7f, 0xf0,
    0x28, 0x3, 0xff, 0x96, 0x82, 0x1, 0xff, 0x28,
    0x7, 0xff, 0x31, 0x80, 0x3f, 0xc6, 0x40, 0x1f,
    0xfc, 0xca, 0x0, 0xff, 0x58, 0x7, 0xff, 0x34,
    0x90, 0x3, 0xf9, 0x80, 0x3f, 0xf9, 0xda, 0x1,
    0xf9, 0x44, 0x3, 0xff, 0x9d, 0xa0, 0x1f, 0xb8,
    0x3, 0xff, 0x9c, 0x88, 0x0, 0xf8, 0x90, 0x3,
    0xff, 0x9a, 0x34, 0x1, 0xfa, 0xc0, 0x3f, 0xf9,
    0xa5, 0x82, 0x1, 0xf0, 0xb0, 0x7, 0xff, 0x31,
    0xb4, 0x80, 0x3f, 0x40, 0x7, 0xff, 0x19, 0x22,
    0x35, 0x74, 0x80, 0x7f, 0x13, 0x0, 0x7f, 0xf1,
    0xb5, 0xdf, 0x28, 0x80, 0x7f, 0xb8, 0x3, 0xff,
    0xaf, 0x6, 0x1, 0xff, 0xd6, 0x67, 0x0, 0xff,
    0xeb, 0x34, 0x80, 0x7f, 0xf5, 0x46, 0xa4, 0x3,
    0xff, 0x95, 0xe2, 0x1, 0xf8, 0x5f, 0xd4, 0x3,
    0xff, 0x96, 0xdd, 0xb7, 0x31, 0x15, 0x6f, 0x40,
    0x80, 0x7f, 0xf2, 0x40,

    /* U+007A "z" */
    0x0, 0x8, 0xff, 0xf4, 0x40, 0x22, 0xee, 0xff,
    0xe8, 0xe0, 0x7, 0xff, 0xfc, 0x3, 0xff, 0xd9,
    0x20, 0x1f, 0xfd, 0x36, 0x50, 0xf, 0xfe, 0x91,
    0x48, 0x4, 0x5f, 0xff, 0xfc, 0x4e, 0x0, 0xff,
    0x70, 0x7, 0xff, 0x27, 0x40, 0x3f, 0xa0, 0xc0,
    0x3f, 0xf9, 0xe, 0x60, 0x1f, 0x91, 0xc0, 0x3f,
    0xf9, 0x7, 0x0, 0x1f, 0x86, 0x80, 0x3f, 0xf9,
    0x3c, 0x1, 0xfd, 0x42, 0x1, 0xff, 0xc8, 0xa2,
    0x0, 0xfc, 0xc8, 0x1, 0xff, 0xc8, 0x55, 0x0,
    0x7e, 0x29, 0x0, 0xff, 0xe4, 0x15, 0x0, 0x7f,
    0x78, 0x7, 0xff, 0x27, 0x80, 0x3f, 0xa4, 0x80,
    0x3f, 0xf9, 0x10, 0x60, 0x1f, 0x91, 0x80, 0x3f,
    0xf9, 0x6, 0xe0, 0x1f, 0x86, 0x80, 0x3f, 0xf9,
    0x3, 0xa0, 0x1f, 0xd4, 0x20, 0x1f, 0xfc, 0x8b,
    0x10, 0xf, 0xce, 0x80, 0x1f, 0xfc, 0x86, 0x50,
    0xf, 0xc7, 0x0, 0x1f, 0xfc, 0x82, 0x90, 0xf,
    0xee, 0x0, 0xff, 0xe4, 0xf0, 0x7, 0xf4, 0x90,
    0x7, 0xff, 0x22, 0xc, 0x3, 0xf2, 0xb0, 0x7,
    0xff, 0x21, 0x1c, 0x3, 0xf0, 0xd8, 0x7, 0xff,
    0x20, 0x68, 0x3, 0xfa, 0x84, 0x3, 0xff, 0x91,
    0x62, 0x1, 0xf9, 0xd0, 0x3, 0xff, 0x90, 0xca,
    0x1, 0xf8, 0xe0, 0x3, 0xff, 0x90, 0x52, 0x1,
    0xfd, 0xc0, 0x1f, 0xfc, 0x9e, 0x0, 0xfe, 0x93,
    0x11, 0xff, 0xe2, 0x80, 0x50, 0x60, 0x1f, 0xd3,
    0xdd, 0xff, 0xc6, 0x80, 0x47, 0x0, 0xff, 0xe9,
    0xd, 0x0, 0x7f, 0xf4, 0xd0, 0x40, 0x3f, 0xff,
    0xe0, 0x1f, 0xfe, 0xb0,

    /* U+007B "{" */
    0x0, 0xff, 0xe1, 0x92, 0x33, 0x1d, 0x40, 0x3f,
    0xe2, 0x8c, 0xfd, 0xb9, 0x94, 0x78, 0x7, 0xfa,
    0xb5, 0xcc, 0x3, 0xff, 0x86, 0x5a, 0xa0, 0x1f,
    0xfc, 0x6e, 0x20, 0xf, 0xfe, 0x33, 0x98, 0x7,
    0xe1, 0x46, 0xf0, 0xf, 0xa4, 0x3, 0xe2, 0xbe,
    0xb9, 0x50, 0xf, 0x10, 0x80, 0x79, 0x35, 0x0,
    0x3f, 0xce, 0x1, 0xf4, 0x80, 0x7f, 0xf0, 0x8,
    0x3, 0xc2, 0x40, 0x1f, 0xfc, 0xf, 0x0, 0xf1,
    0x80, 0x7f, 0xf7, 0x44, 0x3, 0xff, 0xba, 0xe0,
    0x1f, 0xfc, 0x81, 0x0, 0xff, 0xee, 0x98, 0x7,
    0xff, 0x74, 0x40, 0x3f, 0xfb, 0xbe, 0x1, 0xff,
    0xc8, 0x10, 0xf, 0xfe, 0xe9, 0x80, 0x7f, 0xf0,
    0x48, 0x3, 0xc2, 0x1, 0xff, 0xc0, 0x14, 0x0,
    0xf2, 0x80, 0x7f, 0xc3, 0xa2, 0x1, 0xc6, 0x20,
    0x1f, 0x85, 0x27, 0x8c, 0x3, 0xd2, 0x1, 0xfb,
    0xfa, 0xd8, 0x3, 0xe5, 0x50, 0x7, 0xff, 0x19,
    0xa8, 0x3, 0xff, 0x84, 0x48, 0xb3, 0xd2, 0x1,
    0xff, 0xc3, 0x4d, 0xe7, 0x10, 0xf, 0xfe, 0x23,
    0x4d, 0xf5, 0x90, 0x7, 0xff, 0x1d, 0x35, 0x40,
    0x3f, 0xaa, 0x14, 0x40, 0x3e, 0xa2, 0x0, 0xfc,
    0xaf, 0x5d, 0x20, 0x1f, 0x40, 0x7, 0xff, 0x1,
    0xb0, 0x3, 0xca, 0x1, 0xff, 0xc1, 0x34, 0x0,
    0xf1, 0x0, 0x7f, 0xf0, 0x48, 0x3, 0xcc, 0x1,
    0xff, 0xc1, 0x10, 0xf, 0x10, 0x7, 0xff, 0x74,
    0x40, 0x3f, 0xfb, 0xbe, 0x1, 0xff, 0xdd, 0x10,
    0xf, 0xfe, 0x41, 0x80, 0x7f, 0xf7, 0x44, 0x3,
    0xff, 0xba, 0xe0, 0x1f, 0xfd, 0xd1, 0x0, 0xff,
    0xe4, 0x18, 0x7, 0xff, 0x7, 0x80, 0x3c, 0x22,
    0x0, 0xff, 0xe0, 0x10, 0x7, 0xcc, 0x1, 0xff,
    0xc0, 0x40, 0xf, 0xa1, 0x40, 0x3f, 0xf8, 0x8,
    0x1, 0xf5, 0x63, 0x18, 0x80, 0x7e, 0x90, 0xf,
    0xc7, 0x39, 0xd4, 0x1, 0xf1, 0x40, 0x7, 0xff,
    0x21, 0xe4, 0x3, 0xff, 0x90, 0xda, 0xc0, 0x1f,
    0xfc, 0x72, 0x9f, 0xb7, 0x53, 0x11, 0x0, 0x0,

    /* U+007C "|" */
    0xbf, 0xfe, 0xd0, 0xf, 0xff, 0xf8, 0x7, 0xff,
    0xfc, 0x3, 0xff, 0xfe, 0x1, 0xff, 0xff, 0x0,
    0xff, 0xff, 0x80, 0x7f, 0xfd, 0xb1, 0x57, 0xc0,

    /* U+007D "}" */
    0x7, 0x73, 0x29, 0x88, 0x7, 0xff, 0xc, 0x62,
    0x13, 0x59, 0xdc, 0xa5, 0x0, 0xff, 0xe3, 0x8a,
    0xd7, 0x28, 0x7, 0xff, 0x20, 0x6a, 0x0, 0x3f,
    0xf9, 0x2e, 0xc0, 0x1f, 0x85, 0xd8, 0xc0, 0x3f,
    0xa4, 0x40, 0x3f, 0x44, 0xe7, 0x40, 0x7, 0xe6,
    0x0, 0xff, 0x85, 0xf0, 0x3, 0xeb, 0x0, 0xff,
    0xe0, 0x9b, 0x0, 0x78, 0xc0, 0x3f, 0xf8, 0x5e,
    0x1, 0xff, 0xc9, 0x20, 0xf, 0x84, 0x3, 0xff,
    0x82, 0xe0, 0x1f, 0x18, 0x7, 0xff, 0x5c, 0x40,
    0x3f, 0xfb, 0xe6, 0x1, 0xff, 0xdf, 0x10, 0xf,
    0xff, 0xb0, 0x80, 0x7f, 0xf7, 0xcc, 0x3, 0xff,
    0xbe, 0x20, 0x1f, 0xfc, 0x96, 0x0, 0xf3, 0x0,
    0x7f, 0xf0, 0x88, 0x3, 0xda, 0x1, 0xff, 0xc2,
    0xb0, 0xf, 0x33, 0x80, 0x7f, 0xf0, 0x4c, 0xc0,
    0x1e, 0x8d, 0x73, 0x10, 0xf, 0xf7, 0x0, 0x7c,
    0x51, 0x9d, 0x20, 0x1f, 0xc5, 0xa6, 0x1, 0xff,
    0xc8, 0x2c, 0xb7, 0x43, 0x0, 0xff, 0xe3, 0x25,
    0x75, 0x10, 0x7, 0xff, 0x11, 0xfb, 0x6a, 0x48,
    0x3, 0xff, 0x87, 0x70, 0x20, 0x1f, 0xfc, 0x68,
    0x40, 0xf, 0x8d, 0xe6, 0x80, 0x3f, 0xb, 0x80,
    0x78, 0xf7, 0x21, 0x8c, 0x3, 0xf3, 0x80, 0x78,
    0xf0, 0x80, 0x3f, 0xf8, 0x1e, 0x1, 0xe9, 0x0,
    0xff, 0xe1, 0x10, 0x7, 0x9c, 0x3, 0xff, 0x84,
    0xe0, 0x1f, 0xfc, 0x91, 0x0, 0xff, 0xe4, 0x98,
    0x7, 0xff, 0x7c, 0x40, 0x3f, 0xff, 0xe0, 0x1f,
    0xf0, 0x80, 0x7f, 0xf2, 0x4c, 0x3, 0xff, 0xbe,
    0x20, 0x1f, 0xfd, 0xf7, 0x0, 0xf8, 0xc0, 0x3f,
    0xf8, 0x22, 0x1, 0xff, 0xc9, 0x20, 0xf, 0x84,
    0x3, 0xff, 0x83, 0x40, 0x1e, 0x20, 0xf, 0xfe,
    0x0, 0xd9, 0x0, 0x79, 0x0, 0x3f, 0x89, 0x27,
    0xd0, 0x3, 0xed, 0x0, 0xf8, 0x7f, 0x6d, 0x84,
    0x3, 0xe4, 0x40, 0x7, 0xff, 0x1c, 0x68, 0x3,
    0xff, 0x8e, 0x58, 0x20, 0x1f, 0xfc, 0x52, 0x9d,
    0x20, 0xf, 0xfe, 0x0, 0x92, 0x34, 0xe6, 0xb0,
    0x7, 0xfc,

    /* U+007E "~" */
    0x0, 0xff, 0xeb, 0xa8, 0x7, 0x8e, 0x33, 0xbf,
    0xdb, 0x4c, 0x20, 0x1f, 0xfc, 0x69, 0x80, 0xc,
    0x99, 0x87, 0x31, 0x0, 0x12, 0xcf, 0x49, 0x80,
    0x7f, 0xf0, 0x86, 0xd8, 0x3, 0x55, 0x98, 0x7,
    0xf9, 0xb3, 0xc, 0x1, 0xff, 0x3f, 0x20, 0x4,
    0x3a, 0xa0, 0x1f, 0xfc, 0x23, 0x9f, 0x94, 0x0,
    0xe4, 0x8e, 0x80, 0xe, 0xc2, 0x0, 0xff, 0xe3,
    0x35, 0xff, 0x6f, 0x7d, 0xb8, 0x80, 0x72, 0x10,
    0x7, 0xff, 0x28, 0x48, 0x40, 0x3f, 0x84, 0x3,
    0xff, 0xc2, 0x22, 0x0, 0xff, 0xe5, 0xd8, 0x7,
    0x92, 0x7b, 0xfb, 0x9f, 0xb2, 0x60, 0x1f, 0xfc,
    0x68, 0x60, 0xc, 0x99, 0x6c, 0x20, 0x18, 0x9b,
    0x30, 0xc0, 0x1f, 0xfc, 0x21, 0xb7, 0x0, 0xd3,
    0x66, 0x1, 0xfe, 0x39, 0xf9, 0x30, 0xf, 0xf3,
    0x7a, 0x0, 0x43, 0xac, 0x1, 0xff, 0xc3, 0x6c,
    0xc3, 0x98, 0x80, 0x92, 0xcf, 0x48, 0x80, 0x4d,
    0x84, 0x1, 0xff, 0xc6, 0x38, 0xce, 0xfe, 0xda,
    0x61, 0x0, 0xe0
};


/*---------------------
 *  GLYPH DESCRIPTION
 *--------------------*/

static const lv_font_fmt_txt_glyph_dsc_t glyph_dsc[] = {
    {.bitmap_index = 0, .adv_w = 0, .box_w = 0, .box_h = 0, .ofs_x = 0, .ofs_y = 0} /* id = 0 reserved */,
    {.bitmap_index = 0, .adv_w = 224, .box_w = 0, .box_h = 0, .ofs_x = 0, .ofs_y = 0},
    {.bitmap_index = 0, .adv_w = 327, .box_w = 11, .box_h = 49, .ofs_x = 5, .ofs_y = 0},
    {.bitmap_index = 143, .adv_w = 497, .box_w = 24, .box_h = 20, .ofs_x = 4, .ofs_y = 29},
    {.bitmap_index = 236, .adv_w = 653, .box_w = 39, .box_h = 51, .ofs_x = 1, .ofs_y = -1},
    {.bitmap_index = 687, .adv_w = 606, .box_w = 34, .box_h = 55, .ofs_x = 2, .ofs_y = -4},
    {.bitmap_index = 1080, .adv_w = 1082, .box_w = 56, .box_h = 51, .ofs_x = 6, .ofs_y = -1},
    {.bitmap_index = 1832, .adv_w = 816, .box_w = 46, .box_h = 51, .ofs_x = 3, .ofs_y = -1},
    {.bitmap_index = 2318, .adv_w = 276, .box_w = 10, .box_h = 20, .ofs_x = 4, .ofs_y = 29},
    {.bitmap_index = 2361, .adv_w = 400, .box_w = 18, .box_h = 64, .ofs_x = 4, .ofs_y = -11},
    {.bitmap_index = 2669, .adv_w = 400, .box_w = 18, .box_h = 64, .ofs_x = 3, .ofs_y = -11},
    {.bitmap_index = 2980, .adv_w = 456, .box_w = 25, .box_h = 26, .ofs_x = 2, .ofs_y = 23},
    {.bitmap_index = 3205, .adv_w = 712, .box_w = 34, .box_h = 37, .ofs_x = 5, .ofs_y = 0},
    {.bitmap_index = 3296, .adv_w = 336, .box_w = 10, .box_h = 22, .ofs_x = 5, .ofs_y = -12},
    {.bitmap_index = 3355, .adv_w = 373, .box_w = 19, .box_h = 8, .ofs_x = 2, .ofs_y = 15},
    {.bitmap_index = 3369, .adv_w = 336, .box_w = 9, .box_h = 10, .ofs_x = 6, .ofs_y = 0},
    {.bitmap_index = 3377, .adv_w = 334, .box_w = 21, .box_h = 56, .ofs_x = 0, .ofs_y = -3},
    {.bitmap_index = 3705, .adv_w = 644, .box_w = 34, .box_h = 51, .ofs_x = 3, .ofs_y = -1},
    {.bitmap_index = 4121, .adv_w = 645, .box_w = 32, .box_h = 49, .ofs_x = 6, .ofs_y = 0},
    {.bitmap_index = 4246, .adv_w = 645, .box_w = 35, .box_h = 50, .ofs_x = 3, .ofs_y = 0},
    {.bitmap_index = 4623, .adv_w = 645, .box_w = 35, .box_h = 51, .ofs_x = 3, .ofs_y = -1},
    {.bitmap_index = 5037, .adv_w = 646, .box_w = 36, .box_h = 50, .ofs_x = 2, .ofs_y = 0},
    {.bitmap_index = 5325, .adv_w = 644, .box_w = 34, .box_h = 49, .ofs_x = 3, .ofs_y = -1},
    {.bitmap_index = 5693, .adv_w = 645, .box_w = 35, .box_h = 51, .ofs_x = 3, .ofs_y = -1},
    {.bitmap_index = 6165, .adv_w = 645, .box_w = 35, .box_h = 49, .ofs_x = 3, .ofs_y = 0},
    {.bitmap_index = 6439, .adv_w = 645, .box_w = 35, .box_h = 50, .ofs_x = 3, .ofs_y = -1},
    {.bitmap_index = 6922, .adv_w = 644, .box_w = 35, .box_h = 51, .ofs_x = 2, .ofs_y = -1},
    {.bitmap_index = 7393, .adv_w = 376, .box_w = 10, .box_h = 38, .ofs_x = 7, .ofs_y = 0},
    {.bitmap_index = 7423, .adv_w = 376, .box_w = 11, .box_h = 50, .ofs_x = 6, .ofs_y = -12},
    {.bitmap_index = 7508, .adv_w = 712, .box_w = 35, .box_h = 37, .ofs_x = 4, .ofs_y = 0},
    {.bitmap_index = 7781, .adv_w = 712, .box_w = 34, .box_h = 22, .ofs_x = 5, .ofs_y = 7},
    {.bitmap_index = 7833, .adv_w = 712, .box_w = 34, .box_h = 37, .ofs_x = 6, .ofs_y = 0},
    {.bitmap_index = 8111, .adv_w = 687, .box_w = 34, .box_h = 49, .ofs_x = 4, .ofs_y = 0},
    {.bitmap_index = 8418, .adv_w = 1118, .box_w = 64, .box_h = 61, .ofs_x = 3, .ofs_y = -11},
    {.bitmap_index = 9354, .adv_w = 794, .box_w = 50, .box_h = 49, .ofs_x = 0, .ofs_y = -1},
    {.bitmap_index = 9843, .adv_w = 791, .box_w = 42, .box_h = 49, .ofs_x = 5, .ofs_y = 0},
    {.bitmap_index = 10153, .adv_w = 808, .box_w = 45, .box_h = 50, .ofs_x = 3, .ofs_y = -1},
    {.bitmap_index = 10632, .adv_w = 815, .box_w = 43, .box_h = 49, .ofs_x = 5, .ofs_y = 0},
    {.bitmap_index = 10947, .adv_w = 753, .box_w = 39, .box_h = 49, .ofs_x = 5, .ofs_y = 0},
    {.bitmap_index = 11062, .adv_w = 682, .box_w = 35, .box_h = 49, .ofs_x = 5, .ofs_y = 0},
    {.bitmap_index = 11155, .adv_w = 889, .box_w = 48, .box_h = 50, .ofs_x = 3, .ofs_y = -1},
    {.bitmap_index = 11652, .adv_w = 820, .box_w = 41, .box_h = 49, .ofs_x = 5, .ofs_y = 0},
    {.bitmap_index = 11764, .adv_w = 316, .box_w = 10, .box_h = 49, .ofs_x = 5, .ofs_y = 0},
    {.bitmap_index = 11792, .adv_w = 655, .box_w = 34, .box_h = 50, .ofs_x = 2, .ofs_y = -1},
    {.bitmap_index = 12000, .adv_w = 778, .box_w = 43, .box_h = 49, .ofs_x = 5, .ofs_y = 0},
    {.bitmap_index = 12367, .adv_w = 638, .box_w = 34, .box_h = 49, .ofs_x = 5, .ofs_y = 0},
    {.bitmap_index = 12452, .adv_w = 945, .box_w = 49, .box_h = 49, .ofs_x = 5, .ofs_y = 0},
    {.bitmap_index = 12918, .adv_w = 820, .box_w = 41, .box_h = 49, .ofs_x = 5, .ofs_y = 0},
    {.bitmap_index = 13180, .adv_w = 876, .box_w = 49, .box_h = 50, .ofs_x = 3, .ofs_y = -1},
    {.bitmap_index = 13722, .adv_w = 750, .box_w = 41, .box_h = 48, .ofs_x = 5, .ofs_y = 0},
    {.bitmap_index = 13955, .adv_w = 876, .box_w = 49, .box_h = 59, .ofs_x = 3, .ofs_y = -10},
    {.bitmap_index = 14562, .adv_w = 803, .box_w = 44, .box_h = 49, .ofs_x = 5, .ofs_y = 0},
    {.bitmap_index = 14876, .adv_w = 747, .box_w = 41, .box_h = 50, .ofs_x = 3, .ofs_y = -1},
    {.bitmap_index = 15375, .adv_w = 693, .box_w = 41, .box_h = 49, .ofs_x = 1, .ofs_y = 0},
    {.bitmap_index = 15481, .adv_w = 811, .box_w = 41, .box_h = 50, .ofs_x = 5, .ofs_y = -1},
    {.bitmap_index = 15741, .adv_w = 752, .box_w = 47, .box_h = 49, .ofs_x = 0, .ofs_y = 0},
    {.bitmap_index = 16247, .adv_w = 1068, .box_w = 67, .box_h = 49, .ofs_x = 0, .ofs_y = 0},
    {.bitmap_index = 17100, .adv_w = 768, .box_w = 48, .box_h = 49, .ofs_x = 0, .ofs_y = 0},
    {.bitmap_index = 17636, .adv_w = 758, .box_w = 47, .box_h = 49, .ofs_x = 0, .ofs_y = 0},
    {.bitmap_index = 17990, .adv_w = 710, .box_w = 40, .box_h = 49, .ofs_x = 2, .ofs_y = 0},
    {.bitmap_index = 18284, .adv_w = 380, .box_w = 16, .box_h = 64, .ofs_x = 7, .ofs_y = -11},
    {.bitmap_index = 18347, .adv_w = 334, .box_w = 21, .box_h = 56, .ofs_x = 0, .ofs_y = -3},
    {.bitmap_index = 18668, .adv_w = 380, .box_w = 16, .box_h = 64, .ofs_x = 1, .ofs_y = -11},
    {.bitmap_index = 18731, .adv_w = 712, .box_w = 30, .box_h = 28, .ofs_x = 7, .ofs_y = 21},
    {.bitmap_index = 18968, .adv_w = 568, .box_w = 36, .box_h = 6, .ofs_x = 0, .ofs_y = -11},
    {.bitmap_index = 18981, .adv_w = 234, .box_w = 15, .box_h = 10, .ofs_x = 0, .ofs_y = 42},
    {.bitmap_index = 19030, .adv_w = 623, .box_w = 37, .box_h = 39, .ofs_x = 2, .ofs_y = -1},
    {.bitmap_index = 19381, .adv_w = 663, .box_w = 35, .box_h = 52, .ofs_x = 4, .ofs_y = -1},
    {.bitmap_index = 19746, .adv_w = 613, .box_w = 34, .box_h = 39, .ofs_x = 2, .ofs_y = -1},
    {.bitmap_index = 20081, .adv_w = 663, .box_w = 35, .box_h = 52, .ofs_x = 2, .ofs_y = -1},
    {.bitmap_index = 20446, .adv_w = 628, .box_w = 35, .box_h = 39, .ofs_x = 2, .ofs_y = -1},
    {.bitmap_index = 20784, .adv_w = 344, .box_w = 22, .box_h = 53, .ofs_x = 0, .ofs_y = -1},
    {.bitmap_index = 20912, .adv_w = 662, .box_w = 40, .box_h = 56, .ofs_x = 1, .ofs_y = -13},
    {.bitmap_index = 21424, .adv_w = 654, .box_w = 33, .box_h = 52, .ofs_x = 4, .ofs_y = -1},
    {.bitmap_index = 21615, .adv_w = 282, .box_w = 10, .box_h = 52, .ofs_x = 4, .ofs_y = -1},
    {.bitmap_index = 21651, .adv_w = 280, .box_w = 17, .box_h = 64, .ofs_x = -3, .ofs_y = -13},
    {.bitmap_index = 21756, .adv_w = 608, .box_w = 34, .box_h = 52, .ofs_x = 4, .ofs_y = -1},
    {.bitmap_index = 22044, .adv_w = 282, .box_w = 10, .box_h = 52, .ofs_x = 4, .ofs_y = -1},
    {.bitmap_index = 22072, .adv_w = 964, .box_w = 52, .box_h = 38, .ofs_x = 4, .ofs_y = 0},
    {.bitmap_index = 22350, .adv_w = 654, .box_w = 33, .box_h = 38, .ofs_x = 4, .ofs_y = 0},
    {.bitmap_index = 22523, .adv_w = 670, .box_w = 38, .box_h = 39, .ofs_x = 2, .ofs_y = -1},
    {.bitmap_index = 22895, .adv_w = 663, .box_w = 35, .box_h = 51, .ofs_x = 4, .ofs_y = -12},
    {.bitmap_index = 23261, .adv_w = 663, .box_w = 35, .box_h = 51, .ofs_x = 2, .ofs_y = -12},
    {.bitmap_index = 23628, .adv_w = 405, .box_w = 21, .box_h = 38, .ofs_x = 4, .ofs_y = 0},
    {.bitmap_index = 23737, .adv_w = 606, .box_w = 34, .box_h = 39, .ofs_x = 2, .ofs_y = -1},
    {.bitmap_index = 24103, .adv_w = 352, .box_w = 21, .box_h = 49, .ofs_x = 0, .ofs_y = -1},
    {.bitmap_index = 24241, .adv_w = 653, .box_w = 33, .box_h = 38, .ofs_x = 4, .ofs_y = -1},
    {.bitmap_index = 24407, .adv_w = 592, .box_w = 37, .box_h = 37, .ofs_x = 0, .ofs_y = 0},
    {.bitmap_index = 24756, .adv_w = 849, .box_w = 53, .box_h = 37, .ofs_x = 0, .ofs_y = 0},
    {.bitmap_index = 25308, .adv_w = 612, .box_w = 38, .box_h = 38, .ofs_x = 0, .ofs_y = 0},
    {.bitmap_index = 25683, .adv_w = 592, .box_w = 37, .box_h = 51, .ofs_x = 0, .ofs_y = -13},
    {.bitmap_index = 26127, .adv_w = 570, .box_w = 33, .box_h = 38, .ofs_x = 1, .ofs_y = 0},
    {.bitmap_index = 26339, .adv_w = 441, .box_w = 21, .box_h = 64, .ofs_x = 3, .ofs_y = -12},
    {.bitmap_index = 26611, .adv_w = 274, .box_w = 7, .box_h = 65, .ofs_x = 5, .ofs_y = -14},
    {.bitmap_index = 26635, .adv_w = 441, .box_w = 22, .box_h = 64, .ofs_x = 3, .ofs_y = -12},
    {.bitmap_index = 26909, .adv_w = 712, .box_w = 36, .box_h = 14, .ofs_x = 4, .ofs_y = 14}
};

/*---------------------
 *  CHARACTER MAPPING
 *--------------------*/



/*Collect the unicode lists and glyph_id offsets*/
static const lv_font_fmt_txt_cmap_t cmaps[] =
{
    {
        .range_start = 32, .range_length = 95, .glyph_id_start = 1,
        .unicode_list = NULL, .glyph_id_ofs_list = NULL, .list_length = 0, .type = LV_FONT_FMT_TXT_CMAP_FORMAT0_TINY
    }
};

/*-----------------
 *    KERNING
 *----------------*/


/*Pair left and right glyphs for kerning*/
static const uint8_t kern_pair_glyph_ids[] =
{
    1, 58,
    3, 13,
    3, 15,
    3, 21,
    3, 34,
    3, 43,
    3, 68,
    3, 69,
    3, 70,
    3, 80,
    3, 82,
    8, 13,
    8, 15,
    8, 21,
    8, 34,
    8, 43,
    8, 68,
    8, 69,
    8, 70,
    8, 80,
    8, 82,
    14, 17,
    14, 18,
    14, 19,
    14, 20,
    14, 21,
    14, 22,
    14, 23,
    14, 25,
    14, 26,
    14, 55,
    14, 56,
    14, 57,
    14, 58,
    14, 89,
    16, 43,
    17, 14,
    18, 3,
    18, 8,
    18, 14,
    19, 14,
    20, 14,
    21, 14,
    22, 14,
    23, 14,
    24, 10,
    24, 13,
    24, 14,
    24, 15,
    24, 24,
    24, 62,
    24, 94,
    25, 14,
    26, 14,
    34, 3,
    34, 8,
    34, 11,
    34, 16,
    34, 32,
    34, 36,
    34, 40,
    34, 48,
    34, 50,
    34, 53,
    34, 54,
    34, 55,
    34, 56,
    34, 57,
    34, 58,
    34, 86,
    34, 87,
    34, 88,
    34, 89,
    34, 90,
    35, 55,
    35, 56,
    35, 57,
    35, 58,
    36, 53,
    36, 55,
    36, 56,
    36, 57,
    36, 58,
    37, 3,
    37, 8,
    37, 13,
    37, 15,
    37, 27,
    37, 28,
    37, 34,
    37, 53,
    37, 55,
    37, 56,
    37, 57,
    37, 58,
    37, 59,
    38, 43,
    39, 1,
    39, 13,
    39, 14,
    39, 15,
    39, 27,
    39, 28,
    39, 34,
    39, 43,
    39, 57,
    39, 58,
    39, 59,
    39, 66,
    39, 68,
    39, 69,
    39, 70,
    39, 80,
    39, 82,
    40, 55,
    40, 56,
    44, 1,
    44, 3,
    44, 8,
    44, 11,
    44, 14,
    44, 16,
    44, 34,
    44, 36,
    44, 40,
    44, 43,
    44, 48,
    44, 50,
    44, 53,
    44, 55,
    44, 56,
    44, 57,
    44, 58,
    44, 59,
    44, 66,
    44, 68,
    44, 69,
    44, 70,
    44, 80,
    44, 82,
    44, 86,
    44, 87,
    44, 88,
    44, 90,
    45, 3,
    45, 8,
    45, 11,
    45, 14,
    45, 16,
    45, 32,
    45, 36,
    45, 40,
    45, 43,
    45, 48,
    45, 50,
    45, 53,
    45, 54,
    45, 55,
    45, 56,
    45, 57,
    45, 58,
    45, 59,
    45, 87,
    45, 88,
    45, 89,
    45, 90,
    48, 3,
    48, 8,
    48, 13,
    48, 15,
    48, 27,
    48, 28,
    48, 34,
    48, 53,
    48, 55,
    48, 56,
    48, 57,
    48, 58,
    48, 59,
    49, 1,
    49, 13,
    49, 15,
    49, 34,
    49, 43,
    49, 53,
    49, 57,
    49, 58,
    49, 59,
    49, 66,
    49, 68,
    49, 69,
    49, 70,
    49, 80,
    49, 82,
    50, 3,
    50, 8,
    50, 13,
    50, 15,
    50, 27,
    50, 28,
    50, 34,
    50, 53,
    50, 55,
    50, 56,
    50, 57,
    50, 58,
    50, 59,
    51, 36,
    51, 40,
    51, 43,
    51, 48,
    51, 50,
    51, 53,
    51, 54,
    51, 55,
    51, 56,
    51, 57,
    51, 58,
    51, 66,
    51, 68,
    51, 69,
    51, 70,
    51, 80,
    51, 82,
    51, 86,
    51, 87,
    51, 88,
    51, 90,
    52, 58,
    53, 13,
    53, 15,
    53, 16,
    53, 27,
    53, 28,
    53, 34,
    53, 36,
    53, 40,
    53, 43,
    53, 48,
    53, 50,
    53, 57,
    53, 58,
    53, 59,
    53, 66,
    53, 68,
    53, 69,
    53, 70,
    53, 78,
    53, 79,
    53, 80,
    53, 81,
    53, 82,
    53, 83,
    53, 84,
    53, 85,
    53, 86,
    53, 87,
    53, 88,
    53, 89,
    53, 90,
    53, 91,
    54, 34,
    55, 13,
    55, 14,
    55, 15,
    55, 27,
    55, 28,
    55, 34,
    55, 36,
    55, 40,
    55, 43,
    55, 48,
    55, 50,
    55, 57,
    55, 58,
    55, 66,
    55, 68,
    55, 69,
    55, 70,
    55, 78,
    55, 79,
    55, 80,
    55, 81,
    55, 82,
    55, 83,
    55, 84,
    55, 86,
    55, 87,
    55, 88,
    55, 89,
    55, 90,
    55, 91,
    56, 13,
    56, 14,
    56, 15,
    56, 27,
    56, 28,
    56, 34,
    56, 36,
    56, 40,
    56, 43,
    56, 48,
    56, 50,
    56, 57,
    56, 58,
    56, 66,
    56, 68,
    56, 69,
    56, 70,
    56, 78,
    56, 79,
    56, 80,
    56, 81,
    56, 82,
    56, 83,
    56, 84,
    56, 86,
    56, 87,
    56, 88,
    56, 89,
    56, 90,
    56, 91,
    57, 14,
    57, 34,
    57, 36,
    57, 40,
    57, 48,
    57, 50,
    57, 53,
    57, 55,
    57, 56,
    57, 58,
    57, 59,
    57, 66,
    57, 68,
    57, 69,
    57, 70,
    57, 80,
    57, 82,
    57, 84,
    57, 85,
    57, 86,
    57, 87,
    57, 88,
    57, 89,
    57, 90,
    57, 91,
    58, 1,
    58, 13,
    58, 14,
    58, 15,
    58, 16,
    58, 27,
    58, 28,
    58, 34,
    58, 36,
    58, 40,
    58, 43,
    58, 48,
    58, 50,
    58, 52,
    58, 53,
    58, 55,
    58, 56,
    58, 57,
    58, 66,
    58, 68,
    58, 69,
    58, 70,
    58, 71,
    58, 72,
    58, 78,
    58, 79,
    58, 80,
    58, 81,
    58, 82,
    58, 83,
    58, 84,
    58, 85,
    58, 86,
    58, 87,
    58, 88,
    58, 89,
    58, 91,
    59, 14,
    59, 36,
    59, 40,
    59, 48,
    59, 50,
    59, 53,
    59, 57,
    61, 24,
    61, 34,
    61, 58,
    61, 62,
    67, 3,
    67, 8,
    67, 89,
    67, 91,
    70, 3,
    70, 8,
    70, 89,
    71, 3,
    71, 8,
    71, 10,
    71, 11,
    71, 13,
    71, 14,
    71, 15,
    71, 24,
    71, 27,
    71, 28,
    71, 32,
    71, 62,
    71, 66,
    71, 68,
    71, 69,
    71, 70,
    71, 80,
    71, 82,
    71, 94,
    76, 1,
    76, 14,
    76, 66,
    76, 68,
    76, 69,
    76, 70,
    76, 80,
    76, 82,
    76, 84,
    76, 87,
    76, 88,
    76, 89,
    76, 90,
    76, 91,
    80, 3,
    80, 8,
    80, 89,
    80, 91,
    81, 3,
    81, 8,
    81, 89,
    81, 91,
    83, 1,
    83, 13,
    83, 15,
    83, 66,
    83, 68,
    83, 69,
    83, 70,
    83, 80,
    83, 82,
    84, 89,
    85, 10,
    87, 13,
    87, 15,
    87, 27,
    87, 28,
    87, 66,
    88, 13,
    88, 15,
    88, 27,
    88, 28,
    88, 66,
    89, 14,
    89, 66,
    89, 68,
    89, 69,
    89, 70,
    89, 80,
    89, 82,
    90, 13,
    90, 15,
    90, 27,
    90, 28,
    90, 66,
    91, 66,
    91, 68,
    91, 69,
    91, 70,
    91, 80,
    91, 82
};

/* Kerning between the respective left and right glyphs
 * 4.4 format which needs to scaled with `kern_scale`*/
static const int8_t kern_pair_values[] =
{
    -30, -30, -30, -6, -60, -60, -6, -6,
    -6, -6, -6, -30, -30, -6, -60, -60,
    -6, -6, -6, -6, -6, 24, 24, 24,
    24, 24, 24, 24, 18, 12, -30, -30,
    -30, -84, -18, -12, 24, -6, -6, 24,
    6, 24, 24, 24, 12, -6, -72, -24,
    -72, -6, -6, -6, 18, 24, -60, -60,
    -48, 18, -18, -9, -9, -9, -9, -51,
    -9, -21, -21, -15, -48, -6, -12, -12,
    -6, -15, -6, -6, -6, -9, -12, -3,
    -3, -6, -6, -6, -6, -18, -18, -6,
    -6, -9, -15, -9, -9, -9, -9, -6,
    -12, -18, -36, -12, -36, -6, -6, -33,
    -48, -18, -18, -24, -18, -18, -18, -18,
    -18, -18, -3, -3, -30, -12, -12, -18,
    -42, 18, -30, -33, -33, -24, -33, -33,
    -18, -42, -42, -12, -42, -6, -24, -24,
    -24, -24, -24, -24, -24, -36, -36, -36,
    -60, -60, -54, -48, 18, -30, -18, -18,
    -12, -18, -18, -54, -21, -54, -54, -102,
    -75, -12, -24, -24, -12, -24, -6, -6,
    -18, -18, -6, -6, -9, -15, -9, -9,
    -9, -9, -6, -30, -54, -54, -30, -42,
    -12, -18, -12, -18, -6, -6, -6, -6,
    -6, -6, -6, -6, -18, -18, -6, -6,
    -9, -15, -9, -9, -9, -9, -6, -3,
    -3, -18, -3, -3, -12, -6, -6, -6,
    -12, -12, -6, -6, -6, -6, -6, -6,
    -6, -6, -6, -6, -24, -30, -30, -24,
    -12, -12, -51, -15, -15, -66, -15, -15,
    -12, -12, -12, -48, -48, -48, -48, -42,
    -42, -48, -42, -48, -42, -48, -24, -42,
    -18, -18, -18, -18, -18, -9, -90, -30,
    -90, -6, -6, -21, -9, -9, -54, -9,
    -9, -12, -12, -30, -30, -30, -30, -12,
    -12, -30, -12, -30, -12, -24, -24, -12,
    -12, -18, -12, -18, -90, -30, -90, -6,
    -6, -21, -9, -9, -54, -9, -9, -12,
    -12, -30, -30, -30, -30, -12, -12, -30,
    -12, -30, -12, -24, -24, -12, -12, -18,
    -12, -18, -30, -15, -9, -9, -9, -9,
    -12, -12, -12, -18, -12, -9, -9, -9,
    -9, -9, -9, -9, -24, -12, -24, -24,
    -24, -24, -12, -30, -119, -84, -119, -24,
    -30, -30, -48, -9, -9, -78, -9, -9,
    -24, -12, -12, -12, -18, -60, -60, -60,
    -60, -36, -54, -36, -36, -60, -36, -60,
    -36, -54, -24, -42, -30, -30, -36, -39,
    -54, -6, -6, -6, -6, -12, -12, -12,
    12, -24, -12, -6, -6, -15, -12, -6,
    -6, -3, 6, 6, 18, 6, -24, -6,
    -24, 18, -6, -6, 12, 18, -3, -3,
    -3, -3, -3, -3, 18, -18, -30, -15,
    -21, -21, -21, -21, -21, -18, -12, -12,
    -24, -12, -12, -6, -6, -15, -12, -6,
    -6, -15, -12, -12, -66, -66, -6, -6,
    -6, -6, -6, -6, -12, 3, -72, -72,
    -6, -6, -3, -72, -72, -6, -6, -3,
    -18, -15, -15, -15, -15, -15, -15, -72,
    -72, -6, -6, -3, -12, -12, -12, -12,
    -12, -12
};

/*Collect the kern pair's data in one place*/
static const lv_font_fmt_txt_kern_pair_t kern_pairs =
{
    .glyph_ids = kern_pair_glyph_ids,
    .values = kern_pair_values,
    .pair_cnt = 482,
    .glyph_ids_size = 0
};

/*--------------------
 *  ALL CUSTOM DATA
 *--------------------*/

#if LVGL_VERSION_MAJOR == 8
/*Store all the custom data of the font*/
static  lv_font_fmt_txt_glyph_cache_t cache;
#endif

#if LVGL_VERSION_MAJOR >= 8
static const lv_font_fmt_txt_dsc_t font_dsc = {
#else
static lv_font_fmt_txt_dsc_t font_dsc = {
#endif
    .glyph_bitmap = glyph_bitmap,
    .glyph_dsc = glyph_dsc,
    .cmaps = cmaps,
    .kern_dsc = &kern_pairs,
    .kern_scale = 30,
    .cmap_num = 1,
    .bpp = 4,
    .kern_classes = 0,
    .bitmap_format = 1,
#if LVGL_VERSION_MAJOR == 8
    .cache = &cache
#endif
};



/*-----------------
 *  PUBLIC FONT
 *----------------*/

/*Initialize a public general font descriptor*/
#if LVGL_VERSION_MAJOR >= 8
const lv_font_t ui_font_archivo_800_70 = {
#else
lv_font_t ui_font_archivo_800_70 = {
#endif
    .get_glyph_dsc = lv_font_get_glyph_dsc_fmt_txt,    /*Function pointer to get glyph's data*/
    .get_glyph_bitmap = lv_font_get_bitmap_fmt_txt,    /*Function pointer to get glyph's bitmap*/
    .line_height = 67,          /*The maximum line height required by the font*/
    .base_line = 14,             /*Baseline measured from the bottom of the line*/
#if !(LVGL_VERSION_MAJOR == 6 && LVGL_VERSION_MINOR == 0)
    .subpx = LV_FONT_SUBPX_NONE,
#endif
#if LV_VERSION_CHECK(7, 4, 0) || LVGL_VERSION_MAJOR >= 8
    .underline_position = -10,
    .underline_thickness = 3,
#endif
    .dsc = &font_dsc,          /*The custom font data. Will be accessed by `get_glyph_bitmap/dsc` */
#if LV_VERSION_CHECK(8, 2, 0) || LVGL_VERSION_MAJOR >= 9
    .fallback = NULL,
#endif
    .user_data = NULL,
};



#endif /*#if UI_FONT_ARCHIVO_800_70*/

